-- phpMyAdmin SQL Dump
-- version 5.1.1
-- https://www.phpmyadmin.net/
--
-- 主機： localhost
-- 產生時間： 2021 年 10 月 08 日 14:28
-- 伺服器版本： 10.4.19-MariaDB
-- PHP 版本： 8.0.7

SET SQL_MODE = "NO_AUTO_VALUE_ON_ZERO";
START TRANSACTION;
SET time_zone = "+00:00";


/*!40101 SET @OLD_CHARACTER_SET_CLIENT=@@CHARACTER_SET_CLIENT */;
/*!40101 SET @OLD_CHARACTER_SET_RESULTS=@@CHARACTER_SET_RESULTS */;
/*!40101 SET @OLD_COLLATION_CONNECTION=@@COLLATION_CONNECTION */;
/*!40101 SET NAMES utf8mb4 */;

--
-- 資料庫: `melees`
--

-- --------------------------------------------------------

--
-- 資料表結構 `box`
--

CREATE TABLE `box` (
  `id` int(3) UNSIGNED NOT NULL,
  `name` varchar(50) NOT NULL,
  `image` varchar(50) NOT NULL,
  `inside_image` varchar(50) NOT NULL,
  `cal` int(5) UNSIGNED NOT NULL,
  `product_id` int(5) UNSIGNED DEFAULT NULL,
  `feature_id` int(5) UNSIGNED DEFAULT NULL,
  `valid` varchar(1) NOT NULL DEFAULT '1'
) ENGINE=InnoDB DEFAULT CHARSET=utf8mb4;

--
-- 傾印資料表的資料 `box`
--

INSERT INTO `box` (`id`, `name`, `image`, `inside_image`, `cal`, `product_id`, `feature_id`, `valid`) VALUES
(1, '牛排', 'steak.png', 'steak2.png', 120, 2, 5, '1'),
(2, '雞胸肉', 'chicken.png', 'chicken2.png', 165, 12, 15, '1'),
(3, '豬肉', 'pork.png', 'pork2.png', 242, 4, 57, '1'),
(4, '白蝦', 'shrimp.png', 'shrimp2.png', 103, 17, 59, '1'),
(5, '白飯', 'rice.png', 'rice2.png', 280, 10, 8, '1'),
(6, '水煮蛋', 'egg.png', 'egg2.png', 80, 15, 46, '1'),
(7, '香菇', 'mushroom.png', 'mushroom2.png', 20, 19, 22, '1'),
(8, '生菜', 'lettuce.png', 'lettuce2.png', 17, 16, 12, '1'),
(9, '花椰菜', 'broccoli.png', 'broccoli2.png', 25, 35, 41, '1'),
(10, '高麗菜', 'cabbage.png', 'cabbage2.png', 25, 28, 7, '1'),
(11, '豆腐', 'tofu.png', 'tofu2.png', 76, 20, 32, '1'),
(12, '鮭魚', 'salmon.png', 'salmon2.png', 208, 32, 2, '1'),
(13, '炒飯', 'friedrice.png', 'friedrice2.png', 163, 14, 36, '1'),
(14, '玉米筍', 'corn.png', 'corn2.png', 31, 33, 16, '1'),
(15, '義大利麵', 'pasta.png', 'pasta2.png', 371, 31, 1, '1'),
(16, '義大利麵(直麵)', 'spaghetti.png', 'spaghetti2.png', 158, 18, 62, '1');

-- --------------------------------------------------------

--
-- 資料表結構 `box_save_detail`
--

CREATE TABLE `box_save_detail` (
  `id` int(5) UNSIGNED NOT NULL,
  `save_id` int(5) NOT NULL,
  `box_id` int(3) NOT NULL
) ENGINE=InnoDB DEFAULT CHARSET=utf8mb4;

--
-- 傾印資料表的資料 `box_save_detail`
--

INSERT INTO `box_save_detail` (`id`, `save_id`, `box_id`) VALUES
(1, 1, 5),
(2, 1, 1),
(3, 1, 9),
(4, 1, 14),
(5, 2, 15),
(6, 2, 9),
(7, 2, 12),
(8, 2, 11),
(9, 3, 5),
(10, 3, 7),
(11, 3, 6),
(12, 3, 4),
(13, 3, 3),
(14, 4, 8),
(15, 4, 6),
(16, 4, 7),
(17, 4, 12),
(18, 4, 14),
(19, 5, 16),
(20, 5, 6),
(21, 5, 3),
(22, 5, 2),
(23, 5, 1),
(24, 6, 13),
(25, 6, 6),
(26, 6, 4),
(27, 6, 3),
(28, 7, 13),
(29, 7, 6),
(30, 7, 4),
(31, 7, 3),
(32, 8, 7),
(33, 8, 6),
(34, 8, 4),
(35, 9, 8),
(36, 9, 12),
(37, 9, 11),
(38, 9, 10),
(39, 9, 9),
(40, 10, 5),
(41, 10, 12),
(42, 10, 14),
(43, 10, 9),
(44, 10, 10),
(45, 11, 13),
(46, 11, 4),
(47, 11, 2),
(48, 11, 6),
(49, 11, 7),
(50, 12, 8),
(51, 12, 1),
(52, 12, 10),
(53, 12, 9),
(54, 12, 7),
(61, 15, 8),
(62, 16, 8),
(63, 17, 13),
(64, 18, 5),
(65, 19, 8),
(66, 20, 13),
(67, 20, 3),
(68, 20, 2),
(69, 20, 1),
(70, 20, 4),
(71, 21, 8),
(72, 21, 6),
(73, 21, 14),
(74, 21, 12),
(75, 21, 11),
(83, 27, 3),
(84, 27, 2),
(85, 27, 1),
(86, 28, 5);

-- --------------------------------------------------------

--
-- 資料表結構 `box_save_main`
--

CREATE TABLE `box_save_main` (
  `id` int(5) UNSIGNED NOT NULL,
  `member_id` int(5) UNSIGNED NOT NULL,
  `name` varchar(50) NOT NULL,
  `cal` int(5) UNSIGNED NOT NULL,
  `create_date` date NOT NULL
) ENGINE=InnoDB DEFAULT CHARSET=utf8mb4;

--
-- 傾印資料表的資料 `box_save_main`
--

INSERT INTO `box_save_main` (`id`, `member_id`, `name`, `cal`, `create_date`) VALUES
(1, 1, '17:10', 456, '2021-10-02'),
(2, 1, '1711', 472, '2021-10-02'),
(3, 1, '1712', 725, '2021-10-02'),
(4, 2, 'test', 356, '2021-10-02'),
(5, 1, 'test', 765, '2021-10-02'),
(6, 2, '16:05', 588, '2021-10-03'),
(7, 3, '16:06', 588, '2021-10-03'),
(8, 3, 'test', 203, '2021-10-03'),
(9, 5, '10/03', 351, '2021-10-03'),
(10, 5, '10/03', 569, '2021-10-03'),
(11, 4, '16:08', 531, '2021-10-03'),
(12, 1, '9 26', 207, '2021-10-04'),
(15, 2, '123', 17, '2021-10-05'),
(16, 2, 'test', 17, '2021-10-05'),
(17, 2, 'Ruby', 163, '2021-10-05'),
(18, 2, '123', 280, '2021-10-05'),
(19, 2, '123', 17, '2021-10-05'),
(20, 2, '10/05', 793, '2021-10-05'),
(21, 3, '112333', 412, '2021-10-05'),
(27, 1, '2222', 527, '2021-10-07'),
(28, 1, '123', 280, '2021-10-07');

-- --------------------------------------------------------

--
-- 資料表結構 `codes`
--

CREATE TABLE `codes` (
  `id` int(5) UNSIGNED NOT NULL,
  `member_id` int(5) UNSIGNED NOT NULL,
  `token` varchar(1000) COLLATE utf8mb4_unicode_ci NOT NULL,
  `create_time` varchar(1000) COLLATE utf8mb4_unicode_ci NOT NULL
) ENGINE=InnoDB DEFAULT CHARSET=utf8mb4 COLLATE=utf8mb4_unicode_ci;

--
-- 傾印資料表的資料 `codes`
--

INSERT INTO `codes` (`id`, `member_id`, `token`, `create_time`) VALUES
(1, 1, 'a889cadd-d5cf-45f1-8ebc-c5aaecc9f5fc', '2021-10-03T12:30:11'),
(2, 1, 'cf7cbc8e-3da8-44f3-93f2-69e0dcd2ac96', '2021-10-07T12:27:58'),
(3, 1, '68b4121e-7b85-43aa-9951-8133a534ed83', '2021-10-07T12:30:04'),
(4, 1, '03d8241b-af73-4937-95a3-651e142bea51', '2021-10-07T13:32:29');

-- --------------------------------------------------------

--
-- 資料表結構 `feature_img`
--

CREATE TABLE `feature_img` (
  `id` int(10) UNSIGNED NOT NULL,
  `feature_id` int(10) UNSIGNED NOT NULL,
  `file_type` varchar(3000) CHARACTER SET utf8mb4 COLLATE utf8mb4_unicode_ci NOT NULL,
  `week_id` int(10) UNSIGNED DEFAULT NULL
) ENGINE=InnoDB DEFAULT CHARSET=utf8mb4;

--
-- 傾印資料表的資料 `feature_img`
--

INSERT INTO `feature_img` (`id`, `feature_id`, `file_type`, `week_id`) VALUES
(1, 1, 'type1-1.jpg', 2),
(2, 1, 'type1-2.jpg', 2),
(3, 2, 'type2-1.jpg', 7),
(4, 2, 'type2-2.jpg', 7),
(5, 3, 'type3-1.jpg', 5),
(6, 4, 'type4-1.jpg', 3),
(7, 4, 'type4-2.jpg', 3),
(8, 5, 'type5-1.jpg', NULL),
(9, 5, 'type5-2.jpg', NULL),
(10, 5, 'type5-3.jpg', NULL),
(11, 5, 'type5-4.jpg', NULL),
(12, 6, 'type6-1.jpg', 1),
(13, 6, 'type6-2.jpg', 1),
(14, 6, 'type6-3.jpg', 1),
(15, 7, 'type7-1.jpg', 8),
(16, 7, 'type7-2.jpg', 8),
(17, 8, 'type8-1.jpg', 3),
(18, 8, 'type8-2.jpg', 3),
(19, 8, 'type8-3.jpg', 3),
(20, 9, 'type9-1.jpg', 4),
(21, 9, 'type9-2.jpg', 4),
(22, 9, 'type9-3.jpg', 4),
(23, 10, 'type10-1.jpg', 1),
(24, 11, 'type11-1.jpg', 8),
(25, 11, 'type11-2.jpg', 8),
(26, 12, 'type12-1.jpg', 4),
(27, 13, 'type13-1.jpg', 1),
(28, 13, 'type13-2.jpg', 1),
(29, 14, 'type14-1.jpg', 5),
(30, 15, 'type15-1.jpg', 5),
(31, 16, 'type16-1.jpg', 5),
(32, 17, 'type17-1.jpg', 7),
(33, 18, 'type18-1.jpg', 9),
(34, 18, 'type18-2.jpg', 9),
(35, 19, 'type19-1.jpg', 9),
(36, 19, 'type19-2.jpg', 9),
(37, 19, 'type19-3.jpg', 9),
(38, 19, 'type19-4.jpg', 9),
(39, 20, 'type20-1.jpg', 3),
(40, 20, 'type20-2.jpg', 3),
(41, 21, 'type21-1.jpg', 3),
(42, 21, 'type21-2.jpg', 3),
(43, 21, 'type21-3.jpg', 3),
(44, 22, 'type22-1.jpg', 1),
(45, 22, 'type22-2.jpg', 1),
(46, 22, 'type22-3.jpg', 1),
(47, 23, 'type23-1.jpg', 10),
(48, 23, 'type23-2.jpg', 10),
(49, 23, 'type23-3.jpg', 10),
(50, 24, 'type24-1.jpg', NULL),
(51, 24, 'type24-2.jpg', NULL),
(52, 25, 'type25-1.jpg', 7),
(53, 25, 'type25-2.jpg', 7),
(54, 26, 'type26-1.jpg', 3),
(55, 26, 'type26-2.jpg', 3),
(56, 27, 'type27-1.jpg', 4),
(57, 27, 'type27-2.jpg', 4),
(58, 27, 'type27-3.jpg', 4),
(59, 28, 'type28-1.jpg', NULL),
(60, 28, 'type28-2.jpg', NULL),
(61, 28, 'type28-3.jpg', NULL),
(62, 29, 'type29-1.jpg', 5),
(63, 29, 'type29-2.jpg', 5),
(64, 30, 'type30-1.jpg', NULL),
(65, 30, 'type30-2.jpg', NULL),
(66, 31, 'type31-1.jpg', 8),
(67, 32, 'type32-1.jpg', NULL),
(68, 32, 'type32-2.jpg', NULL),
(69, 33, 'type33-1.jpg', NULL),
(70, 33, 'type33-2.jpg', NULL),
(71, 33, 'type33-3.jpg', NULL),
(72, 34, 'type34-1.jpg', NULL),
(73, 34, 'type34-2.jpg', NULL),
(74, 35, 'type35-1.jpg', 2),
(75, 36, 'type36-1.jpg', 5),
(76, 36, 'type36-2.jpg', 5),
(77, 36, 'type36-3.jpg', 5),
(78, 36, 'type36-4.jpg', 5),
(79, 36, 'type36-5.jpg', 5),
(80, 36, 'type36-6.jpg', 5),
(81, 36, 'type36-7.jpg', 5),
(82, 36, 'type36-8.jpg', 5),
(83, 36, 'type36-9.jpg', 5),
(84, 36, 'type36-10.jpg', 5),
(85, 37, 'type37-1.jpg', 4),
(86, 37, 'type37-2.jpg', 4),
(87, 37, 'type37-3.jpg', 4),
(88, 37, 'type37-4.jpg', 4),
(89, 37, 'type37-5.jpg', 4),
(90, 37, 'type37-6.jpg', 4),
(91, 37, 'type37-7.jpg', 4),
(92, 37, 'type37-8.jpg', 4),
(93, 37, 'type37-9.jpg', 4),
(94, 37, 'type37-10.jpg', 4),
(95, 38, 'type38-1.jpg', 9),
(96, 38, 'type38-2.jpg', 9),
(97, 38, 'type38-3.jpg', 9),
(98, 38, 'type38-4.jpg', 9),
(99, 38, 'type38-5.jpg', 9),
(100, 38, 'type38-6.jpg', 9),
(101, 38, 'type38-7.jpg', 9),
(102, 38, 'type38-8.jpg', 9),
(103, 38, 'type38-9.jpg', 9),
(104, 38, 'type38-10.jpg', 9),
(105, 39, 'type39-1.jpg', 7),
(106, 39, 'type39-2.jpg', 7),
(107, 40, 'type40-1.jpg', NULL),
(108, 40, 'type40-2.jpg', NULL),
(109, 40, 'type40-3.jpg', NULL),
(110, 40, 'type40-4.jpg', NULL),
(111, 40, 'type40-5.jpg', NULL),
(112, 40, 'type40-6.jpg', NULL),
(113, 40, 'type40-7.jpg', NULL),
(114, 41, 'type41-1.jpg', 6),
(115, 41, 'type41-2.jpg', 6),
(116, 41, 'type41-3.jpg', 6),
(117, 41, 'type41-4.jpg', 6),
(118, 41, 'type41-5.jpg', 6),
(119, 41, 'type41-6.jpg', 6),
(120, 41, 'type41-7.jpg', 6),
(121, 41, 'type41-8.jpg', 6),
(122, 41, 'type41-9.jpg', 6),
(123, 41, 'type41-10.jpg', 6),
(124, 42, 'type42-1.jpg', 4),
(125, 42, 'type42-2.jpg', 4),
(126, 42, 'type42-3.jpg', 4),
(127, 42, 'type42-4.jpg', 4),
(128, 42, 'type42-5.jpg', 4),
(129, 42, 'type42-6.jpg', 4),
(130, 42, 'type42-7.jpg', 4),
(131, 42, 'type42-8.jpg', 4),
(132, 42, 'type42-9.jpg', 4),
(133, 43, 'type43-1.jpg', 6),
(134, 43, 'type43-2.jpg', 6),
(135, 43, 'type43-3.jpg', 6),
(136, 43, 'type43-4.jpg', 6),
(137, 43, 'type43-5.jpg', 6),
(138, 43, 'type43-6.jpg', 6),
(139, 43, 'type43-7.jpg', 6),
(140, 43, 'type43-8.jpg', 6),
(141, 43, 'type43-9.jpg', 6),
(142, 43, 'type43-10.jpg', 6),
(143, 44, 'type44-1.jpg', 6),
(144, 44, 'type44-2.jpg', 6),
(145, 44, 'type44-3.jpg', 6),
(146, 44, 'type44-4.jpg', 6),
(147, 44, 'type44-5.jpg', 6),
(148, 44, 'type44-6.jpg', 6),
(149, 44, 'type44-7.jpg', 6),
(150, 44, 'type44-8.jpg', 6),
(151, 44, 'type44-9.jpg', 6),
(152, 45, 'type45-1.jpg', 2),
(153, 45, 'type45-2.jpg', 2),
(154, 45, 'type45-3.jpg', 2),
(155, 45, 'type45-4.jpg', 2),
(156, 45, 'type45-5.jpg', 2),
(157, 45, 'type45-6.jpg', 2),
(158, 45, 'type45-7.jpg', 2),
(159, 45, 'type45-8.jpg', 2),
(160, 45, 'type45-9.jpg', 2),
(161, 46, 'type46-1.jpg', NULL),
(162, 46, 'type46-2.jpg', NULL),
(163, 46, 'type46-3.jpg', NULL),
(164, 46, 'type46-4.jpg', NULL),
(165, 46, 'type46-5.jpg', NULL),
(166, 46, 'type46-6.jpg', NULL),
(167, 46, 'type46-7.jpg', NULL),
(168, 46, 'type46-8.jpg', NULL),
(169, 46, 'type46-9.jpg', NULL),
(170, 47, 'type47-1.jpg', 10),
(171, 47, 'type47-2.jpg', 10),
(172, 47, 'type47-3.jpg', 10),
(173, 47, 'type47-4.jpg', 10),
(174, 47, 'type47-5.jpg', 10),
(175, 47, 'type47-6.jpg', 10),
(176, 47, 'type47-7.jpg', 10),
(177, 47, 'type47-8.jpg', 10),
(178, 47, 'type47-9.jpg', 10),
(179, 47, 'type47-10.jpg', 10),
(180, 48, 'type48-1.jpg', NULL),
(181, 48, 'type48-2.jpg', NULL),
(182, 49, 'type49-1.jpg', NULL),
(183, 49, 'type49-2.jpg', NULL),
(184, 49, 'type49-3.jpg', NULL),
(185, 49, 'type49-4.jpg', NULL),
(186, 49, 'type49-5.jpg', NULL),
(187, 49, 'type49-6.jpg', NULL),
(188, 49, 'type49-7.jpg', NULL),
(189, 50, 'type50-1.jpg', 10),
(190, 50, 'type50-2.jpg', 10),
(191, 51, 'type51-1.jpg', 1),
(192, 51, 'type51-2.jpg', 1),
(193, 51, 'type51-3.jpg', 1),
(194, 52, 'type52-1.jpg', 2),
(195, 52, 'type52-2.jpg', 2),
(196, 52, 'type52-3.jpg', 2),
(197, 52, 'type52-4.jpg', 2),
(198, 53, 'type53-1.jpg', 2),
(199, 53, 'type53-2.jpg', 2),
(200, 53, 'type53-3.jpg', 2),
(201, 53, 'type53-4.jpg', 2),
(202, 54, 'type54-1.jpg', 10),
(203, 54, 'type54-2.jpg', 10),
(204, 54, 'type54-3.jpg', 10),
(205, 54, 'type54-4.jpg', 10),
(206, 55, 'type55-1.jpg', 9),
(207, 55, 'type55-2.jpg', 9),
(208, 56, 'type56-1.jpg', 10),
(209, 56, 'type56-2.jpg', 10),
(210, 56, 'type56-3.jpg', 10),
(211, 57, 'type57-1.jpg', 5),
(212, 58, 'type58-1.jpg', 5),
(213, 59, 'type59-1.jpg', 6),
(214, 59, 'type59-2.jpg', 6),
(215, 60, 'type60-1.jpg', 6),
(216, 60, 'type60-2.jpg', 6),
(217, 61, 'type61-1.jpg', 7),
(218, 62, 'type62-1.jpg', 7),
(219, 62, 'type62-2.jpg', 7),
(220, 62, 'type62-3.jpg', 7),
(221, 63, 'type63-1.jpg', 8),
(222, 63, 'type63-2.jpg', 8),
(223, 64, 'type64-1.jpg', 8),
(224, 64, 'type64-2.jpg', 8),
(225, 65, 'type65-1.jpg', 9),
(226, 66, 'type65-2.jpg', NULL);

-- --------------------------------------------------------

--
-- 資料表結構 `feature_like`
--

CREATE TABLE `feature_like` (
  `id` int(10) UNSIGNED NOT NULL,
  `feature_id` int(10) UNSIGNED NOT NULL,
  `member_id` int(10) UNSIGNED NOT NULL
) ENGINE=InnoDB DEFAULT CHARSET=utf8mb4;

--
-- 傾印資料表的資料 `feature_like`
--

INSERT INTO `feature_like` (`id`, `feature_id`, `member_id`) VALUES
(1, 58, 1),
(2, 28, 1),
(3, 50, 1),
(4, 64, 1),
(5, 26, 1),
(6, 32, 1),
(7, 62, 1),
(8, 30, 1),
(9, 8, 1),
(10, 59, 1),
(11, 46, 1),
(12, 37, 1),
(13, 57, 1),
(14, 42, 1),
(15, 2, 1),
(16, 17, 1),
(17, 21, 1),
(18, 40, 1),
(19, 19, 1),
(20, 47, 1),
(21, 22, 2),
(22, 3, 2),
(23, 6, 2),
(24, 15, 2),
(25, 21, 2),
(26, 28, 2),
(27, 8, 2),
(28, 31, 2),
(29, 11, 2),
(30, 30, 2),
(31, 10, 2),
(32, 58, 2),
(33, 32, 2),
(34, 54, 2),
(35, 60, 2),
(36, 49, 2),
(37, 7, 2),
(38, 9, 2),
(39, 27, 2),
(40, 56, 2),
(41, 21, 3),
(42, 2, 3),
(43, 52, 3),
(44, 12, 3),
(45, 38, 3),
(46, 24, 3),
(47, 60, 3),
(48, 41, 3),
(49, 64, 3),
(50, 23, 3),
(51, 50, 3),
(52, 30, 3),
(53, 54, 3),
(54, 55, 3),
(55, 7, 3),
(56, 40, 3),
(57, 9, 3),
(58, 58, 3),
(59, 10, 3),
(60, 33, 3),
(61, 1, 4),
(62, 21, 4),
(63, 24, 4),
(64, 55, 4),
(65, 32, 4),
(66, 54, 4),
(67, 61, 4),
(68, 59, 4),
(69, 6, 4),
(70, 41, 4),
(71, 9, 4),
(72, 53, 4),
(73, 64, 4),
(74, 43, 4),
(75, 65, 4),
(76, 11, 4),
(77, 10, 4),
(78, 14, 4),
(79, 23, 4),
(80, 45, 4),
(81, 17, 5),
(82, 48, 5),
(83, 65, 5),
(84, 29, 5),
(85, 27, 5),
(86, 20, 5),
(87, 42, 5),
(88, 57, 5),
(89, 31, 5),
(90, 38, 5),
(91, 41, 5),
(92, 47, 5),
(93, 40, 5),
(94, 10, 5),
(95, 8, 5),
(96, 21, 5),
(97, 60, 5),
(98, 25, 5),
(99, 4, 5),
(100, 5, 5),
(101, 1, 6),
(102, 31, 6),
(103, 46, 6),
(104, 32, 6),
(105, 38, 6),
(106, 56, 6),
(107, 19, 6),
(108, 8, 6),
(109, 17, 6),
(110, 41, 6),
(111, 53, 6),
(112, 34, 6),
(113, 45, 6),
(114, 23, 6),
(115, 11, 6),
(116, 58, 6),
(117, 61, 6),
(118, 13, 6),
(119, 22, 6),
(120, 60, 6),
(121, 50, 7),
(122, 11, 7),
(123, 7, 7),
(124, 25, 7),
(125, 28, 7),
(126, 52, 7),
(127, 43, 7),
(128, 10, 7),
(129, 45, 7),
(130, 42, 7),
(131, 16, 7),
(132, 5, 7),
(133, 31, 7),
(134, 3, 7),
(135, 29, 7),
(136, 19, 7),
(137, 33, 7),
(138, 24, 7),
(139, 2, 7),
(140, 55, 7),
(141, 31, 8),
(142, 26, 8),
(143, 14, 8),
(144, 19, 8),
(145, 54, 8),
(146, 35, 8),
(147, 47, 8),
(148, 39, 8),
(149, 4, 8),
(150, 46, 8),
(151, 56, 8),
(152, 10, 8),
(153, 44, 8),
(154, 36, 8),
(155, 42, 8),
(156, 63, 8),
(157, 51, 8),
(158, 38, 8),
(159, 59, 8),
(160, 55, 8),
(161, 37, 9),
(162, 14, 9),
(163, 65, 9),
(164, 52, 9),
(165, 27, 9),
(166, 55, 9),
(167, 50, 9),
(168, 56, 9),
(169, 48, 9),
(170, 31, 9),
(171, 64, 9),
(172, 11, 9),
(173, 45, 9),
(174, 40, 9),
(175, 33, 9),
(176, 34, 9),
(177, 20, 9),
(178, 28, 9),
(179, 8, 9),
(180, 36, 9),
(181, 9, 10),
(182, 35, 10),
(183, 6, 10),
(184, 4, 10),
(185, 54, 10),
(186, 12, 10),
(187, 38, 10),
(188, 18, 10),
(189, 57, 10),
(190, 10, 10),
(191, 19, 10),
(192, 46, 10),
(193, 2, 10),
(194, 15, 10),
(195, 28, 10),
(196, 11, 10),
(197, 23, 10),
(198, 7, 10),
(199, 1, 10),
(200, 29, 10),
(201, 30, 11),
(202, 12, 11),
(203, 49, 11),
(204, 64, 11),
(205, 44, 11),
(206, 36, 11),
(207, 32, 11),
(208, 65, 11),
(209, 19, 11),
(210, 34, 11),
(211, 33, 11),
(212, 5, 11),
(213, 43, 11),
(214, 38, 11),
(215, 40, 11),
(216, 26, 11),
(217, 3, 11),
(218, 22, 11),
(219, 57, 11),
(220, 10, 11),
(221, 48, 12),
(222, 11, 12),
(223, 36, 12),
(224, 14, 12),
(225, 47, 12),
(226, 2, 12),
(227, 32, 12),
(228, 25, 12),
(229, 27, 12),
(230, 49, 12),
(231, 59, 12),
(232, 57, 12),
(233, 35, 12),
(234, 29, 12),
(235, 43, 12),
(236, 62, 12),
(237, 56, 12),
(238, 22, 12),
(239, 7, 12),
(240, 6, 12),
(241, 25, 13),
(242, 41, 13),
(243, 13, 13),
(244, 46, 13),
(245, 15, 13),
(246, 59, 13),
(247, 40, 13),
(248, 39, 13),
(249, 19, 13),
(250, 5, 13),
(251, 54, 13),
(252, 35, 13),
(253, 17, 13),
(254, 45, 13),
(255, 36, 13),
(256, 29, 13),
(257, 47, 13),
(258, 27, 13),
(259, 2, 13),
(260, 18, 13),
(261, 51, 14),
(262, 47, 14),
(263, 15, 14),
(264, 37, 14),
(265, 12, 14),
(266, 31, 14),
(267, 38, 14),
(268, 46, 14),
(269, 25, 14),
(270, 2, 14),
(271, 64, 14),
(272, 54, 14),
(273, 48, 14),
(274, 19, 14),
(275, 33, 14),
(276, 65, 14),
(277, 34, 14),
(278, 18, 14),
(279, 57, 14),
(280, 39, 14),
(281, 37, 15),
(282, 35, 15),
(283, 45, 15),
(284, 52, 15),
(285, 55, 15),
(286, 11, 15),
(287, 26, 15),
(288, 53, 15),
(289, 47, 15),
(290, 64, 15),
(291, 12, 15),
(292, 32, 15),
(293, 16, 15),
(294, 31, 15),
(295, 62, 15),
(296, 13, 15),
(297, 19, 15),
(298, 28, 15),
(299, 24, 15),
(300, 18, 15),
(304, 17, 16);

-- --------------------------------------------------------

--
-- 資料表結構 `feature_link`
--

CREATE TABLE `feature_link` (
  `id` int(10) UNSIGNED NOT NULL,
  `link` varchar(1000) CHARACTER SET utf8mb4 COLLATE utf8mb4_unicode_ci NOT NULL,
  `name` varchar(1000) CHARACTER SET utf8mb4 COLLATE utf8mb4_unicode_ci NOT NULL,
  `img` varchar(1000) CHARACTER SET utf8mb4 COLLATE utf8mb4_unicode_ci NOT NULL
) ENGINE=InnoDB DEFAULT CHARSET=utf8mb4;

--
-- 傾印資料表的資料 `feature_link`
--

INSERT INTO `feature_link` (`id`, `link`, `name`, `img`) VALUES
(1, 'https://www.instagram.com/lonyo63/', '謝戎宥- LON YO', 'link01.jpg'),
(2, 'https://www.instagram.com/dulahoop12/', '便當調色盤 | Della & Joey', 'link02.jpeg'),
(3, 'https://www.instagram.com/rachel_cookinglife/', '瑞丘※便當飲食日記※', 'link03.jpeg'),
(4, 'https://www.instagram.com/e.g.kitchen/', '大象發福廚房', 'link04.jpg');

-- --------------------------------------------------------

--
-- 資料表結構 `feature_list`
--

CREATE TABLE `feature_list` (
  `id` int(10) UNSIGNED NOT NULL,
  `type_id` int(10) UNSIGNED NOT NULL,
  `name` varchar(1000) CHARACTER SET utf8mb4 COLLATE utf8mb4_unicode_ci NOT NULL,
  `qty` varchar(2000) CHARACTER SET utf8mb4 COLLATE utf8mb4_unicode_ci NOT NULL,
  `link_id` int(10) UNSIGNED NOT NULL,
  `create_date` date NOT NULL,
  `valid` tinyint(3) UNSIGNED NOT NULL DEFAULT 1
) ENGINE=InnoDB DEFAULT CHARSET=utf8mb4;

--
-- 傾印資料表的資料 `feature_list`
--

INSERT INTO `feature_list` (`id`, `type_id`, `name`, `qty`, `link_id`, `create_date`, `valid`) VALUES
(1, 1, '番茄雞肉筆管麵', '1', 2, '2021-06-01', 1),
(2, 1, '巴薩米克醋鮭魚炒飯', '2', 2, '2021-06-02', 1),
(3, 1, '鮮蔬厚切雞肉三明治', '1', 1, '2021-06-03', 1),
(4, 1, '蒜香海鮮筆管麵', '1', 2, '2021-06-04', 1),
(5, 1, '香煎菲力牛排', '1', 3, '2021-06-05', 1),
(6, 1, '蔥鹽牛肉玉米拌飯', '2', 2, '2021-06-06', 1),
(7, 1, '高麗菜炒嫩雞片', '2', 2, '2021-06-07', 1),
(8, 1, '味噌雞丁蛋炒飯', '2', 2, '2021-06-08', 1),
(9, 1, '泡菜肉捲', '1', 2, '2021-06-09', 1),
(10, 1, '香煎午仔魚排便當', '1', 1, '2021-06-10', 1),
(11, 1, '檸檬鮭魚炒飯', '2', 2, '2021-06-11', 1),
(12, 1, '鮭魚鮮蝦溫沙拉', '1', 1, '2021-06-12', 1),
(13, 1, '松露蝦仁滑蛋飯', '2', 2, '2021-06-13', 1),
(14, 1, '焗烤蕃茄', '1', 2, '2021-06-15', 1),
(15, 1, '嫩烤雞胸', '1', 2, '2021-06-16', 1),
(16, 1, '松露野菇烤時蔬', '1', 2, '2021-06-17', 1),
(17, 1, '醋溜馬鈴薯', '2', 2, '2021-06-18', 1),
(18, 1, '蔥鹽高麗菜肉捲', '1', 2, '2021-08-03', 1),
(19, 2, '時蔬地瓜煎餅', '2', 2, '2021-06-02', 1),
(20, 2, '皮蛋蔬菜粥', '1', 2, '2021-06-21', 1),
(21, 2, '五目炊飯', '2', 2, '2021-06-22', 1),
(22, 2, '綜合野菇義大利麵', '2', 2, '2021-06-23', 1),
(23, 2, '豆皮涼麵', '1', 2, '2021-06-24', 1),
(24, 2, '黑胡椒新豬肉鑲豆腐', '2', 2, '2021-06-25', 1),
(25, 2, '新豬肉韓式拌飯', '2', 2, '2021-06-26', 1),
(26, 2, '番茄雞蛋麵疙瘩', '2', 2, '2021-06-27', 1),
(27, 2, '野菇時蔬鹹派', '2', 2, '2021-06-28', 1),
(28, 2, '三杯蒟蒻杏鮑菇', '2', 2, '2021-06-29', 1),
(29, 2, '豆乳燉菜', '2', 2, '2021-06-30', 1),
(30, 2, '剝皮辣椒味噌新豬肉', '2', 2, '2021-07-01', 1),
(31, 2, '起司菠菜蘑菇烘蛋', '2', 2, '2021-07-02', 1),
(32, 2, '麻婆豆腐', '2', 2, '2021-07-03', 1),
(33, 2, '香菇鑲新豬肉', '2', 2, '2021-07-04', 1),
(34, 2, '可樂餅', '2', 2, '2021-07-05', 1),
(35, 2, '素炸醬麵', '2', 2, '2021-08-04', 1),
(36, 3, '蒜香金沙蝦仁炒飯', '1', 4, '2021-07-07', 1),
(37, 3, '泡菜月見牛筋牛肉丼', '1', 4, '2021-07-08', 1),
(38, 3, '壽喜燒烏龍麵', '1', 4, '2021-07-09', 1),
(39, 3, '剝皮辣椒牛肉炒飯', '2', 2, '2021-07-10', 1),
(40, 3, '香菇瓜仔雞湯', '1', 4, '2021-07-11', 1),
(41, 3, '黃金照燒雞腿排', '1', 4, '2021-07-12', 1),
(42, 3, '電鍋日式咖哩雞', '6', 4, '2021-07-13', 1),
(43, 3, '沙茶羊肉炒麵', '2', 4, '2021-07-14', 1),
(44, 3, '番茄雞蛋麵', '2', 4, '2021-07-15', 1),
(45, 3, '三杯雞', '4', 4, '2021-07-16', 1),
(46, 3, '滑蛋蝦仁', '2', 4, '2021-07-17', 1),
(47, 3, '家常蔥燒雞', '2', 4, '2021-07-18', 1),
(48, 3, '老皮嫩肉', '2', 4, '2021-07-19', 1),
(49, 3, '薑絲大腸', '2', 4, '2021-07-20', 1),
(50, 3, '馬鈴薯燉肉', '1', 3, '2021-07-21', 1),
(51, 3, '蒜香蛤蜊炒烏龍', '1', 2, '2021-07-22', 1),
(52, 3, '蛋黃豆腐白醬蛤蜊雞肉燉飯', '2', 2, '2021-07-23', 1),
(53, 3, '金沙奶香鮮蝦燉飯', '1', 2, '2021-07-24', 1),
(54, 3, '豆漿雞湯拉麵', '2', 2, '2021-07-25', 1),
(55, 3, '特製海鮮拌飯', '3', 2, '2021-07-26', 1),
(56, 3, '嫩蛋海鮮燴飯', '2', 2, '2021-07-27', 1),
(57, 3, '鹽烤松板豬', '1', 2, '2021-07-28', 1),
(58, 3, '蒜味奶油金針菇', '1', 2, '2021-07-29', 1),
(59, 3, '乾燒蝦仁', '2', 2, '2021-07-30', 1),
(60, 3, '香煎檸檬雞', '2', 2, '2021-07-31', 1),
(61, 3, '絲瓜雞肉餅', '2', 2, '2021-08-01', 1),
(62, 3, '蒜炒鮪魚雞肉義大利麵', '2', 2, '2021-10-07', 1),
(63, 3, '鮮蝦雞肉排', '2', 2, '2021-06-19', 1),
(64, 3, '腐乳味噌豆瓣烤雞', '2', 2, '2021-07-06', 1),
(65, 3, '腐乳燉肉', '5', 2, '2021-08-05', 1);

-- --------------------------------------------------------

--
-- 資料表結構 `feature_prep`
--

CREATE TABLE `feature_prep` (
  `id` int(10) UNSIGNED NOT NULL,
  `feature_id` int(100) UNSIGNED NOT NULL,
  `prep` varchar(2000) CHARACTER SET utf8mb4 COLLATE utf8mb4_unicode_ci DEFAULT NULL,
  `unit` varchar(2000) CHARACTER SET utf8mb4 COLLATE utf8mb4_unicode_ci DEFAULT NULL
) ENGINE=InnoDB DEFAULT CHARSET=utf8mb4;

--
-- 傾印資料表的資料 `feature_prep`
--

INSERT INTO `feature_prep` (`id`, `feature_id`, `prep`, `unit`) VALUES
(1, 1, '雞里肌', '150g'),
(2, 1, '筆管麵', '100g'),
(3, 1, '牛番茄', '1顆'),
(4, 1, '小番茄', '7-8顆'),
(5, 1, '蒜頭', '15g'),
(6, 1, '洋蔥', '1/4顆'),
(7, 1, '玉米筍', '2-3根'),
(8, 1, '蘑菇', '6-7粒'),
(9, 1, '雞高湯', '250g'),
(10, 1, '月桂葉', '1-2片'),
(11, 1, '羅勒', '適量'),
(12, 1, '黑胡椒', '適量'),
(13, 1, '橄欖油', '適量'),
(14, 2, '白飯', '350g'),
(15, 2, '鮭魚', '200g'),
(16, 2, '蘑菇', '4-5朵'),
(17, 2, '鴻禧菇', '1/2包'),
(18, 2, '日本甜蔥', '1根'),
(19, 2, '洋蔥', '1/4顆'),
(20, 2, '玉米筍', '2-3根'),
(21, 2, '蒜頭', '20g'),
(22, 2, '巴薩米克醋', '2大匙'),
(23, 2, '香料鹽', '1.5小匙'),
(24, 2, '黑胡椒', '適量'),
(25, 2, '橄欖油', '適量'),
(26, 3, '雞腿肉', ''),
(27, 3, '吐司', ''),
(28, 3, '橄欖油', '適量'),
(29, 3, '奶油', ''),
(30, 3, '蛋', ''),
(31, 3, '豌豆苗', ''),
(32, 3, '蕃茄', ''),
(33, 3, '洋蔥', ''),
(34, 4, '蘆筍', '45g'),
(35, 4, '紅蘿蔔', '10g'),
(36, 4, '筆管麵', '100g'),
(37, 4, '高湯', '250g'),
(38, 4, '蝦子', '6隻'),
(39, 4, '透抽', '100g'),
(40, 4, '蒜頭', '25g'),
(41, 4, '鹽巴', '適量'),
(42, 4, '黑胡椒', '適量'),
(43, 5, '牛排', ''),
(44, 5, '鹽巴', '適量'),
(45, 5, '黑胡椒', '適量'),
(46, 5, '蛋', ''),
(47, 5, '無水奶油', ''),
(48, 5, '初榨橄欖油', '適量'),
(49, 5, '巴薩米克醋', '適量'),
(50, 5, '起士粉', ''),
(51, 5, '芥末子醬', ''),
(52, 5, '萵苣', ''),
(53, 6, '牛肉片', '120g'),
(54, 6, '玉米', '60g'),
(55, 6, '青蔥', '70g'),
(56, 6, '鹽巴', '1/2小匙'),
(57, 6, '黑胡椒', '適量'),
(58, 6, '白飯', '250g'),
(59, 6, '鹽巴', '1/4小匙'),
(60, 6, '黑胡椒', '適量'),
(61, 6, '米酒', '1/2大匙'),
(62, 6, '醬油', '1小匙'),
(63, 6, '太白粉', '1/4小匙'),
(64, 7, '高麗菜', '150g'),
(65, 7, '雞胸肉', '200g'),
(66, 7, '無水奶油', '1大匙'),
(67, 7, '蒜頭', '20g'),
(68, 7, '黑胡椒', '適量'),
(69, 7, '醬油', '適量'),
(70, 7, '鹽巴', '適量'),
(71, 7, '糖', '適量'),
(72, 8, '白飯', '200g'),
(73, 8, '雞胸肉', '150g'),
(74, 8, '雞蛋', '2顆'),
(75, 8, '蔥', '1根'),
(76, 8, '紅蘿蔔', '20g'),
(77, 8, '蒜頭', '15g'),
(78, 8, '香菇', '2朵'),
(79, 8, '蘆筍', '2根'),
(80, 8, '味噌', '1.5大匙'),
(81, 8, '日式醬油', '1大匙'),
(82, 8, '米酒', '1大匙'),
(83, 8, '鹽巴', '適量'),
(84, 8, '黑胡椒', '適量'),
(85, 9, '豬肉片', '150g'),
(86, 9, '泡菜', '50g'),
(87, 9, '鰹魚醬油', '1大匙'),
(88, 9, '橄欖油', '少許'),
(89, 10, '蛋', ''),
(90, 10, '午仔魚', ''),
(91, 10, '橄欖油', '適量'),
(92, 10, '木耳', ''),
(93, 10, '芹菜', ''),
(94, 10, '鹽巴', '適量'),
(95, 10, '菠菜', ''),
(96, 11, '鮭魚', '200g'),
(97, 11, '米飯', '350g'),
(98, 11, '雞蛋', '2顆'),
(99, 11, '蘑菇', '4顆'),
(100, 11, '紅蘿蔔', '30g'),
(101, 11, '青蔥', '1根'),
(102, 11, '玉米筍', '3根'),
(103, 11, '蒜頭', '4瓣'),
(104, 11, '無水奶油', '2大匙'),
(105, 11, '檸檬汁', '15g'),
(106, 11, '黑胡椒', '適量'),
(107, 11, '鹽巴', '1.5小匙'),
(108, 11, '蝦子', ''),
(109, 12, '鮭魚', ''),
(110, 12, '鹽巴', '適量'),
(111, 12, '橄欖油', '適量'),
(112, 12, '花椰菜', ''),
(113, 12, '玉米筍', ''),
(114, 12, '木耳', ''),
(115, 13, '蝦子', '約10隻'),
(116, 13, '雞蛋', '3顆'),
(117, 13, '蔥', '1根'),
(118, 13, '蒜頭', '2瓣'),
(119, 13, '開水', '80g'),
(120, 13, '松露醬', '1大匙'),
(121, 13, '蠔油', '1大匙'),
(122, 13, '白胡椒', '適量'),
(123, 13, '鹽巴', '1/8小匙'),
(124, 13, '白胡椒', '適量'),
(125, 13, '香油', '1/2小匙'),
(126, 13, '太白粉', '1/2小匙'),
(127, 13, '太白粉', '1/3大匙'),
(128, 13, '開水', '1/3大匙'),
(129, 14, '牛番茄', '1顆'),
(130, 14, '黑胡椒', '適量'),
(131, 14, '起司絲', '適量'),
(132, 15, '雞胸肉', '1付'),
(133, 15, '鹽巴', '1小匙'),
(134, 15, '黑胡椒', '適量'),
(135, 15, '洋蔥粉', '1大匙'),
(136, 16, '青花菜', '1/3顆'),
(137, 16, '蒜頭', '1瓣'),
(138, 16, '鴻禧菇', '1/2包'),
(139, 16, '玉米筍', '1/2盒'),
(140, 16, '黑胡椒', '適量'),
(141, 16, '鹽巴', '適量'),
(142, 16, '橄欖油', '1大匙'),
(143, 16, '巴薩米克醋', '適量'),
(144, 17, '巴薩米克醋', '1大匙'),
(145, 17, '馬鈴薯', '1顆'),
(146, 17, '蒜頭', '3瓣'),
(147, 17, '鹽巴', '1/2小匙'),
(148, 18, '梅花燒烤片', '200g'),
(149, 18, '青蔥', '40g'),
(150, 18, '薑', '10g'),
(151, 18, '高麗菜', '1/6顆'),
(152, 18, '米酒', '2大匙'),
(153, 18, '鹽巴', '1/2小匙'),
(154, 19, '地瓜', '150g'),
(155, 19, '紅蘿蔔', '50g'),
(156, 19, '高麗菜', '80g'),
(157, 19, '麵粉', '6大匙'),
(158, 19, '開水', '3大匙'),
(159, 19, '雞蛋', '1顆'),
(160, 19, '鹽巴', '1小匙'),
(161, 19, '黑胡椒', '適量'),
(162, 19, '巴薩米可醋', '1/2大匙'),
(163, 19, '醬油', '1大匙'),
(164, 19, '蜂蜜', '1大匙'),
(165, 19, '蒜泥', '1小匙'),
(166, 20, '高麗菜', '1/4顆'),
(167, 20, '紅蘿蔔', '半根'),
(168, 20, '皮蛋', '一顆'),
(169, 20, '鹹蛋', '一顆'),
(170, 20, '美姬菇', '去除根部切小'),
(171, 20, '玉米粒', '一些'),
(172, 20, '青蔥', '適量'),
(173, 20, '白米', '一碗'),
(174, 20, '雞蛋', '一顆'),
(175, 20, '白胡椒', '適量'),
(176, 20, '鹽巴', '適量'),
(177, 21, '生豆包', '130g'),
(178, 21, '金針菇', '一包'),
(179, 21, '紅蘿蔔', '85g'),
(180, 21, '木耳', '80g'),
(181, 21, '四季豆', '80g'),
(182, 21, '乾香菇', '三朵'),
(183, 21, '蒟蒻', '100g'),
(184, 21, '白米', '400g'),
(185, 21, '開水', '適量'),
(186, 21, '香菇水', '適量'),
(187, 21, '醬油', '適量'),
(188, 21, '鹽巴', '適量'),
(189, 22, '鴻禧菇', '1包'),
(190, 22, '乾香菇', '4朵'),
(191, 22, '蘑菇', '1盒'),
(192, 22, '洋蔥', '1/4顆'),
(193, 22, '蒜頭', '3-4瓣'),
(194, 22, '義大利麵', '約200g'),
(195, 22, '奶油', '20g'),
(196, 22, '醬油', '2大匙'),
(197, 22, '巴薩米克醋', '適量'),
(198, 23, '麵條', '麵條1份'),
(199, 23, '雞蛋', '1顆'),
(200, 23, '紅蘿蔔', '20g'),
(201, 23, '櫛瓜', '20g'),
(202, 23, '生豆包', '1塊'),
(203, 23, '杏鮑菇', '1根'),
(204, 23, '腰果醬', '2大匙'),
(205, 23, '醬油', '1大匙'),
(206, 23, '花椒油', '1大匙'),
(207, 23, '烏醋', '1大匙'),
(208, 23, '蒜泥', '1大匙'),
(209, 23, '糖', '1小匙'),
(210, 23, '開水', '1大匙'),
(211, 24, '板豆腐', '一盒'),
(212, 24, '新豬肉', '半包'),
(213, 24, '乾香菇', '菇兩朵'),
(214, 24, '洋蔥', '1/4顆'),
(215, 24, '薑', '3g'),
(216, 24, '蠔油', '1.5大匙'),
(217, 24, '黑胡椒', '黑胡椒'),
(218, 24, '奶油', '一小塊'),
(219, 25, '紅蘿蔔', '半根'),
(220, 25, '四季豆', '約5-6根'),
(221, 25, '鴻禧菇', '1包'),
(222, 25, '雞蛋', '2顆'),
(223, 25, '新豬肉', '半包'),
(224, 25, '洋蔥', '半顆'),
(225, 25, '蒜頭', '2瓣'),
(226, 25, '蒜泥', '約2瓣份量'),
(227, 25, '韓式辣醬', '2大匙'),
(228, 25, '味醂', '1大匙'),
(229, 25, '醬油', '1大匙'),
(230, 25, '米酒', '2大匙'),
(231, 25, '糖', '1小匙'),
(232, 26, '中筋麵粉', '250g'),
(233, 26, '鹽巴', '一小搓'),
(234, 26, '熱水', '約150g'),
(235, 26, '橄欖油', '少許'),
(236, 26, '醬油', '適量'),
(237, 26, '黑胡椒', '適量'),
(238, 26, '糖', '適量'),
(239, 26, '番茄', ''),
(240, 26, '鴻禧菇', '一顆'),
(241, 26, '四季豆', '一包'),
(242, 27, '洋蔥', '一顆'),
(243, 27, '美白菇', '半包'),
(244, 27, '紅蘿蔔', '半根'),
(245, 27, '新豬肉', '半包'),
(246, 27, '豆皮', '四塊'),
(247, 27, '蛋', '三顆'),
(248, 27, '牛奶', '50ml'),
(249, 27, '鮮奶油', '40ml'),
(250, 27, '酥皮', '四塊'),
(251, 28, '蒟蒻', '300g'),
(252, 28, '杏鮑菇', '120g'),
(253, 28, '薑', '6-8片'),
(254, 28, '蒜頭', '2瓣'),
(255, 28, '九層塔', '1把'),
(256, 28, '醬油', '2大匙'),
(257, 28, '素蠔油', '1大匙'),
(258, 28, '砂糖', '3小匙'),
(259, 28, '麻油', '2大匙'),
(260, 28, '米酒', '3大匙'),
(261, 29, '馬鈴薯', '約80g'),
(262, 29, '紅蘿蔔', '80g'),
(263, 29, '青花菜', '100g'),
(264, 29, '蘑菇', '5朵'),
(265, 29, '甜椒', '100g'),
(266, 29, '洋蔥', '1/2顆'),
(267, 29, '玉米筍', '3根'),
(268, 29, '南瓜', '100g'),
(269, 29, '開水(或高湯)', '300g'),
(270, 29, '豆乳', '500g'),
(271, 29, '黑胡椒', '適量'),
(272, 29, '鹽巴', '2小匙'),
(273, 30, '新豬肉', '一包'),
(274, 30, '杏鮑菇', '4根'),
(275, 30, '剝皮辣椒', '5-6根'),
(276, 30, '剝皮辣椒湯汁', '四大匙'),
(277, 30, '黑胡椒', '適量'),
(278, 30, '味噌', '一大匙'),
(279, 30, '醬油', '適量'),
(280, 31, '蘑菇', '約15顆'),
(281, 31, '甜菠菜', '一包'),
(282, 31, '雞蛋', '三顆'),
(283, 31, '起司絲', '適量'),
(284, 31, '黑胡椒', '適量'),
(285, 31, '鹽巴', '適量'),
(286, 32, '嫩豆腐', '一盒'),
(287, 32, '杏鮑菇', '四條'),
(288, 32, '金針菇', '一包'),
(289, 32, '花椒粒', '一大匙'),
(290, 32, '蔥', '一根'),
(291, 32, '蒜頭', '兩瓣'),
(292, 32, '薑', '一小塊'),
(293, 32, '豆瓣醬', '兩大匙'),
(294, 32, '醬油', '一大匙'),
(295, 32, '香油', '適量'),
(296, 33, '新豬肉', '半包'),
(297, 33, '香菇', '四顆'),
(298, 33, '高麗菜', '約4葉'),
(299, 33, '咖喱粉', '適量'),
(300, 33, '黑胡椒', '適量'),
(301, 33, '鹽巴', '適量'),
(302, 34, '洋蔥', '半顆'),
(303, 34, '玉米', '半根'),
(304, 34, '洋菇', '約20顆'),
(305, 34, '牛奶', '約100ml'),
(306, 34, '麵包粉', '適量'),
(307, 34, '麵粉', '適量'),
(308, 34, '雞蛋', '一顆'),
(309, 34, '黑胡椒', '適量'),
(310, 34, '鹽巴', '適量'),
(311, 35, '麵', '兩份'),
(312, 35, '小黃瓜', '一根'),
(313, 35, '雞蛋', '兩顆'),
(314, 35, '紅蘿蔔', '半根'),
(315, 35, '蔥', '一根'),
(316, 35, '洋蔥', '半顆'),
(317, 35, '蒜頭', '兩瓣'),
(318, 35, '薑', '一小塊'),
(319, 35, '大豆乾', '一塊'),
(320, 35, '杏鮑菇', '兩根'),
(321, 35, '豆瓣醬', '一大匙'),
(322, 35, '甜麵醬', '一大匙'),
(323, 35, '醬油', '適量'),
(324, 35, '白胡椒', '適量'),
(325, 35, '糖', '適量'),
(326, 36, '煮熟好的飯2碗', ''),
(327, 36, '蝦仁', '12隻(依家境增減)'),
(328, 36, '鹹鴨蛋蛋黃', '3顆'),
(329, 36, '雞蛋黃', '2顆'),
(330, 36, '蔥', '2支'),
(331, 36, '蒜頭', '6瓣'),
(332, 36, '米酒', '1/2大匙'),
(333, 36, '鹽', '1/4小匙'),
(334, 36, '鹽', '1/2小匙'),
(335, 36, '糖', '1/4小匙'),
(336, 37, '嫩肩里肌筋膜及牛肉', '750克'),
(337, 37, '薑片', '3片'),
(338, 37, '蔥', '3支'),
(339, 37, '醬油', '150cc'),
(340, 37, '味醂', '150cc'),
(341, 37, '米酒', '150cc'),
(342, 37, '水', '600cc'),
(343, 37, '糖、鰹魚粉', '1/2大匙'),
(344, 38, '冷凍讚岐烏龍麵', '1包'),
(345, 38, '大蔥', '1支'),
(346, 38, '火鍋牛肉片', '6-8片'),
(347, 38, '金針菇', '1/2包'),
(348, 38, '板豆腐', '1/2盒'),
(349, 38, '香菇', '3朵'),
(350, 38, '水', '300cc'),
(351, 38, '醬油', '3大匙'),
(352, 38, '米酒', '3大匙'),
(353, 38, '味醂', '1.5大匙'),
(354, 38, '鰹魚粉', '1/4小匙'),
(355, 39, '紅蘿蔔', '1/2根'),
(356, 39, '洋蔥', '1/4顆'),
(357, 39, '高麗菜', '100g'),
(358, 39, '雞蛋', '2顆'),
(359, 39, '玉米筍', '4根'),
(360, 39, '青蔥', '15g'),
(361, 39, '牛肉', '160g'),
(362, 39, '白飯', '350g'),
(363, 39, '蒜頭', '150g'),
(364, 39, '剝皮辣椒', '50g(5-6根)'),
(365, 39, '醬油', '適量'),
(366, 39, '米酒', '1小匙'),
(367, 39, '白胡椒', '適量'),
(368, 40, '大茂黑瓜', '1罐（190克）'),
(369, 40, '仿土雞腿', '1支（600克）'),
(370, 40, '乾香菇', '6-8朵'),
(371, 40, '薑片', '2片'),
(372, 40, '米酒', '50cc'),
(373, 40, '水', '650cc'),
(374, 40, '鹽', '1/4小匙'),
(375, 41, '白飯', '一碗'),
(376, 41, '去骨雞腿排', '1片'),
(377, 41, '花椰菜', ''),
(378, 41, '黃金泡菜', '40克'),
(379, 41, '醬油', '1.5大匙'),
(380, 41, '味醂', '1.5大匙'),
(381, 41, '米酒', '1.5大匙'),
(382, 42, '佛蒙特咖哩塊', '1盒'),
(383, 42, '全聯去骨雞腿排', '1盒'),
(384, 42, '洋蔥', '1顆'),
(385, 42, '馬鈴薯', '2顆'),
(386, 42, '雪白菇', '1包'),
(387, 43, '油麵', '300克'),
(388, 43, '羊肉火鍋肉片', '180克'),
(389, 43, '空心菜', '1大把'),
(390, 43, '水', '150cc'),
(391, 43, '蒜頭', '5瓣'),
(392, 43, '小辣椒', '1根'),
(393, 43, '沙茶醬', '1.5大匙'),
(394, 43, '醬油膏', '1.5大匙'),
(395, 43, '米酒', '1大匙'),
(396, 43, '烏醋', '1小匙'),
(397, 43, '白胡椒粉', '1/4小匙'),
(398, 43, '香油', '1/4小匙'),
(399, 43, '鹽', '1/4小匙'),
(400, 43, '糖', '1/4小匙'),
(401, 43, '醬油', '1大匙'),
(402, 43, '米酒', '1大匙'),
(403, 43, '糖', '1/4小匙'),
(404, 43, '白胡椒粉', '1/4小匙'),
(405, 43, '玉米粉', '1小匙(可省)'),
(406, 44, '牛番茄', '2顆'),
(407, 44, '蛋', '3顆'),
(408, 44, '蔥', '2根'),
(409, 44, '蒜頭', '2顆'),
(410, 44, '醬油', '1大匙'),
(411, 44, '鹽', '1/4小匙'),
(412, 44, '白胡椒粉', '1/8小匙'),
(413, 44, '糖', '1/4小匙'),
(414, 44, '香油', '1/2小匙'),
(415, 45, '去骨仿土雞雞腿排', '1支（600克）'),
(416, 45, '老薑片', '10片'),
(417, 45, '蒜頭', '6顆'),
(418, 45, '辣椒', '3根'),
(419, 45, '九層塔', '適量'),
(420, 45, '醬油', '2大匙'),
(421, 45, '米酒', '1大匙'),
(422, 45, '糖', '1/2大匙'),
(423, 45, '胡麻油', '2大匙'),
(424, 45, '醬油膏or蠔油', '2大匙'),
(425, 45, '米酒', '3大匙'),
(426, 45, '冰糖', '1小匙'),
(427, 46, '蝦仁', '15隻'),
(428, 46, '蛋', '5顆'),
(429, 46, '蔥', '2根'),
(430, 46, '蒜頭', '2瓣'),
(431, 46, '醬油', '1/2大匙'),
(432, 46, '米酒', '1大匙'),
(433, 46, '鹽', '1/2小匙'),
(434, 46, '玉米粉', '1/2小匙'),
(435, 47, '去骨雞腿排', '400克'),
(436, 47, '蔥', '6根'),
(437, 47, '蒜頭', '2瓣'),
(438, 47, '薑片', '2片'),
(439, 47, '小辣椒', '1/2根'),
(440, 47, '米酒', '1大匙'),
(441, 47, '水', '1大匙'),
(442, 48, '芙蓉豆腐', '1盒'),
(443, 48, '四川紅油', '4大匙'),
(444, 48, '醬油', '2大匙'),
(445, 48, '烏醋', '1大匙'),
(446, 48, '糖', '0.5大匙'),
(447, 49, '大腸', '適量'),
(448, 49, '薑絲', ''),
(449, 49, '蔥', '2根'),
(450, 49, '薑', '5片'),
(451, 49, '蒜頭', '4顆'),
(452, 49, '米酒', '1米杯'),
(453, 49, '白醋', '1米杯'),
(454, 49, '花椒粒', '1大匙'),
(455, 49, '米豆醬', '3大匙'),
(456, 49, '白醋', '4大匙'),
(457, 49, '米酒', '1小匙'),
(458, 49, '糖', '1大匙'),
(459, 50, '馬鈴薯', '2顆'),
(460, 50, '紅蘿蔔', '半條'),
(461, 50, '杏鮑菇', '適量'),
(462, 50, '牛五花肉片', '1盒'),
(463, 50, '洋蔥', '半顆'),
(464, 50, '白胡椒粉', '適量'),
(465, 50, '醬油', '2大匙'),
(466, 50, '味霖', '1大匙'),
(467, 50, '鰹魚露', '2大匙'),
(468, 50, '米酒', '1大匙'),
(469, 50, '開水', '300ml'),
(470, 51, '蛤蜊', '300g'),
(471, 51, '烏龍麵', '1份'),
(472, 51, '米酒', '2大匙'),
(473, 51, '辣椒', '1/2根'),
(474, 51, '九層塔', '1把'),
(475, 51, '蒜頭', '25g'),
(476, 51, '水', '80g'),
(477, 52, '蛤蜊', '200g'),
(478, 52, '雞胸肉', '150g'),
(479, 52, '白飯', '300g'),
(480, 52, '嫩豆腐', '1/2盒'),
(481, 52, '蛋黃', '3顆'),
(482, 52, '雞高湯', '300g'),
(483, 52, '鰹魚醬油', '1大匙'),
(484, 52, '鹽巴', '適量'),
(485, 52, '鴻禧菇', '1/2包'),
(486, 53, '煉奶', '30g'),
(487, 53, '鹹蛋黃', '2顆'),
(488, 53, '紅蘿蔔', '20g'),
(489, 53, '玉米筍', '2根'),
(490, 53, '黑蠔菇', '1/2包'),
(491, 53, '洋蔥', '1/4顆'),
(492, 53, '青花菜', '適量'),
(493, 53, '白飯', '150g'),
(494, 53, '雞高湯', '150g'),
(495, 53, '鹽巴', '1/2小匙'),
(496, 54, '洋蔥', '100g'),
(497, 54, '紅蔥頭', '20g'),
(498, 54, '無糖豆漿', '150g'),
(499, 54, '原禾軒老母雞上湯', '500g'),
(500, 54, '開水', '100g'),
(501, 54, '雞腿', '400g'),
(502, 54, '青蔥', '1根'),
(503, 54, '細拉麵', '雙人份'),
(504, 54, '味噌', '1大匙'),
(505, 54, '日式醬油', '1大匙'),
(506, 54, '高麗菜', '適量'),
(507, 54, '玉米筍', '3-4根'),
(508, 54, '海苔', '數片'),
(509, 54, '糖心蛋', '2顆'),
(510, 54, '白芝麻', '適量'),
(511, 55, '蛤蜊', '500g'),
(512, 55, '米酒', '50g'),
(513, 55, '水', '200g'),
(514, 55, '白米', '300g'),
(515, 55, '吻仔魚', '60g'),
(516, 55, '紅蔥頭', '30g'),
(517, 55, '蒜頭', '15g'),
(518, 55, '薑', '約5g'),
(519, 55, '雞蛋', '2顆'),
(520, 55, '透抽', '1隻'),
(521, 55, '鴻禧菇', '1包'),
(522, 55, '毛豆', '適量'),
(523, 56, '蝦子', '4隻'),
(524, 56, '透抽', '150g'),
(525, 56, '蛤蠣', '150g'),
(526, 56, '鴻禧菇', '1包'),
(527, 56, '薑', '10g'),
(528, 56, '蒜頭', '10g'),
(529, 56, '青花菜', '適量'),
(530, 56, '紅蘿蔔', '適量'),
(531, 56, '洋蔥', '1/4顆'),
(532, 56, '青蔥', '1根'),
(533, 56, '雞高湯', '500g'),
(534, 56, '醬油膏', '1大匙'),
(535, 56, '醬油', '1大匙'),
(536, 56, '砂糖', '2小匙'),
(537, 56, '白胡椒', '適量'),
(538, 56, '太白粉', '適量'),
(539, 56, '雞蛋', '6顆'),
(540, 57, '松阪豬肉', '250g(1片）'),
(541, 57, '香料鹽', '約1小匙'),
(542, 57, '黑胡椒', '適量'),
(543, 57, '米酒', '1大匙'),
(544, 58, '金針菇', '約1/2包'),
(545, 58, '黑胡椒', '適量'),
(546, 58, '鹽巴', '適量'),
(547, 58, '蒜頭', '2瓣'),
(548, 58, '無水奶油', '1/2大匙'),
(549, 59, '薑', '3片'),
(550, 59, '蒜頭', '2瓣'),
(551, 59, '青蔥', '1根'),
(552, 59, '蝦子', '8隻(Costco)'),
(553, 59, '香油', '少許(optional)'),
(554, 59, '鹽巴', '適量'),
(555, 59, '糖', '適量'),
(556, 59, '白胡椒', '適量'),
(557, 59, '豆瓣醬', '0.5大匙'),
(558, 59, '糖', '1.5小匙'),
(559, 59, '醬油', '0.5大匙'),
(560, 59, '米酒', '1大匙'),
(561, 59, '番茄醬', '1大匙'),
(562, 59, '鹽巴', '適量'),
(563, 59, '開水', '3大匙'),
(564, 60, '雞里肌', '300g'),
(565, 60, '醬油', '1大匙'),
(566, 60, '米酒', '1大匙'),
(567, 60, '鹽', '適量'),
(568, 60, '糖', '1小匙'),
(569, 60, '黑胡椒', '適量'),
(570, 60, '檸檬汁', '約10ml'),
(571, 60, '蒜泥', '約3辦份量'),
(572, 61, '絲瓜', '1/2條'),
(573, 61, '雞里肌', '300g'),
(574, 61, '鹽巴', '1小匙'),
(575, 61, '白胡椒', '適量'),
(576, 61, '紅蔥頭', '2瓣'),
(577, 62, '蘑菇', '5朵'),
(578, 62, '玉米筍', '4根'),
(579, 62, '小番茄', '15顆'),
(580, 62, '洋蔥', '1/4顆'),
(581, 62, '雞胸', '300g'),
(582, 62, '鮪魚', '1罐'),
(583, 62, '蒜頭', '35g'),
(584, 62, '義大利麵', '250g'),
(585, 62, '開水', '700g'),
(586, 62, '九層塔', '適量'),
(587, 62, '香料鹽', '適量'),
(588, 62, '黑胡椒', '適量'),
(589, 63, '雞里肌', '300g'),
(590, 63, '蝦子', '150g'),
(591, 63, '高麗菜', '100g'),
(592, 63, '洋蔥', '1/4顆'),
(593, 63, '鹽巴', '1/2小匙'),
(594, 63, '糖', '1/2小匙'),
(595, 63, '麻油', '1小匙'),
(596, 63, '白胡椒', '適量'),
(597, 64, '雞腿', '400g'),
(598, 64, '味噌', '1/2大匙'),
(599, 64, '豆瓣醬', '1/2大匙'),
(600, 64, '豆腐乳', '10g'),
(601, 64, '米酒', '2大匙'),
(602, 64, '糖', '1小匙'),
(603, 64, '黑胡椒', '適量'),
(604, 65, '梅花豬肉塊', '400g'),
(605, 65, '豬軟骨', '400g'),
(606, 65, '青蔥', '2根'),
(607, 65, '薑', '5-6片'),
(608, 65, '八角', '2顆'),
(609, 65, '豆腐乳', '5塊'),
(610, 65, '米酒', '約100g'),
(611, 65, '醬油', '約20g');

-- --------------------------------------------------------

--
-- 資料表結構 `feature_save`
--

CREATE TABLE `feature_save` (
  `id` int(10) UNSIGNED NOT NULL,
  `feature_id` int(10) UNSIGNED NOT NULL,
  `member_id` int(10) UNSIGNED NOT NULL
) ENGINE=InnoDB DEFAULT CHARSET=utf8mb4;

--
-- 傾印資料表的資料 `feature_save`
--

INSERT INTO `feature_save` (`id`, `feature_id`, `member_id`) VALUES
(1, 21, 1),
(2, 61, 1),
(3, 42, 1),
(4, 43, 1),
(5, 56, 1),
(6, 33, 1),
(7, 37, 1),
(8, 26, 1),
(9, 64, 1),
(10, 57, 1),
(11, 31, 1),
(12, 24, 1),
(13, 20, 1),
(14, 53, 1),
(15, 22, 1),
(16, 5, 1),
(17, 19, 1),
(18, 30, 1),
(19, 13, 1),
(20, 2, 1),
(21, 52, 2),
(22, 11, 2),
(23, 57, 2),
(24, 43, 2),
(25, 47, 2),
(26, 32, 2),
(27, 44, 2),
(28, 41, 2),
(29, 48, 2),
(30, 61, 2),
(31, 64, 2),
(32, 31, 2),
(33, 63, 2),
(34, 56, 2),
(35, 4, 2),
(36, 38, 2),
(37, 45, 2),
(38, 9, 2),
(39, 8, 2),
(40, 5, 2),
(41, 34, 3),
(42, 55, 3),
(43, 6, 3),
(44, 5, 3),
(45, 27, 3),
(46, 11, 3),
(47, 24, 3),
(48, 50, 3),
(49, 14, 3),
(50, 28, 3),
(51, 8, 3),
(52, 46, 3),
(53, 13, 3),
(54, 16, 3),
(55, 19, 3),
(56, 15, 3),
(57, 64, 3),
(58, 22, 3),
(59, 29, 3),
(60, 9, 3),
(61, 7, 4),
(62, 28, 4),
(63, 48, 4),
(64, 52, 4),
(65, 31, 4),
(66, 42, 4),
(67, 34, 4),
(68, 61, 4),
(69, 55, 4),
(70, 50, 4),
(71, 58, 4),
(72, 62, 4),
(73, 4, 4),
(74, 29, 4),
(75, 17, 4),
(76, 59, 4),
(77, 36, 4),
(78, 47, 4),
(79, 27, 4),
(80, 30, 4),
(81, 63, 5),
(82, 32, 5),
(83, 24, 5),
(84, 19, 5),
(85, 58, 5),
(86, 37, 5),
(87, 56, 5),
(88, 10, 5),
(89, 29, 5),
(90, 55, 5),
(91, 9, 5),
(92, 64, 5),
(93, 12, 5),
(94, 36, 5),
(95, 18, 5),
(96, 23, 5),
(97, 5, 5),
(98, 52, 5),
(99, 61, 5),
(100, 1, 5),
(101, 32, 6),
(102, 15, 6),
(103, 50, 6),
(104, 28, 6),
(105, 5, 6),
(106, 27, 6),
(107, 22, 6),
(108, 18, 6),
(109, 65, 6),
(110, 51, 6),
(111, 16, 6),
(112, 39, 6),
(113, 45, 6),
(114, 64, 6),
(115, 49, 6),
(116, 14, 6),
(117, 11, 6),
(118, 9, 6),
(119, 1, 6),
(120, 40, 6),
(121, 28, 7),
(122, 63, 7),
(123, 13, 7),
(124, 58, 7),
(125, 59, 7),
(126, 24, 7),
(127, 62, 7),
(128, 14, 7),
(129, 5, 7),
(130, 16, 7),
(131, 41, 7),
(132, 42, 7),
(133, 23, 7),
(134, 26, 7),
(135, 18, 7),
(136, 2, 7),
(137, 12, 7),
(138, 51, 7),
(139, 53, 7),
(140, 22, 7),
(141, 2, 8),
(142, 58, 8),
(143, 4, 8),
(144, 18, 8),
(145, 45, 8),
(146, 21, 8),
(147, 8, 8),
(148, 20, 8),
(149, 22, 8),
(150, 6, 8),
(151, 25, 8),
(152, 31, 8),
(153, 40, 8),
(154, 49, 8),
(155, 56, 8),
(156, 43, 8),
(157, 64, 8),
(158, 57, 8),
(159, 5, 8),
(160, 12, 8),
(161, 11, 9),
(162, 8, 9),
(163, 38, 9),
(164, 53, 9),
(165, 32, 9),
(166, 15, 9),
(167, 59, 9),
(168, 16, 9),
(169, 52, 9),
(170, 35, 9),
(171, 1, 9),
(172, 55, 9),
(173, 25, 9),
(174, 39, 9),
(175, 47, 9),
(176, 37, 9),
(177, 48, 9),
(178, 50, 9),
(179, 17, 9),
(180, 2, 9),
(181, 52, 10),
(182, 47, 10),
(183, 62, 10),
(184, 37, 10),
(185, 2, 10),
(186, 51, 10),
(187, 8, 10),
(188, 60, 10),
(189, 14, 10),
(190, 46, 10),
(191, 20, 10),
(192, 42, 10),
(193, 44, 10),
(194, 57, 10),
(195, 15, 10),
(196, 11, 10),
(197, 58, 10),
(198, 22, 10),
(199, 48, 10),
(200, 39, 10),
(201, 17, 16),
(202, 18, 16),
(203, 16, 1);

-- --------------------------------------------------------

--
-- 資料表結構 `feature_step`
--

CREATE TABLE `feature_step` (
  `id` int(10) UNSIGNED NOT NULL,
  `feature_id` int(10) UNSIGNED NOT NULL,
  `step` varchar(5000) CHARACTER SET utf8mb4 COLLATE utf8mb4_unicode_ci NOT NULL
) ENGINE=InnoDB DEFAULT CHARSET=utf8mb4;

--
-- 傾印資料表的資料 `feature_step`
--

INSERT INTO `feature_step` (`id`, `feature_id`, `step`) VALUES
(1, 1, '洋蔥切絲；蒜頭切末；牛番茄切小丁；小番茄切小丁；蘑菇切片；玉米筍切斜片；雞里肌切小薄片，加入1/3小匙香料鹽攪拌均勻，之後加入些許橄欖油拌勻，靜置10分鐘。'),
(2, 1, '熱鍋，加入橄欖油，放入雞里肌片快速拌炒至表面反白，取出備用。'),
(3, 1, '放入蒜末炒香，接著加入洋蔥絲炒至洋蔥絲呈現半透明，依序再放入蘑菇片炒軟、玉米筍稍作拌炒。 '),
(4, 1, '加入番茄丁持續翻炒至番茄糊化，接著加入雞高湯、筆管麵， '),
(5, 1, '加入約1小匙鹽巴調味，放入月桂葉、羅勒，加蓋按照包裝上時間悶煮至筆管麵熟透。'),
(6, 1, '開蓋，加入雞里肌片翻炒至雞肉熟透，再以適量黑胡椒提味，嘗一下味道，酌量加入鹽巴調整鹹度即可。'),
(7, 2, '洋蔥切末，蒜頭切末，玉米筍切斜片，蘑菇切片，鴻禧菇去除根部後切小段，雞蛋打散，日本甜蔥切成蔥花，鮭魚切塊。 '),
(8, 2, '鍋中加入一大匙橄欖油，放入鮭魚煎到雙面金黃，取出以叉子壓散備用(不需要全熟，之後還要拌炒)。'),
(9, 2, '放入洋蔥炒軟，接著放入一半蒜末爆香。 '),
(10, 2, '加入蘑菇片炒至表面金黃，接著放入鴻禧菇炒軟，撈起炒料備用。 '),
(11, 2, '鍋中再補入一大匙橄欖油，放入蔥白的部分炒香，接著到入蛋液炒至半熟。'),
(12, 2, '放入白飯，以輕壓的方式炒散，直到白飯粒粒分明。 '),
(13, 2, '放回剛剛的炒料拌勻，接著加入壓散的鮭魚拌勻。 '),
(14, 2, '加入1.5小匙香料鹽，從鍋邊下兩大匙巴薩米克醋，將炒飯拌勻。'),
(15, 2, '起鍋前放入剩下的生蒜、蔥綠、黑胡椒炒勻即可。'),
(16, 3, '雞腿排雙面撒上些許胡椒鹽，再按摩肉一下，放置10~15分鐘。 '),
(17, 3, '等待期間，鍋子開火，吐司下鍋煎至雙面微焦，起鍋 '),
(18, 3, '鍋內下一匙油熱鍋，放入雞腿排蓋上鍋蓋，悶煎，雙面煎至微焦。 '),
(19, 3, '中小火一面煎約5分鐘，建議依照肉大小調整，煎煮時間。 '),
(20, 3, '用筷子插肉，測試有無血水溢出，如果沒有，起鍋，備料。'),
(21, 3, '鍋子擦拭乾淨，切入半顆奶油，熱鍋後，2~3顆蛋攪拌均勻下鍋炒至自己喜歡的綿密感，起鍋。 '),
(22, 3, '包裝紙做底，鋪上保鮮膜，食材再逐一疊層 '),
(23, 3, '吐司，豌豆苗，蕃茄，洋蔥，雞腿排，炒蛋，吐司。'),
(24, 3, '再把吐司覆起來，用手稍微壓緊，包袱好，切開，完成。'),
(25, 4, '蘆筍去除硬梗後切斜段；紅蘿蔔切絲；蒜頭切片；海鮮處理中好之後以紙巾壓乾水分，加入一小撮鹽巴就黑胡椒醃漬10分鐘。'),
(26, 4, '熱鍋，加入橄欖油，放入蝦子和透抽煎至雙面金黃，取出備用。'),
(27, 4, '補入一些橄欖油，放入蒜片煸香。 '),
(28, 4, '接著放入義大利麵拌勻，加入雞高湯以及1/2小匙鹽巴。 '),
(29, 4, '加蓋按照包裝時間悶煮，期間可以攪拌一下，或是晃動鍋子避免沾黏。'),
(30, 4, '時間剩下3分鐘時放入蘆筍，拌勻後繼續加蓋煮至義大利麵熟透。 '),
(31, 4, '開蓋，放入海鮮翻炒熟透即可起鍋。'),
(32, 5, '牛排打開真空包裝後，擦乾血水。'),
(33, 5, '雙面灑上鹽巴、黑胡椒。'),
(34, 5, '熱鍋加一點油，先煎一顆蛋，蛋熟後取出。'),
(35, 5, '鍋子夠熱後準備放入牛排（放入前在擦乾一次血水）。'),
(36, 5, '雙面各煎1分鐘，之後在雙面各30秒，中間加入一塊無水奶油，總共煎三分鐘。'),
(37, 5, '取出靜置，記得煎多久靜置多久，之後切片擺盤。'),
(38, 5, '蛋跟牛排在灑一點鹽巴、黑胡椒。'),
(39, 5, '生菜淋上初榨橄欖油+巴薩米克醋，最後灑上一點點起士粉，牛排可以搭配芥末子醬，就這樣完成。'),
(40, 6, '青蔥先斜切之後切末；玉米罐頭瀝乾水分備用；牛肉切小，加入醬油、米酒、鹽巴拌勻，之後加入些太白粉，醃漬10分鐘。'),
(41, 6, '鍋中加入些許油，加入蔥花拌炒出香味，炒到蔥花軟化。'),
(42, 6, '接著放入牛肉片拌炒，拌炒至牛肉表面反白。'),
(43, 6, '放入玉米粒拌炒熟透 (若使用罐頭請瀝乾水份，稍作拌炒即可) 。'),
(44, 6, '將炒料倒入於熱過的白飯上，加入1/2小匙鹽巴及適量黑胡椒調味，所有所材料攪拌均勻。'),
(45, 6, '鋪上煎好的太陽蛋即可一起享用。'),
(46, 7, '高麗菜切小塊；雞胸肉逆紋切小片，加入1/2小匙鹽巴、適量白胡椒拌勻，接著加入些許橄欖油拌勻靜置20分鐘；蒜頭切末。'),
(47, 7, '熱鍋，放入一半無水奶油融化，加入雞胸肉片快速煎炒至表面反白，取出備用。'),
(48, 7, '放入蒜末炒香，炒到蒜末表面微呈金黃。'),
(49, 7, '放入高麗菜拌炒至微軟，加入剛剛的雞胸肉片、約50ml水，翻拌到雞胸肉熟透。'),
(50, 7, '加入剩下一半無水奶油，加入醬油、黑胡椒拌勻，再補入適量鹽巴及糖調味拌勻即可。'),
(51, 8, '紅蘿蔔切末；雞蛋打散；香菇切末；蘆筍切小斜段；蒜頭切末；蔥白與蔥綠分別切花。'),
(52, 8, '雞胸肉切小丁，加入約1/3小匙鹽巴與適量黑胡椒抓醃，靜置備用。'),
(53, 8, '混合味噌、日式醬油、米酒備用。'),
(54, 8, '熱鍋，加入些許橄欖油，放入雞丁快速拌炒至表面反白，取出備用。'),
(55, 8, '加入一半蒜末爆香，接著放入香菇末炒香，接著放入紅蘿蔔末炒軟，放入蘆筍稍作拌炒。'),
(56, 8, '把上述炒料撥到鍋子一邊，補入一些油，放入蔥白炒香，接著倒入蛋液炒至雞蛋表面金黃，之後將炒料全部炒勻。'),
(57, 8, '加入白飯，炒至飯粒乾爽、粒粒分明。'),
(58, 8, '放回雞丁拌炒熟透，接著倒入味噌醬炒勻，嚐一下味道，不夠鹹的話再自行酌量加入鹽巴。'),
(59, 8, '最後加入蔥綠、剩下的蒜末、黑胡椒，翻炒均勻即可。'),
(60, 9, '將泡菜擰乾備用。'),
(61, 9, '肉片一片一片疊好，每一片都與交疊在前一片1/3處。'),
(62, 9, '將擰乾的泡菜置於牛肉片上，雙手慢慢往前捲緊。'),
(63, 9, '平底鍋開中小火，底部加入適量橄欖油抹勻，肉卷開口朝下放入鍋中。'),
(64, 9, '等到封口處定型、呈現金黃色之後，翻面將肉捲每一面都煎至金黃。'),
(65, 9, '淋上鰹魚醬油，讓醬汁滾煮收汁，肉卷上色即可。'),
(66, 10, '蛋攪拌均勻，熱油鍋，下蛋，開始凝固後，用筷子從旁邊慢慢捲餅皮，也可用夾子輔助，蛋捲好，起鍋，切塊，備料'),
(67, 10, '魚肚去除尾鰭，用清水清洗乾淨，水份擦乾，肉面上些許鹽，放置10～15分鐘。'),
(68, 10, '鍋內下一小匙油，熱鍋，魚排下鍋雙面煎至微焦肉煎熟後，起鍋，備料。'),
(69, 10, '鍋內下一匙油，木耳，芹菜，下鍋，稍微拌炒後，加入些許水，鹽巴，拌炒均勻，起鍋備料。'),
(70, 10, '油鍋熱後，蒜頭爆香，加入菠菜，些許鹽巴，中大火快炒，菠菜變至深綠色後，起鍋備料'),
(71, 10, '最後所有料理一並擺盤，完成'),
(72, 11, '洋蔥切末，蒜頭切末，青蔥切花，蘑菇切小丁，紅蘿蔔切末，玉米筍切小丁，鮭魚切丁。'),
(73, 11, '鮭魚丁放入鍋中煎至雙面金黃，取出備用。'),
(74, 11, '鍋中放入1大匙無水奶油，加入洋蔥炒軟，加入一半蒜末炒香。'),
(75, 11, '接著放入蘑菇炒至表面微金黃，放入紅蘿蔔及玉米筍拌炒至熟，將炒料先取出備用。'),
(76, 11, '鍋中補入一大匙無水奶油，加入一半青蔥花爆香，接著倒入蛋液炒至半。'),
(77, 11, '放入白飯炒散，之後將剛剛的炒料放回翻拌均勻。'),
(78, 11, '放回剛剛煎好的鮭魚翻拌至熟。'),
(79, 11, '以適量鹽巴、檸檬汁及黑胡椒調味，起鍋前加入剩下的生蒜及蔥花即可。'),
(80, 12, '蝦子去除外殼，沙線，鮭魚切成塊狀，撒些鹽巴，放置10~15分鐘。'),
(81, 12, '下一匙油，油鍋熱後，鮭魚，蝦仁，放入鍋內，開中小火，食材煎熟，起鍋，備料'),
(82, 12, '花椰菜，玉米筍，蔬菜稍微過熱水，花椰菜變深綠色後，起鍋瀝乾水份。'),
(83, 12, '鍋子擦拭乾淨，下些許油熱鍋，木耳，下鍋，稍微乾煎一下'),
(84, 12, '加回花椰菜，玉米筍，拌炒約2~3分鐘。'),
(85, 12, '最後加入鮭魚，蝦仁，些許鹽巴，拌炒均勻，起鍋，完成。'),
(86, 13, '青蔥分別切花；蒜頭切末；雞蛋加入松露醬打散備用；混合1/3大匙太白粉及1/3匙水成芡水備用。'),
(87, 13, '蝦子去殼、去除腸泥，洗淨之後用面紙壓乾水分，加入蝦醃料醃漬，靜置10分鐘備用。'),
(88, 13, '鍋中加入些許松露油，放入蝦子炒至九分熟，取出備用。'),
(89, 13, '同鍋不洗，加入蒜末及蔥白炒香，接著加入開水滾煮。'),
(90, 13, '加入蠔油及白胡椒調味，這個地方可以試一下味道，如果要當燴飯或是蓋飯的話味道可以重一點，搭配白飯才會剛好。'),
(91, 13, '加入太白粉水拌勻勾芡。'),
(92, 13, '淋入松露蛋液，等待表面稍微凝固之後用鏟子輕輕撥動。'),
(93, 13, '等待蛋液都凝固之後，倒出淋在白飯上即可。'),
(94, 14, '牛番茄切片，鋪在烤盤上，牛番茄表面撒上黑胡椒，再灑上起司絲。'),
(95, 14, '氣炸烤箱溫度設定200度12分鐘，時間到取出呈盤即可。'),
(96, 15, '雞胸肉加入1小匙鹽巴、紅椒粉、洋蔥粉（也可以多加蒜粉）塗抹均勻，之後靜置隔夜備用。'),
(97, 15, '雞胸肉取出放上不沾烤盤。'),
(98, 15, '烤箱預熱200度5分鐘。'),
(99, 15, '雞胸肉盤置於上層，溫度200度3分鐘，之後160度8分鐘。'),
(100, 15, '雞胸肉取出，靜置約5分鐘，切片享用即可。'),
(101, 16, '青花菜切小洗淨，去除硬梗；玉米筍切斜段；鴻禧菇去除根部。'),
(102, 16, '將蔬菜平鋪於烤盤，加入適量鹽巴、黑胡椒及橄欖油攪拌均勻備用，放兩顆雞蛋一起烤。'),
(103, 16, '烤箱預熱200度5分鐘，蔬菜盤置於下層，溫度200度3分鐘，之後160度5分鐘。'),
(104, 16, '雞蛋取出泡冷水，去殼；蔬菜取出加入巴薩米克醋（紅標陳年醋）。'),
(105, 17, '蒜頭切末，馬鈴薯切絲。'),
(106, 17, '鍋中放入兩大匙油，放入馬鈴薯斯拌炒至油均勻包裹馬鈴薯絲表面。'),
(107, 17, '加入適量水悶煮至水分大致收乾，約2分鐘。'),
(108, 17, '開蓋放入一半蒜末拌勻。'),
(109, 17, '熄火，接著放入一大匙巴薩米克醋和剩下的蒜末，以適量鹽巴調味即可。'),
(110, 18, '青蔥切花、薑磨成泥、高麗菜切絲。'),
(111, 18, '豬肉燒烤片用刀背拍鬆斷筋。'),
(112, 18, '以豬肉片捲起高麗菜絲，包緊。'),
(113, 18, '鍋裡噴一些油，將肉片開口處朝下鋪入鍋中，並且淋入2大匙米酒，加鍋蓋中小火悶煎至表面反白。'),
(114, 18, '開蓋翻面繼續煎至熟透。'),
(115, 18, '將鍋子裡的湯汁倒出備用。'),
(116, 18, '鍋子放入一大匙雞油，放入蔥花和薑泥小火慢慢煸香，之後加入剛剛的湯汁，以1/2小匙鹽巴調味(可以自行增減鹽巴份量)。'),
(117, 18, '將蔥鹽醬淋在肉捲上即可。'),
(118, 19, '地瓜、紅蘿蔔及高麗菜切絲。'),
(119, 19, '混合麵粉、開水、雞蛋，攪拌均勻之後加入黑胡椒及鹽巴調味，接著將切好的蔬菜絲放入拌勻。'),
(120, 19, '醬料材料混合備用。'),
(121, 19, '將麵糊以湯勺盛起，以湯匙輔助，讓麵糊滑入鍋中，中小火煎到雙面金黃後取出。'),
(122, 19, '搭配醬料一起食用即可。'),
(123, 20, '紅蘿蔔加入鍋中炒軟，放入菇類及玉米粒拌炒。'),
(124, 20, '放入鹹蛋丁及皮蛋丁接續拌炒至香味飄出。'),
(125, 20, '放入高麗菜拌炒至微軟。'),
(126, 20, '加入冷凍白米，加入適量水。'),
(127, 20, '煮滾後，關蓋轉中小火繼續燉煮，要記得偶爾開蓋攪拌一下。'),
(128, 20, '煮到米粒爆開後，加入適量白胡椒及鹽巴調味。'),
(129, 20, '加入打散的蛋液，最後拌勻即可。'),
(130, 21, '金針菇去除根部切段，紅蘿蔔、木耳切絲，乾香菇泡開後擰乾切絲，四季豆切斜片，白米洗乾淨。'),
(131, 21, '生豆包放入鍋中，煎至雙面金黃，取出切細條備用。'),
(132, 21, '香菇水加入2大匙醬油，加水至400g(總共的水量為400g的意思)。'),
(133, 21, '鍋中放入白米，加入剛剛調好的水分。'),
(134, 21, '依序鋪上乾香菇、紅蘿蔔絲、蒟蒻、金針菇、生豆包及四季豆。'),
(135, 21, '煮滾後轉小火，加蓋悶至米粒熟透。'),
(136, 21, '開蓋翻拌，加入1小匙鹽巴調味拌勻。'),
(137, 22, '洋蔥切絲、蘑菇切片，乾香菇泡乾擰乾後切片、蒜頭切末。'),
(138, 22, '滾水加入適量鹽巴及橄欖油，放入義大利麵滾煮，比包裝上時間早一分鐘取出。'),
(139, 22, '鍋中放入蒜末爆香。'),
(140, 22, '加入洋蔥炒軟。'),
(141, 22, '放入乾香菇炒香。'),
(142, 22, '加入鴻禧菇、蘑菇乾煸，慢慢炒到出水，在慢慢炒到水分收乾。'),
(143, 22, '加入奶油拌炒融化。'),
(144, 22, '加入兩匙醬油拌勻，加入適量麵水。'),
(145, 22, '放回煮好的義大利麵拌炒均勻。'),
(146, 22, '起鍋前以適量鹽巴、黑胡椒、巴薩米克醋拌炒調味即可。'),
(147, 23, '紅蘿蔔切絲；櫛瓜切絲；蛋液打散；豆包剝成粗絲狀；杏鮑菇加入約1/8小匙鹽巴抓勻，靜置15分鐘之後擰乾水份。'),
(148, 23, '麵條放入滾水中煮熟，撈出瀝乾之後淋入一點花椒油拌勻備用。'),
(149, 23, '混合醬汁材料成涼麵醬汁備用。'),
(150, 23, '熱鍋，鍋底抹入一些油，倒入蛋液煎成蛋皮，取出放涼後切成蛋絲。'),
(151, 23, '放入紅蘿蔔絲及櫛瓜絲，鍋子加入一點水燒熱，加鍋蓋稍微悶1分鐘，取出備用。'),
(152, 23, '放入豆皮及杏鮑菇煎到表面金黃，取出備用。'),
(153, 23, '開始組裝，麵條鋪底，放上紅蘿蔔絲、櫛瓜絲、豆皮、杏鮑菇及蛋絲，最後淋上醬汁，灑上些許芝麻裝飾即可。'),
(154, 24, '乾香菇泡開備用，泡軟後切成香菇小丁。'),
(155, 24, '薑磨成泥備用，洋蔥切成末。'),
(156, 24, '板豆腐切成六等分，中間挖出一個鑲肉餡的空間。'),
(157, 24, '新豬肉加入乾香菇、薑泥、適量黑胡椒及0.5大匙蠔油拌勻。'),
(158, 24, '將調味好的新豬肉餡鑲入豆腐裡。'),
(159, 24, '肉餡那面朝下，煎成金黃後翻面，六面都煎成金黃的樣子，取出備用。'),
(160, 24, '放入洋蔥拌炒軟，加入黑胡椒稍微拌炒。'),
(161, 24, '加入泡香菇的水，再補些開水，滾煮至洋蔥軟化。'),
(162, 24, '加入一大匙蠔油，放入豆腐，加蓋悶煮。'),
(163, 24, '以湯匙淋些醬汁在豆腐上，翻面讓每面都沾裹醬汁。'),
(164, 24, '起鍋前加入一小塊奶油即可。'),
(165, 25, '紅蘿蔔切絲、四季豆切斜片、鴻禧菇去除根部剝散。'),
(166, 25, '混合醬料備用。'),
(167, 25, '蔬菜煮熟(可以用微波/水煮或是炒的方式)，加入適量鹽巴、黑胡椒及香油拌勻。'),
(168, 25, '開始製作辣肉醬的部分，洋蔥切末，蒜頭切末，新豬肉完全退冰。'),
(169, 25, '洋蔥放入鍋中炒軟，加入蒜末炒香。'),
(170, 25, '放入新豬肉炒散。'),
(171, 25, '加入剛剛調好的醬汁炒成辣肉醬。'),
(172, 25, '最後煎一顆太陽蛋，組裝成盤即可。'),
(173, 26, '250g麵粉加入一小搓鹽巴拌勻。'),
(174, 26, '慢慢加入熱水約150g(每款麵粉吸水性不太一樣，所以要慢慢加，以可以成團為原則)。'),
(175, 26, '加入一點橄欖油，慢慢搓揉成團。'),
(176, 26, '搓呈長條狀，放入冷水中浸泡30分鐘備用。'),
(177, 26, '滾水加入些許橄欖油，麵團以手捏成麵疙瘩形狀，放入滾煮。'),
(178, 26, '撈起瀝乾，可以拌一點橄欖油比較不會沾黏。'),
(179, 26, '熱油，加入雞蛋慢慢拌炒，用鍋鏟推，不要炒成蛋花哦！'),
(180, 26, '雞蛋取出備用，加入番茄丁炒軟。'),
(181, 26, '加入鴻禧菇、四季豆接續拌炒。'),
(182, 26, '放入燙好的麵疙瘩。'),
(183, 26, '以適量糖、醬油、黑胡椒及水調味。'),
(184, 26, '收汁加入雞蛋，拌勻即可起鍋。'),
(185, 27, '洋蔥切小丁，美白菇切除根部後撥散，紅蘿蔔切小丁，新豬肉完全退冰。'),
(186, 27, '鍋中放些無水奶油，放入洋蔥丁及紅蘿蔔丁拌炒至軟。'),
(187, 27, '放入美白菇炒香，加入豆皮炒軟。'),
(188, 27, '放入新豬肉炒勻。'),
(189, 27, '以適量黑胡椒、鹽巴調味。'),
(190, 27, '餡料起鍋備用。'),
(191, 27, '雞蛋打散，加入牛奶及鮮奶油。'),
(192, 27, '酥皮鋪入模中，壓平，放入剛剛炒好的餡料。'),
(193, 27, '倒入蛋液，以200度烤20-25分鐘即可。'),
(194, 28, '薑切片，蒜頭切末，蒟蒻用湯匙或叉子挖成小塊狀，杏鮑菇切滾刀塊。'),
(195, 28, '混合麻油、醬油、蠔油、砂糖、米酒備用。'),
(196, 28, '蒟蒻放入滾水中燙五分鐘，撈起沖洗乾淨後瀝乾備用。'),
(197, 28, '鍋中加入適量油，放入薑片拌炒致呈現蜷曲狀。'),
(198, 28, '加入蒜末炒香。'),
(199, 28, '放入杏鮑菇炒至表面金黃，接著放入燙好的蒟蒻拌炒。'),
(200, 28, '倒入醬汁，加蓋悶煮到醬汁收到一半，開蓋繼續拌炒收汁。'),
(201, 28, '汁差不多收乾之後，加入九層塔快速拌勻即可。'),
(202, 29, '洋蔥切小塊；紅蘿蔔切小滾刀；甜椒切小角形；玉米筍切滾刀；南瓜切小塊；馬鈴薯去皮切小塊；蘑菇切片；青花菜切小洗淨後去除硬梗。'),
(203, 29, '放入洋蔥及蘑菇片炒香，炒至表面微焦香。'),
(204, 29, '接著放入馬鈴薯塊及南瓜塊拌炒。'),
(205, 29, '放入甜椒、紅蘿蔔、玉米筍稍作拌炒。'),
(206, 29, '加入開水(或是高湯)煮滾後轉小火，加蓋子燉煮20分鐘。'),
(207, 29, '開蓋後加入豆奶，煮至為滾，加入青花菜煮熟。'),
(208, 29, '以黑胡椒及鹽巴調味，將所有材料拌勻即可。'),
(209, 30, '杏鮑菇切成小丁狀，剝皮辣椒切碎。'),
(210, 30, '杏鮑菇放入鍋中，炒至呈現微金黃。'),
(211, 30, '放入新豬肉炒散。'),
(212, 30, '加入剝皮辣椒、剝皮辣椒湯汁、黑胡椒、味醂、味噌和醬油調味。'),
(213, 30, '拌炒均勻收汁即可。'),
(214, 31, '蘑菇切片，甜菠菜切小段，雞蛋打散。'),
(215, 31, '蘑菇放入鍋中乾炒至出水，慢慢炒乾。'),
(216, 31, '補入一些油，放入甜菠菜拌炒至軟，取出倒入蛋液中。'),
(217, 31, '加入黑胡椒、鹽巴、起司絲拌勻。'),
(218, 31, '蛋液倒入鍋中，小火加蓋慢慢烘至表面凝固。'),
(219, 31, '翻面繼續烘至表面金黃即可。'),
(220, 32, '嫩豆腐切小塊，先放進加入醬油的滾水中滾煮，再準備其他材料，蔥切花。'),
(221, 32, '蒜頭、薑切末，杏鮑菇切末，金針菇去除根部後切末。'),
(222, 32, '花椒粒冷油入鍋，慢慢煸到香味飄出，將花椒油瀝出備用。'),
(223, 32, '加入適量花椒油，放入蒜末及薑末爆香。'),
(224, 32, '加入杏鮑菇炒至表面略呈金黃。'),
(225, 32, '加入豆瓣醬拌炒，之後加入開水滾煮。'),
(226, 32, '放入剛剛的豆腐，過篩的花椒粒也用篩子盛著一併滾煮。'),
(227, 32, '加入白胡椒、鹽巴調味。'),
(228, 32, '放入金針菇滾煮至收汁。'),
(229, 32, '起鍋前加入一點花椒油、香油及蔥花即可。'),
(230, 33, '香菇去除香菇蒂，切花備用，切下來的碎香菇和香菇蒂一起切成末。'),
(231, 33, '加入半包新豬肉、切碎的高麗菜、咖喱粉、黑胡椒及鹽巴拌勻。'),
(232, 33, '香菇撒點太白粉，鑲入新豬肉泥。'),
(233, 33, '肉泥面朝下先煎香，再翻面將香菇煎熟即可。'),
(234, 34, '蘑菇及洋蔥切末，去下玉米粒，馬鈴薯蒸熟（或微波熟）。'),
(235, 34, '馬鈴薯趁熱加入牛奶壓成泥狀。'),
(236, 34, '馬鈴薯泥加入黑胡椒及鹽巴調味拌勻。'),
(237, 34, '洋菇放入鍋中炒至出水，這時候繼續炒至收乾。'),
(238, 34, '補一點奶油或橄欖油，加入洋蔥及玉米粒拌炒。'),
(239, 34, '等待洋蔥炒至焦糖化，起鍋備用。'),
(240, 34, '炒料加進馬鈴薯泥裡面拌勻，以適量黑胡椒及一匙鹽巴調味。'),
(241, 34, '將馬鈴薯泥平分成六等份，各自捏成餅狀。'),
(242, 34, '依序沾裹麵粉、蛋液及麵包粉。'),
(243, 34, '如果煎炸至金黃即可。'),
(244, 35, '爆香薑末，豆乾放入鍋中炒至四面金黃。'),
(245, 35, '放入杏鮑菇炒熟。'),
(246, 35, '加入蒜末、洋蔥，炒至洋蔥透明軟化。'),
(247, 35, '加入豆瓣醬、甜甜麵醬拌炒。'),
(248, 35, '加入適量水煨煮，之後以醬油、糖、白胡椒調味。'),
(249, 35, '炒至收汁即可起鍋。'),
(250, 35, '組裝，麵條加入炒好的炸醬，放上小黃瓜、紅蘿蔔及蛋絲即可。'),
(251, 36, '鹹蛋黃切碎、蔥切蔥花、蒜頭切末、雞蛋黃打散加入白飯中抓勻、蝦仁去腸泥以蝦仁醃料抓醃5分鐘備用。'),
(252, 36, '鍋內下4大匙油，放入蝦頭與蝦殼中火煸5分鐘(可用鍋鏟擠壓蝦頭幫助蝦膏流出)，煸至由呈現紅色取出蝦頭與蝦殼，放入蝦仁大火煎熟取出備用。'),
(253, 36, '放入鹹蛋黃炒至起泡，下蒜末爆香後放入飯，大火將飯炒鬆炒上色，最後放蝦仁、蔥花及調味料，再次拌炒均勻即完成。'),
(254, 37, '將牛肉筋膜修掉、蔥切蔥段、薑切小片備用。'),
(255, 37, '起一鍋滾水放入筋膜，汆燙1-2分鐘取出洗淨，連同蔥、薑及調味料，放入電鍋內鍋，外鍋8杯水（1次2杯，跳起再倒入2杯共4次）。'),
(256, 37, '承上，取出蔥段與薑片，放涼冷藏一晚，隔天重新加熱即可食用！'),
(257, 38, '大蔥斜切、金針菇去根部洗淨、香菇刻花、板豆腐切塊、烏龍麵不退冰、醬汁預先調好備用。'),
(258, 38, '鍋內1大匙油，放入板豆腐中大火雙面各煎2-3分鐘至金黃備用；鍋內下1大匙油，將大蔥段炒香，加入調味料及水煮滾，接著再下金針菇、板豆腐、香菇及冷凍烏龍麵中大火滾煮。'),
(259, 38, '滾煮2-3分鐘後下牛肉片，續煮10-15秒至熟即完成！'),
(260, 39, '紅蘿蔔切小丁，玉米筍切小丁，洋蔥切末，蒜頭切末，高麗菜切小丁，青蔥切花，剝皮辣椒切末，雞蛋打散。'),
(261, 39, '牛肉切小丁，加入一小匙醬油、一小匙米酒、一小匙剛剛打好的蛋液、適量白胡椒拌勻抓醃，靜置10分鐘。'),
(262, 39, '牛肉放入鍋中炒至半熟，取出備用。'),
(263, 39, '放入洋蔥末炒軟，接著放入一半蒜末炒香。'),
(264, 39, '放入玉米筍、紅蘿蔔稍作拌炒，接著放入剝皮辣椒炒勻。'),
(265, 39, '加入高麗菜拌炒至稍微軟化，撈起炒料備用。'),
(266, 39, '青蔥放入鍋中炒香，接著放入蛋液炒至半熟。'),
(267, 39, '加入白飯，以輕輕壓鬆的方式炒散，炒至白飯粒粒分明。'),
(268, 39, '放入剛剛的炒料炒勻，以適量白胡椒、一大匙醬油調味，最後起鍋前加入生蒜及剩下的蔥花即可。'),
(269, 40, '薑切片、乾香菇泡水1小時還原、雞肉冷水入鍋開大火煮至微滾，倒掉汆燙的水將雞肉洗淨，另起一鍋放入雞肉、脆瓜（含醬汁）、薑片、米酒及水放入電子鍋備用。'),
(270, 40, '選擇燉湯模式跑完行程，起鍋後加入1/4小匙鹽即完成。'),
(271, 41, '去骨雞腿排將較厚處切開(幫助平均受熱)，並去除腳骨及多餘雞皮(成品好看)後，接著用1小匙鹽及1大匙米酒醃30分鐘備用。'),
(272, 41, '擦乾雞皮(幫助上色)，鍋內不放油放入雞腿排及剛剛取下的雞皮，以「小火」煎至表皮金黃，接著將雞腿排翻面並倒入調味料，「中火」煮3分鐘至醬汁濃稠，再來翻面讓醬汁均勻沾附在雞肉，取出切條即完成！'),
(273, 42, '去骨雞腿排去皮切3公分塊、洋蔥、馬鈴薯切大塊，雪白菇去掉根部剝散備用。'),
(274, 42, '將雞肉以外的食材放入內鍋，接著加水淹過食材，外鍋2杯水蒸煮30-40分鐘。'),
(275, 42, '接著內鍋放雞肉，外鍋再半杯水蒸煮10分鐘，開蓋調成保溫下咖哩塊，全部溶解且湯汁濃稠即完成。'),
(276, 43, '蒜頭切末、辣椒切段、調味料調好、羊肉以上述醃料抓醃10分鐘、起一鍋滾水放入油麵，水再次滾起且油麵開始膨脹後取出備用。'),
(277, 43, '鍋內下油將羊肉炒至7分熟取出，利用鍋內剩餘的油爆香蒜頭與辣椒，接著加入150cc的水，將油麵、調味料放入並攪拌均勻，煮約2-3分鐘麵條吸收醬汁後，放入空心菜拌炒至斷生，最後放回羊肉再次拌炒均勻即完成。'),
(278, 44, '番茄帶皮切小丁、3顆蛋打散、蔥切蔥花、蒜頭切末、起一鍋滾水煮麵備用。'),
(279, 44, '鍋內1大匙油把油燒熱下蛋液，等蛋液周圍都凝固再翻炒，炒熟後取出備用。'),
(280, 44, '鍋內下1大匙油燒熱後下番茄丁，加入1/2小匙鹽巴「中大火」炒3分鐘，直至番茄軟化後加入蒜末、1大匙醬油、1/2小匙白胡椒粉、香油與糖拌炒，接著加入250cc清水與蛋碎，「中火」煮3-4分鐘，直至蛋碎吸飽湯汁膨脹即完\n成！'),
(281, 44, '最後與麵組裝撒上蔥花即完成！'),
(282, 45, '鍋內下2大匙胡麻油1大匙食用油，以中小火煸香薑片，薑片開始變色後，放蒜頭繼續煸至薑片捲曲、蒜頭呈現金黃色即可。'),
(283, 45, '同一鍋轉中火加入醃好的雞腿肉、辣椒段、1小匙冰糖及2大匙醬油膏（蠔油亦可）翻炒，雞肉上色後加入50cc米酒，蓋上鍋蓋中火燜煮4-5分鐘。'),
(284, 45, '4-5分鐘後開蓋，轉中大火收到醬汁濃稠，關火下九層塔熱拌即完成！'),
(285, 46, '蛋打散、蔥切蔥花、蒜頭切末、蝦仁開背去腸泥，以蝦仁醃料醃10分鐘備用。'),
(286, 46, '鍋內下1大匙油，爆香蒜末後下蝦仁炒至全熟備用。'),
(287, 46, '蛋液加入作法2、醬油及蔥花攪拌均勻，鍋內下2大匙油把油燒熱，倒入蛋液至產生裙邊後關火，用平行堆疊的方式，將蛋炒至7分熟即完成！'),
(288, 47, '雞腿排切3x3cm塊醃10分鐘、薑切片、蒜頭對半切粒、辣椒斜切圈、蔥5根切長段、蔥1根切蔥花備用。'),
(289, 47, '鍋內下1.5大匙油，冷油放入蔥段及薑片，中火煸至蔥白焦黃（約5分鐘），接著放入蒜頭及辣椒爆香，再來放入雞肉炒至雞皮微微上色。'),
(290, 47, '承上，加入調味料、米酒及水，中火燒製5分鐘，燒至底部醬汁濃稠，取出蔥段撒上蔥花即完成！'),
(291, 48, '芙蓉豆腐1開4切成正方形，共可取8塊。'),
(292, 48, '將油溫燒至190-200度之間，豆腐放在漏勺上，一次下2-4塊炸20秒取出瀝油，8塊都炸好即完成！'),
(293, 49, '大腸買回家以麵粉清洗大腸正反面以去除腸油跟髒汙。'),
(294, 49, '大腸不要先切，起一鍋冷水將大腸放入，裡面放入米酒、薑片、蔥段、蒜頭、花椒粒、白醋，煮到滾後約5分鐘取出泡冷水，冷卻後切成段備用。'),
(295, 49, '熱鍋冷油爆香薑絲，薑絲炒透後放入3大匙米豆醬、1大匙糖、1小匙米酒，接著放入辣椒段跟大腸繼續炒，炒約1分鐘倒入4大匙醋精，收汁到自己喜歡的程度即完成！'),
(296, 50, '所以材料洗好切好備妥後，記得馬鈴薯不要切小塊，盡量方正跟大塊才不會煮到化掉。'),
(297, 50, '少許油熱鍋，洋蔥、紅蘿蔔下鍋拌炒，炒出香味後，加入牛五花肉片，拌炒至肉片7-8分熟，將肉片撈起來備用（也可以選用豬肉，選用較有油脂的梅花肉或五花肉才不會太乾柴哦）'),
(298, 50, '接著加入杏鮑菇、馬鈴薯塊，加水300ml淹過食材即可，先加入味霖一大匙（可讓馬鈴薯不會溶這麼快），轉大火煮滾後轉小火熬煮15分鐘左右'),
(299, 50, '至馬鈴薯煮爛湯頭變得稍微濃稠後，馬鈴薯可以輕鬆穿過，接著加入肉片，薄鹽醬油2大匙、鰹魚露一大匙、米酒2大匙，再煮滾一次後燉5分鐘，最後嚐嚐味道，不夠鹹再加一點鹽巴或醬油，還要記得加白胡椒粉覺得味道蠻搭的，記得要煮偏鹹一點，拌飯味道才不太淡！'),
(300, 51, '蒜頭切片；辣椒切圈；蛤蜊吐沙；九層塔洗淨備用。'),
(301, 51, '加入些許橄欖油，放入蒜片炒到表面微呈金黃，之後放入辣椒圈稍作拌炒。'),
(302, 51, '加入水及米酒煮滾，之後放入蛤蜊煮至打開，蛤蜊打開後取出備用。'),
(303, 51, '放入烏龍麵，加蓋煮軟。'),
(304, 51, '之後放回蛤蜊拌炒收汁，最後加入九層塔稍作拌炒即可。'),
(305, 52, '鴻禧菇去除根部剝散；洋蔥切末；雞胸肉逆紋切片，加入約1小匙香料鹽拌勻，之後加入些許橄欖油拌勻，靜置20分鐘；蛋黃加入豆腐中打成泥狀。'),
(306, 52, '鍋燒熱，加入些許冷橄欖油，放入雞胸肉快速拌炒至表面反白，取出備用。'),
(307, 52, '放入洋蔥末炒軟，接著放入鴻禧菇拌炒至香味飄出。'),
(308, 52, '加入雞高湯滾煮，放入蛤蜊滾煮倒蛤蜊打開，取出去殼備用。'),
(309, 52, '放入白飯拌煮收汁，直到醬汁收到差不多之後，加入剛剛的雞胸肉拌勻煮炒熟。'),
(310, 52, '熄火並且離火，倒入剛剛的豆腐蛋黃泥快速攪拌至濃稠，加入一匙煎魚醬油拌勻，放入剛剛剝下的蛤蜊肉拌勻。'),
(311, 52, '最後以適量鹽巴、調整味道即可。'),
(312, 53, '洋蔥切末；紅蘿蔔切末； 黑蠔菇去除根部後剝散；玉米筍切小斜片；鹹蛋黃壓成泥狀備用；蝦子用紙巾壓乾備用。'),
(313, 53, '蝦子放入鍋中，煎至雙面轉紅取出備用。'),
(314, 53, '鍋中加入些許無水奶油，放入鹹蛋黃炒至起泡，倒出與煉奶拌勻備用。'),
(315, 53, '鍋中補入些許橄欖油，放入洋蔥末炒軟，放入玉米筍、紅蘿蔔及黑蠔菇拌炒。'),
(316, 53, '加入雞高湯滾煮，接著加入白飯拌煮收汁。'),
(317, 53, '放入剛剛煎好的蝦子煮熟，及調好的金沙醬拌勻收汁。'),
(318, 53, '最後以適量鹽巴調整鹹度即可。'),
(319, 54, '洋蔥切絲，紅蔥頭切片，青蔥切花備用。配料的部分高麗菜切絲，玉米筍切對半，以微波蒸煮的方式微波一分鐘備用。'),
(320, 54, '雞腿以適量鹽巴及黑胡椒醃漬，放入鍋中，以重物壓著煎到皮呈現金黃，翻面煎熟，取出切塊備用。'),
(321, 54, '不洗鍋，放入蔥白和紅蔥頭，炒至紅蔥頭表面微呈金黃。'),
(322, 54, '接著放入洋蔥絲炒軟。'),
(323, 54, '洋蔥絲軟化後，加入雞高湯及開水煮滾，加入一大匙日式醬油及一大匙調味，接著倒入無糖豆漿拌勻，微滾後瀝出，再將瀝乾淨的高湯放入鍋中。'),
(324, 54, '拉麵放入滾水中燙熟，之後加入豆奶高湯中。'),
(325, 54, '起鍋，碗中放入拉麵，鋪上配菜，放入糖心蛋、高麗菜、海苔絲，撒上蔥花，淋入高湯即可。'),
(326, 55, '紅蔥頭切片，蒜頭切末，薑切絲(也可以切末)，雞蛋打散備用。'),
(327, 55, '蛤蠣放入鍋中，加入50g米酒和200g水，蛤蠣煮開後先取出放入容器中加蓋靜置，蛤蜊湯汁過濾之後，放涼備用，並補水至300g。'),
(328, 55, '白米洗淨，加入剛剛的蛤蠣高湯煮滾，轉小火悶煮約15分鐘，開蓋拌勻後繼續悶著備用。'),
(329, 55, '吻仔魚放入鍋中炒香，接著加入蛋液拌炒至雞蛋表面略呈金黃，取出備用。'),
(330, 55, '加入一大匙雞油，放入紅蔥頭、蒜末及薑絲爆香，炒至紅蔥頭及蒜末表面呈金黃。'),
(331, 55, '放入紅蘿蔔、鴻禧菇炒軟，接著放入毛豆拌炒熟透，之後把剛剛的吻仔魚蛋放回。'),
(332, 55, '加入透抽拌炒均勻至所有食材熟透。'),
(333, 55, '將炒料加進白飯中拌勻即可。'),
(334, 56, '洋蔥切末，薑與蒜頭切末，紅蘿蔔切成小斜片，青花菜洗淨切成好入口的大小，鴻禧菇去除根部剝散，青蔥切花。'),
(335, 56, '蝦子開背去除腸泥，透抽處理乾淨之後切圈。'),
(336, 56, '鍋中加入一匙雞油，放入薑末及蒜末炒香。'),
(337, 56, '放入洋蔥炒軟，之後放入炒蘿蔔片及鴻禧菇炒香。'),
(338, 56, '加入雞高湯滾煮，加入兩大匙醬油、一大匙醬油膏、兩小匙糖及適量白胡椒調味，並放入青花菜滾煮。'),
(339, 56, '待蔬菜軟化之後放入蛤蠣煮開，接著放入其他海鮮料煮熟。'),
(340, 56, '加入太白粉水稍作勾芡，撒上蔥花即呈燴汁。'),
(341, 56, '雞蛋打散煎成蛋包或蛋捲狀，組合享用燴飯即可。'),
(342, 57, '松阪豬肉以叉子在表面上戳洞，越密越好。'),
(343, 57, '松阪豬肉加入香料鹽、黑胡椒及米酒充分抓勻，靜置備用，至少醃漬1小時。'),
(344, 57, '取醃好的松阪豬，氣炸烤箱溫度設定200度12分鐘，時間到取出呈盤即可。'),
(345, 58, '金針菇加入鹽巴、黑胡椒及蒜末拌勻，上面放上無水奶油，放入鋁箔紙中包好。'),
(346, 58, '氣炸烤箱溫度設定200度12分鐘，時間到取出呈盤即可。'),
(347, 59, '蒜頭切末、薑切末、青蔥切花，將蔥白與蔥綠分開。'),
(348, 59, '蝦子去殼，洗淨擦乾，去除腸泥、開背，加入適量鹽巴、白胡椒、少許香油及糖抓醃，靜置15分鐘。'),
(349, 59, '混合醬汁，備用。'),
(350, 59, '蝦子放入鍋中煎熟，取出備用。'),
(351, 59, '爆香蒜末、薑末，蔥白。'),
(352, 59, '加入調勻的醬汁拌煮。'),
(353, 59, '放入剛剛煎好的蝦子拌炒收汁。'),
(354, 59, '起鍋加入些許蔥花即可。'),
(355, 60, '所有醃料混合均勻。'),
(356, 60, '雞里肌去除筋膜，放入醃料中醃漬20分鐘'),
(357, 60, '鍋稍熱，放入雞里肌後轉小火，慢煎4分鐘左右翻面，用鍋鏟壓一下幫助上色。'),
(358, 60, '翻面後加鍋蓋稍微悶一下，雞肉熟透即可起鍋。'),
(359, 61, '絲瓜去除絲瓜囊後切成小丁狀，紅蔥頭切末，雞里肌打程絞肉備用。'),
(360, 61, '取一大碗，放入雞絞肉，加入紅蔥頭末和絲瓜小丁拌勻，順時鐘攪拌至雞肉出現黏性。'),
(361, 61, '加入一小匙鹽巴和適量白胡椒，繼續攪拌均勻。'),
(362, 61, '雙手抹油，將肉餡捏成餅狀。'),
(363, 61, '放肉餅放入鍋中，中小火煎至金黃，翻面煎至熟透即可。'),
(364, 62, '雞胸切片，加入1.5匙香料鹽拌勻備用。'),
(365, 62, '蘑菇切片，洋蔥切絲，玉米筍切片，小番茄切對半，蒜頭切末。'),
(366, 62, '鍋中加入兩大匙橄欖油，放入蒜末炒至金黃。'),
(367, 62, '加入洋蔥絲炒軟，接著放入蘑菇炒至金黃。'),
(368, 62, '放入玉米筍稍作拌炒，接著放入鮪魚罐頭拌炒均勻。'),
(369, 62, '加入開水煮滾，接著放入義大利麵，按照包裝時間悶煮，提前一分鐘開蓋。'),
(370, 62, '放入雞肉拌煮熟透，義大利麵也收汁。'),
(371, 62, '起鍋前加入適量鹽巴、黑胡椒及九層塔即可。'),
(372, 63, '高麗菜切末，加入1/2小匙鹽巴抓勻，靜置備用。'),
(373, 63, '雞里肌去除筋膜，打成肉泥，蝦子打成蝦泥，洋蔥切成細末備用。'),
(374, 63, '取一大碗，加入雞肉泥、蝦泥、洋蔥末、高麗菜擠乾水分加入，加入0.5小匙砂糖、1小匙麻油、適量白胡椒。'),
(375, 63, '順時鐘攪拌，讓所有食材均勻混合。'),
(376, 63, '持續繳拌至肉泥出現筋性，將肉餡平分成六等份。'),
(377, 63, '雙手抹油，將肉泥捏成肉排狀。'),
(378, 63, '將肉排放入鍋中，中小火加蓋悶煎至肉排的蝦子表面稍微轉紅，翻面繼續悶煎至熟。'),
(379, 63, '取出即可享用。'),
(380, 64, '將味噌、豆瓣醬、豆腐乳、米酒、砂糖及黑胡椒混合均勻。'),
(381, 64, '將調好的醬汁蹈入雞腿排中，用手按摩，均勻塗抹的雞腿排上。'),
(382, 64, '雞腿排靜置至少一小時入味(醃漬隔夜更佳)。'),
(383, 64, '將醃好的雞腿排放進鍋中，中小火將雞皮煎至金黃後，翻面續煎至熟即可。'),
(384, 65, '青蔥切大段，薑切片，梅花肉切大塊。'),
(385, 65, '碗中加入5塊腐乳、3大匙米酒及2大匙醬油拌勻備用。'),
(386, 65, '肉塊及軟骨放入鍋中煎至四面金黃。'),
(387, 65, '接著放入八角、蔥段及薑片炒香。'),
(388, 65, '加入調好的腐乳醬汁拌勻。'),
(389, 65, '加入100g米酒、20g醬油，並且加入水沒過食材。'),
(390, 65, '煮滾之後撈除浮沫，表面加蓋一層烘焙紙。'),
(391, 65, '加蓋轉最小火，燉煮3小時即可。');

-- --------------------------------------------------------

--
-- 資料表結構 `feature_view`
--

CREATE TABLE `feature_view` (
  `id` int(10) UNSIGNED NOT NULL,
  `feature_id` int(10) UNSIGNED NOT NULL,
  `member_id` int(10) UNSIGNED NOT NULL
) ENGINE=InnoDB DEFAULT CHARSET=utf8mb4;

--
-- 傾印資料表的資料 `feature_view`
--

INSERT INTO `feature_view` (`id`, `feature_id`, `member_id`) VALUES
(1, 29, 4),
(2, 65, 5),
(3, 27, 0),
(4, 37, 0),
(5, 52, 3),
(6, 56, 0),
(7, 57, 3),
(8, 45, 5),
(9, 11, 3),
(10, 18, 4),
(11, 13, 4),
(12, 37, 3),
(13, 65, 1),
(14, 12, 4),
(15, 53, 2),
(16, 14, 1),
(17, 36, 5),
(18, 41, 3),
(19, 27, 4),
(20, 49, 5),
(21, 55, 5),
(22, 21, 3),
(23, 32, 4),
(24, 17, 3),
(25, 37, 4),
(26, 58, 1),
(27, 64, 1),
(28, 60, 5),
(29, 12, 0),
(30, 45, 0),
(31, 46, 1),
(32, 5, 2),
(33, 61, 5),
(34, 24, 5),
(35, 53, 4),
(36, 64, 3),
(37, 40, 3),
(38, 45, 2),
(39, 5, 2),
(40, 1, 5),
(41, 14, 3),
(42, 21, 0),
(43, 34, 5),
(44, 41, 3),
(45, 3, 1),
(46, 61, 0),
(47, 15, 3),
(48, 57, 0),
(49, 25, 4),
(50, 35, 4),
(51, 26, 2),
(52, 55, 2),
(53, 57, 4),
(54, 57, 5),
(55, 23, 4),
(56, 44, 3),
(57, 48, 0),
(58, 59, 3),
(59, 40, 2),
(60, 60, 2),
(61, 46, 3),
(62, 47, 5),
(63, 48, 5),
(64, 51, 1),
(65, 9, 2),
(66, 21, 5),
(67, 43, 0),
(68, 28, 2),
(69, 60, 3),
(70, 6, 3),
(71, 62, 4),
(72, 4, 2),
(73, 65, 3),
(74, 9, 2),
(75, 27, 2),
(76, 34, 3),
(77, 8, 1),
(78, 52, 4),
(79, 52, 3),
(80, 21, 4),
(81, 13, 5),
(82, 10, 3),
(83, 30, 5),
(84, 29, 3),
(85, 45, 2),
(86, 56, 4),
(87, 59, 1),
(88, 22, 3),
(89, 21, 1),
(90, 49, 4),
(91, 31, 3),
(92, 10, 2),
(93, 45, 4),
(94, 32, 3),
(95, 56, 4),
(96, 12, 2),
(97, 34, 2),
(98, 43, 2),
(99, 49, 3),
(100, 22, 3),
(101, 61, 4),
(102, 40, 4),
(103, 21, 3),
(104, 33, 1),
(105, 62, 4),
(106, 36, 2),
(107, 20, 1),
(108, 23, 2),
(109, 9, 0),
(110, 20, 0),
(111, 13, 4),
(112, 25, 3),
(113, 53, 5),
(114, 26, 1),
(115, 63, 4),
(116, 54, 2),
(117, 3, 0),
(118, 14, 2),
(119, 61, 1),
(120, 23, 5),
(121, 10, 0),
(122, 18, 5),
(123, 40, 4),
(124, 59, 4),
(125, 28, 0),
(126, 42, 4),
(127, 55, 2),
(128, 14, 0),
(129, 14, 4),
(130, 3, 0),
(131, 21, 5),
(132, 28, 0),
(133, 1, 5),
(134, 7, 0),
(135, 35, 0),
(136, 35, 5),
(137, 48, 3),
(138, 12, 5),
(139, 63, 5),
(140, 36, 0),
(141, 59, 3),
(142, 28, 2),
(143, 3, 0),
(144, 44, 1),
(145, 43, 4),
(146, 34, 2),
(147, 55, 0),
(148, 32, 3),
(149, 2, 5),
(150, 35, 2),
(151, 26, 2),
(152, 22, 0),
(153, 14, 4),
(154, 55, 4),
(155, 8, 1),
(156, 30, 0),
(157, 31, 4),
(158, 61, 4),
(159, 34, 4),
(160, 34, 4),
(161, 4, 1),
(162, 34, 2),
(163, 19, 5),
(164, 7, 5),
(165, 12, 0),
(166, 8, 1),
(167, 47, 3),
(168, 28, 3),
(169, 17, 1),
(170, 36, 1),
(171, 55, 5),
(172, 51, 4),
(173, 61, 0),
(174, 32, 0),
(175, 19, 5),
(176, 59, 5),
(177, 5, 4),
(178, 58, 0),
(179, 56, 1),
(180, 40, 4),
(181, 53, 0),
(182, 45, 0),
(183, 52, 2),
(184, 17, 4),
(185, 61, 1),
(186, 53, 1),
(187, 27, 0),
(188, 10, 0),
(189, 31, 0),
(190, 23, 0),
(191, 20, 0),
(192, 46, 3),
(193, 63, 2),
(194, 34, 3),
(195, 47, 2),
(196, 2, 2),
(197, 1, 3),
(198, 33, 0),
(199, 26, 0),
(200, 38, 0),
(201, 8, 5),
(202, 41, 3),
(203, 34, 1),
(204, 10, 2),
(205, 18, 5),
(206, 29, 3),
(207, 47, 4),
(208, 18, 0),
(209, 47, 2),
(210, 65, 2),
(211, 19, 4),
(212, 58, 2),
(213, 44, 0),
(214, 36, 0),
(215, 52, 3),
(216, 32, 2),
(217, 49, 2),
(218, 59, 3),
(219, 63, 4),
(220, 46, 0),
(221, 12, 3),
(222, 27, 5),
(223, 56, 2),
(224, 2, 0),
(225, 33, 1),
(226, 57, 5),
(227, 35, 3),
(228, 8, 1),
(229, 52, 2),
(230, 26, 5),
(231, 7, 5),
(232, 42, 4),
(233, 18, 2),
(234, 29, 5),
(235, 41, 4),
(236, 41, 0),
(237, 46, 4),
(238, 22, 5),
(239, 54, 3),
(240, 20, 2),
(241, 19, 0),
(242, 43, 0),
(243, 50, 4),
(244, 28, 5),
(245, 16, 2),
(246, 4, 4),
(247, 7, 1),
(248, 3, 2),
(249, 57, 0),
(250, 12, 1),
(251, 17, 5),
(252, 54, 0),
(253, 54, 0),
(254, 56, 0),
(255, 65, 5),
(256, 15, 4),
(257, 49, 5),
(258, 19, 3),
(259, 38, 3),
(260, 38, 3),
(261, 56, 0),
(262, 23, 2),
(263, 33, 4),
(264, 59, 4),
(265, 60, 0),
(266, 4, 1),
(267, 48, 5),
(268, 54, 2),
(269, 17, 5),
(270, 65, 2),
(271, 56, 1),
(272, 47, 1),
(273, 31, 2),
(274, 37, 3),
(275, 21, 2),
(276, 11, 5),
(277, 62, 5),
(278, 28, 4),
(279, 43, 0),
(280, 12, 0),
(281, 17, 1),
(282, 2, 5),
(283, 57, 1),
(284, 65, 3),
(285, 38, 4),
(286, 24, 3),
(287, 62, 1),
(288, 39, 1),
(289, 22, 1),
(290, 59, 5),
(291, 46, 4),
(292, 26, 2),
(293, 12, 2),
(294, 45, 3),
(295, 40, 5),
(296, 3, 5),
(297, 42, 0),
(298, 49, 1),
(299, 50, 3),
(300, 60, 4),
(301, 50, 3),
(302, 2, 5),
(303, 9, 2),
(304, 50, 0),
(305, 14, 2),
(306, 3, 5),
(307, 53, 3),
(308, 18, 0),
(309, 54, 0),
(310, 52, 0),
(311, 59, 1),
(312, 12, 5),
(313, 63, 4),
(314, 29, 3),
(315, 59, 1),
(316, 39, 2),
(317, 30, 2),
(318, 49, 2),
(319, 52, 5),
(320, 29, 0),
(321, 54, 2),
(322, 13, 1),
(323, 25, 5),
(324, 58, 5),
(325, 22, 5),
(326, 17, 2),
(327, 20, 4),
(328, 64, 0),
(329, 52, 3),
(330, 28, 5),
(331, 32, 0),
(332, 53, 0),
(333, 57, 1),
(334, 1, 5),
(335, 40, 0),
(336, 43, 2),
(337, 6, 2),
(338, 65, 5),
(339, 31, 3),
(340, 63, 1),
(341, 30, 2),
(342, 61, 0),
(343, 36, 2),
(344, 28, 0),
(345, 39, 1),
(346, 46, 0),
(347, 47, 2),
(348, 14, 5),
(349, 20, 2),
(350, 17, 5),
(351, 8, 5),
(352, 39, 2),
(353, 20, 0),
(354, 5, 0),
(355, 23, 0),
(356, 43, 4),
(357, 33, 5),
(358, 16, 2),
(359, 3, 2),
(360, 5, 2),
(361, 14, 2),
(362, 24, 1),
(363, 19, 3),
(364, 42, 5),
(365, 14, 0),
(366, 65, 3),
(367, 50, 2),
(368, 20, 1),
(369, 6, 2),
(370, 15, 3),
(371, 52, 4),
(372, 34, 3),
(373, 15, 5),
(374, 17, 0),
(375, 25, 1),
(376, 41, 4),
(377, 9, 1),
(378, 4, 2),
(379, 51, 3),
(380, 13, 3),
(381, 8, 3),
(382, 11, 2),
(383, 63, 3),
(384, 19, 0),
(385, 10, 1),
(386, 20, 0),
(387, 40, 0),
(388, 47, 0),
(389, 58, 5),
(390, 27, 4),
(391, 63, 5),
(392, 37, 0),
(393, 2, 3),
(394, 7, 4),
(395, 17, 0),
(396, 30, 3),
(397, 54, 5),
(398, 15, 4),
(399, 35, 4),
(400, 23, 5),
(401, 38, 2),
(402, 55, 2),
(403, 40, 0),
(404, 35, 3),
(405, 55, 3),
(406, 12, 4),
(407, 26, 0),
(408, 29, 0),
(409, 62, 2),
(410, 56, 5),
(411, 54, 4),
(412, 35, 0),
(413, 41, 3),
(414, 43, 2),
(415, 6, 4),
(416, 23, 5),
(417, 14, 4),
(418, 8, 5),
(419, 44, 4),
(420, 58, 3),
(421, 24, 0),
(422, 28, 5),
(423, 3, 5),
(424, 14, 1),
(425, 57, 5),
(426, 42, 4),
(427, 26, 3),
(428, 13, 1),
(429, 53, 3),
(430, 5, 5),
(431, 53, 0),
(432, 22, 0),
(433, 29, 3),
(434, 9, 4),
(435, 30, 1),
(436, 28, 4),
(437, 3, 5),
(438, 39, 4),
(439, 15, 1),
(440, 15, 4),
(441, 2, 0),
(442, 58, 5),
(443, 21, 2),
(444, 59, 4),
(445, 6, 3),
(446, 55, 5),
(447, 22, 3),
(448, 29, 5),
(449, 4, 5),
(450, 4, 0),
(451, 2, 2),
(452, 27, 3),
(453, 20, 2),
(454, 40, 0),
(455, 44, 3),
(456, 17, 0),
(457, 20, 2),
(458, 59, 2),
(459, 18, 4),
(460, 56, 0),
(461, 21, 4),
(462, 18, 0),
(463, 57, 0),
(464, 14, 4),
(465, 40, 3),
(466, 31, 4),
(467, 14, 2),
(468, 16, 5),
(469, 40, 4),
(470, 44, 4),
(471, 46, 1),
(472, 9, 0),
(473, 39, 4),
(474, 57, 1),
(475, 6, 0),
(476, 65, 2),
(477, 20, 4),
(478, 14, 4),
(479, 26, 3),
(480, 49, 4),
(481, 44, 0),
(482, 10, 1),
(483, 56, 4),
(484, 56, 4),
(485, 47, 5),
(486, 48, 1),
(487, 27, 3),
(488, 35, 1),
(489, 23, 2),
(490, 26, 5),
(491, 48, 0),
(492, 63, 0),
(493, 45, 4),
(494, 27, 1),
(495, 16, 4),
(496, 9, 5),
(497, 50, 1),
(498, 40, 5),
(499, 55, 5),
(500, 42, 0),
(501, 41, 0),
(502, 56, 1),
(503, 54, 0),
(504, 22, 3),
(505, 52, 5),
(506, 21, 0),
(507, 17, 2),
(508, 7, 5),
(509, 64, 0),
(510, 10, 4),
(511, 44, 4),
(512, 54, 2),
(513, 11, 3),
(514, 15, 3),
(515, 65, 3),
(516, 19, 3),
(517, 39, 4),
(518, 18, 4),
(519, 63, 2),
(520, 65, 1),
(521, 34, 1),
(522, 10, 5),
(523, 62, 4),
(524, 21, 1),
(525, 56, 0),
(526, 41, 0),
(527, 53, 2),
(528, 23, 3),
(529, 18, 0),
(530, 9, 0),
(531, 42, 3),
(532, 12, 3),
(533, 59, 1),
(534, 16, 3),
(535, 54, 0),
(536, 43, 3),
(537, 49, 1),
(538, 39, 2),
(539, 26, 1),
(540, 63, 5),
(541, 18, 2),
(542, 50, 5),
(543, 38, 0),
(544, 47, 2),
(545, 62, 1),
(546, 40, 2),
(547, 15, 3),
(548, 41, 1),
(549, 37, 2),
(550, 50, 5),
(551, 29, 4),
(552, 17, 0),
(553, 58, 0),
(554, 59, 5),
(555, 48, 3),
(556, 55, 2),
(557, 8, 0),
(558, 39, 3),
(559, 6, 0),
(560, 31, 3),
(561, 27, 4),
(562, 19, 3),
(563, 32, 3),
(564, 51, 3),
(565, 54, 4),
(566, 65, 2),
(567, 40, 5),
(568, 20, 4),
(569, 56, 5),
(570, 14, 2),
(571, 59, 1),
(572, 54, 1),
(573, 37, 1),
(574, 6, 1),
(575, 59, 1),
(576, 18, 0),
(577, 4, 2),
(578, 61, 2),
(579, 45, 0),
(580, 20, 5),
(581, 47, 1),
(582, 31, 1),
(583, 59, 1),
(584, 42, 3),
(585, 36, 2),
(586, 40, 1),
(587, 3, 5),
(588, 59, 0),
(589, 63, 4),
(590, 47, 1),
(591, 54, 3),
(592, 2, 0),
(593, 55, 4),
(594, 61, 4),
(595, 30, 4),
(596, 39, 1),
(597, 17, 4),
(598, 13, 0),
(599, 21, 0),
(600, 62, 2),
(601, 18, 0),
(602, 27, 2),
(603, 51, 3),
(604, 50, 3),
(605, 35, 0),
(606, 20, 3),
(607, 35, 1),
(608, 53, 4),
(609, 46, 3),
(610, 23, 0),
(611, 42, 2),
(612, 8, 3),
(613, 50, 1),
(614, 21, 2),
(615, 7, 1),
(616, 16, 2),
(617, 12, 4),
(618, 1, 1),
(619, 53, 1),
(620, 47, 3),
(621, 23, 2),
(622, 41, 4),
(623, 51, 0),
(624, 6, 5),
(625, 21, 4),
(626, 51, 4),
(627, 48, 1),
(628, 61, 4),
(629, 54, 0),
(630, 57, 1),
(631, 20, 5),
(632, 1, 2),
(633, 46, 1),
(634, 63, 0),
(635, 26, 2),
(636, 18, 3),
(637, 30, 5),
(638, 26, 2),
(639, 27, 0),
(640, 60, 5),
(641, 9, 1),
(642, 50, 1),
(643, 29, 0),
(644, 30, 2),
(645, 25, 2),
(646, 1, 0),
(647, 31, 3),
(648, 30, 0),
(649, 3, 2),
(650, 44, 4),
(651, 64, 3),
(652, 2, 1),
(653, 4, 0),
(654, 58, 5),
(655, 57, 3),
(656, 21, 1),
(657, 40, 2),
(658, 61, 4),
(659, 43, 0),
(660, 36, 4),
(661, 26, 1),
(662, 18, 1),
(663, 10, 1),
(664, 16, 4),
(665, 31, 1),
(666, 16, 3),
(667, 52, 1),
(668, 8, 5),
(669, 52, 2),
(670, 1, 3),
(671, 47, 1),
(672, 42, 5),
(673, 48, 1),
(674, 42, 1),
(675, 48, 1),
(676, 40, 0),
(677, 53, 0),
(678, 29, 5),
(679, 27, 2),
(680, 36, 0),
(681, 2, 4),
(682, 6, 3),
(683, 48, 3),
(684, 6, 1),
(685, 25, 4),
(686, 64, 1),
(687, 28, 1),
(688, 13, 4),
(689, 51, 3),
(690, 38, 1),
(691, 5, 4),
(692, 11, 1),
(693, 56, 4),
(694, 24, 4),
(695, 13, 5),
(696, 30, 5),
(697, 47, 4),
(698, 35, 0),
(699, 1, 0),
(700, 22, 2),
(701, 64, 2),
(702, 33, 5),
(703, 21, 5),
(704, 51, 1),
(705, 22, 1),
(706, 47, 4),
(707, 64, 1),
(708, 29, 1),
(709, 51, 1),
(710, 25, 2),
(711, 51, 1),
(712, 43, 5),
(713, 11, 3),
(714, 15, 0),
(715, 9, 3),
(716, 57, 0),
(717, 8, 0),
(718, 32, 4),
(719, 51, 0),
(720, 34, 5),
(721, 39, 2),
(722, 7, 5),
(723, 63, 5),
(724, 19, 5),
(725, 2, 5),
(726, 45, 3),
(727, 2, 0),
(728, 40, 3),
(729, 62, 2),
(730, 39, 0),
(731, 50, 0),
(732, 45, 4),
(733, 27, 5),
(734, 21, 4),
(735, 31, 2),
(736, 35, 3),
(737, 55, 5),
(738, 15, 1),
(739, 11, 3),
(740, 19, 2),
(741, 38, 2),
(742, 23, 4),
(743, 44, 0),
(744, 61, 5),
(745, 11, 4),
(746, 7, 0),
(747, 54, 3),
(748, 34, 0),
(749, 44, 0),
(750, 41, 5),
(751, 5, 3),
(752, 5, 0),
(753, 18, 5),
(754, 12, 5),
(755, 20, 1),
(756, 9, 5),
(757, 65, 1),
(758, 20, 1),
(759, 30, 2),
(760, 11, 0),
(761, 55, 2),
(762, 31, 4),
(763, 28, 4),
(764, 9, 1),
(765, 58, 5),
(766, 39, 3),
(767, 51, 4),
(768, 22, 2),
(769, 65, 0),
(770, 17, 4),
(771, 49, 1),
(772, 6, 2),
(773, 31, 4),
(774, 55, 0),
(775, 25, 4),
(776, 62, 2),
(777, 28, 1),
(778, 52, 2),
(779, 9, 5),
(780, 2, 3),
(781, 37, 3),
(782, 58, 4),
(783, 26, 5),
(784, 47, 0),
(785, 26, 0),
(786, 28, 4),
(787, 8, 2),
(788, 61, 0),
(789, 38, 0),
(790, 12, 2),
(791, 41, 4),
(792, 34, 5),
(793, 16, 0),
(794, 38, 0),
(795, 5, 5),
(796, 46, 5),
(797, 2, 1),
(798, 62, 4),
(799, 23, 1),
(800, 63, 2),
(801, 36, 3),
(802, 22, 4),
(803, 62, 5),
(804, 52, 2),
(805, 14, 5),
(806, 40, 5),
(807, 48, 1),
(808, 28, 4),
(809, 4, 5),
(810, 41, 2),
(811, 20, 3),
(812, 15, 2),
(813, 2, 3),
(814, 4, 1),
(815, 2, 2),
(816, 36, 0),
(817, 12, 1),
(818, 4, 3),
(819, 60, 4),
(820, 33, 2),
(821, 2, 0),
(822, 39, 2),
(823, 26, 2),
(824, 56, 5),
(825, 30, 5),
(826, 64, 5),
(827, 1, 4),
(828, 36, 4),
(829, 13, 5),
(830, 42, 5),
(831, 17, 1),
(832, 63, 3),
(833, 36, 5),
(834, 24, 2),
(835, 11, 5),
(836, 63, 0),
(837, 4, 4),
(838, 29, 4),
(839, 34, 1),
(840, 5, 5),
(841, 27, 1),
(842, 37, 2),
(843, 6, 1),
(844, 63, 5),
(845, 65, 2),
(846, 29, 1),
(847, 1, 0),
(848, 25, 4),
(849, 59, 2),
(850, 59, 1),
(851, 12, 0),
(852, 60, 0),
(853, 3, 4),
(854, 3, 5),
(855, 62, 1),
(856, 18, 0),
(857, 49, 4),
(858, 63, 3),
(859, 26, 2),
(860, 22, 4),
(861, 30, 2),
(862, 58, 5),
(863, 17, 0),
(864, 10, 2),
(865, 60, 1),
(866, 46, 3),
(867, 47, 4),
(868, 47, 1),
(869, 50, 4),
(870, 2, 0),
(871, 21, 0),
(872, 54, 5),
(873, 43, 1),
(874, 60, 5),
(875, 34, 4),
(876, 37, 0),
(877, 19, 0),
(878, 21, 0),
(879, 4, 5),
(880, 36, 3),
(881, 40, 4),
(882, 46, 5),
(883, 22, 3),
(884, 38, 4),
(885, 5, 4),
(886, 11, 1),
(887, 47, 1),
(888, 59, 0),
(889, 9, 0),
(890, 57, 5),
(891, 9, 0),
(892, 49, 5),
(893, 62, 5),
(894, 30, 4),
(895, 50, 0),
(896, 36, 2),
(897, 22, 2),
(898, 37, 4),
(899, 58, 4),
(900, 54, 3),
(901, 3, 1),
(902, 5, 5),
(903, 30, 3),
(904, 18, 4),
(905, 42, 4),
(906, 21, 5),
(907, 60, 0),
(908, 37, 5),
(909, 65, 5),
(910, 43, 2),
(911, 35, 3),
(912, 53, 3),
(913, 9, 5),
(914, 36, 2),
(915, 50, 3),
(916, 34, 5),
(917, 47, 0),
(918, 8, 3),
(919, 34, 4),
(920, 42, 4),
(921, 28, 2),
(922, 11, 4),
(923, 5, 4),
(924, 25, 5),
(925, 26, 1),
(926, 32, 4),
(927, 60, 4),
(928, 34, 0),
(929, 19, 1),
(930, 42, 2),
(931, 2, 4),
(932, 10, 0),
(933, 6, 4),
(934, 51, 5),
(935, 20, 4),
(936, 17, 0),
(937, 12, 1),
(938, 58, 4),
(939, 17, 0),
(940, 39, 2),
(941, 12, 2),
(942, 5, 0),
(943, 52, 3),
(944, 42, 2),
(945, 13, 1),
(946, 45, 1),
(947, 13, 1),
(948, 53, 2),
(949, 35, 2),
(950, 4, 2),
(951, 58, 4),
(952, 56, 0),
(953, 29, 4),
(954, 46, 3),
(955, 26, 3),
(956, 48, 4),
(957, 62, 1),
(958, 43, 4),
(959, 14, 5),
(960, 1, 0),
(961, 27, 5),
(962, 62, 5),
(963, 9, 1),
(964, 15, 5),
(965, 36, 4),
(966, 30, 5),
(967, 47, 3),
(968, 59, 2),
(969, 18, 1),
(970, 40, 4),
(971, 41, 5),
(972, 44, 4),
(973, 55, 3),
(974, 5, 0),
(975, 52, 1),
(976, 45, 3),
(977, 65, 2),
(978, 32, 4),
(979, 22, 4),
(980, 28, 3),
(981, 65, 4),
(982, 60, 2),
(983, 49, 2),
(984, 26, 0),
(985, 39, 2),
(986, 22, 4),
(987, 19, 2),
(988, 44, 5),
(989, 16, 4),
(990, 29, 1),
(991, 1, 5),
(992, 19, 2),
(993, 6, 3),
(994, 2, 1),
(995, 35, 4),
(996, 14, 0),
(997, 36, 0),
(998, 27, 3),
(999, 61, 3),
(1000, 18, 10),
(1001, 18, 10),
(1002, 32, 10),
(1003, 18, 10),
(1004, 32, 10),
(1005, 18, 10),
(1006, 17, 10),
(1007, 65, 10),
(1008, 24, 10),
(1009, 11, 1),
(1010, 62, 0),
(1011, 17, 16),
(1012, 17, 16),
(1013, 14, 16),
(1014, 17, 16),
(1015, 18, 16),
(1016, 16, 1),
(1017, 18, 0);

-- --------------------------------------------------------

--
-- 資料表結構 `feature_week`
--

CREATE TABLE `feature_week` (
  `id` int(11) NOT NULL,
  `first_date` date NOT NULL
) ENGINE=InnoDB DEFAULT CHARSET=utf8mb4;

--
-- 傾印資料表的資料 `feature_week`
--

INSERT INTO `feature_week` (`id`, `first_date`) VALUES
(1, '2021-07-19'),
(2, '2021-07-26'),
(3, '2021-08-02'),
(4, '2021-08-09'),
(5, '2021-08-16'),
(6, '2021-08-23'),
(7, '2021-08-30'),
(8, '2021-09-06'),
(9, '2021-09-13'),
(10, '2021-09-20');

-- --------------------------------------------------------

--
-- 資料表結構 `feature_weeklist`
--

CREATE TABLE `feature_weeklist` (
  `id` int(10) UNSIGNED NOT NULL,
  `week_id` int(10) UNSIGNED NOT NULL,
  `feature_id` int(10) UNSIGNED NOT NULL,
  `order_date` int(10) UNSIGNED NOT NULL
) ENGINE=InnoDB DEFAULT CHARSET=utf8mb4;

--
-- 傾印資料表的資料 `feature_weeklist`
--

INSERT INTO `feature_weeklist` (`id`, `week_id`, `feature_id`, `order_date`) VALUES
(1, 1, 51, 1),
(2, 1, 10, 2),
(3, 1, 6, 3),
(4, 1, 13, 4),
(5, 1, 22, 5),
(6, 3, 4, 1),
(7, 2, 52, 1),
(8, 2, 1, 2),
(9, 2, 53, 3),
(10, 2, 35, 4),
(11, 2, 45, 5),
(12, 3, 8, 2),
(13, 3, 21, 3),
(14, 3, 20, 4),
(15, 3, 26, 5),
(16, 4, 9, 1),
(17, 4, 12, 2),
(18, 4, 42, 3),
(19, 4, 27, 4),
(20, 4, 37, 5),
(21, 5, 14, 1),
(22, 5, 57, 1),
(23, 5, 58, 1),
(24, 5, 15, 2),
(25, 5, 16, 2),
(26, 5, 36, 3),
(27, 5, 29, 4),
(28, 5, 3, 5),
(29, 6, 59, 1),
(30, 6, 60, 2),
(31, 6, 41, 3),
(32, 6, 43, 4),
(33, 6, 44, 5),
(34, 7, 17, 1),
(35, 7, 61, 1),
(36, 7, 62, 2),
(37, 7, 39, 3),
(38, 7, 2, 4),
(39, 7, 25, 5),
(40, 8, 11, 1),
(41, 8, 63, 2),
(42, 8, 64, 3),
(43, 8, 7, 4),
(44, 8, 31, 5),
(45, 9, 65, 1),
(46, 9, 18, 2),
(47, 9, 55, 3),
(48, 9, 38, 4),
(49, 9, 19, 5),
(50, 10, 56, 1),
(51, 10, 50, 2),
(52, 10, 54, 3),
(53, 10, 47, 4),
(54, 10, 23, 5);

-- --------------------------------------------------------

--
-- 資料表結構 `feature_weekprep`
--

CREATE TABLE `feature_weekprep` (
  `id` int(10) UNSIGNED NOT NULL,
  `week_id` int(10) UNSIGNED NOT NULL,
  `prep` varchar(2000) CHARACTER SET utf8mb4 COLLATE utf8mb4_unicode_ci NOT NULL,
  `unit` varchar(2000) CHARACTER SET utf8mb4 COLLATE utf8mb4_unicode_ci NOT NULL
) ENGINE=InnoDB DEFAULT CHARSET=utf8mb4;

--
-- 傾印資料表的資料 `feature_weekprep`
--

INSERT INTO `feature_weekprep` (`id`, `week_id`, `prep`, `unit`) VALUES
(1, 1, '蛤蜊', '300g'),
(2, 1, '烏龍麵', '1份'),
(3, 1, '米酒', '2.5大匙'),
(4, 1, '辣椒', '1/2根'),
(5, 1, '九層塔', '1把'),
(6, 1, '蒜頭', '8瓣'),
(7, 1, '水', '165g'),
(8, 1, '雞蛋', '5顆'),
(9, 1, '午仔魚', '1條'),
(10, 1, '橄欖油', '適量'),
(11, 1, '木耳', '適量'),
(12, 1, '芹菜', '適量'),
(13, 1, '鹽巴', '適量'),
(14, 1, '菠菜', '適量'),
(15, 1, '牛肉片', '120g'),
(16, 1, '玉米', '60g'),
(17, 1, '青蔥', '70g'),
(18, 1, '黑胡椒', '適量'),
(19, 1, '白飯', '250g'),
(20, 1, '醬油', '適量'),
(21, 1, '太白粉', '適量'),
(22, 1, '蝦子', '約10隻'),
(23, 1, '蔥', '1根'),
(24, 1, '松露醬', '1大匙'),
(25, 1, '蠔油', '1大匙'),
(26, 1, '白胡椒', '適量'),
(27, 1, '香油', '1/2小匙'),
(28, 1, '鴻禧菇', '1包'),
(29, 1, '乾香菇', '4朵'),
(30, 1, '蘑菇', '1盒'),
(31, 1, '洋蔥', '1/4顆'),
(32, 1, '義大利麵', '約200g'),
(33, 1, '奶油', '20g'),
(34, 1, '巴薩米克醋', '適量'),
(35, 2, '蛤蜊', '200g'),
(36, 2, '雞胸肉', '150g'),
(37, 2, '白飯', '450g'),
(38, 2, '嫩豆腐', '1/2盒'),
(39, 2, '蛋黃', '3顆'),
(40, 2, '雞高湯', '700g'),
(41, 2, '鰹魚醬油', '1大匙'),
(42, 2, '鹽巴', '適量'),
(43, 2, '鴻禧菇', '1/2包'),
(44, 2, '雞里肌', '150g'),
(45, 2, '筆管麵', '100g'),
(46, 2, '牛番茄', '1顆'),
(47, 2, '小番茄', '7-8顆'),
(48, 2, '蒜頭', '9瓣'),
(49, 2, '洋蔥', '1顆'),
(50, 2, '玉米筍', '6根'),
(51, 2, '蘑菇', '6-7粒'),
(52, 2, '月桂葉', '1-2片'),
(53, 2, '羅勒', '適量'),
(54, 2, '黑胡椒', '適量'),
(55, 2, '橄欖油', '適量'),
(56, 2, '煉奶', '30g'),
(57, 2, '鹹蛋黃', '2顆'),
(58, 2, '黑蠔菇', '1/2包'),
(59, 2, '青花菜', '適量'),
(60, 2, '麵', '兩份'),
(61, 2, '小黃瓜', '一根'),
(62, 2, '雞蛋', '兩顆'),
(63, 2, '紅蘿蔔', '半根'),
(64, 2, '蔥ㅤㅤㅤㅤㅤㅤㅤㅤㅤ', '一根'),
(65, 2, '大豆乾', '一塊'),
(66, 2, '杏鮑菇ㅤㅤㅤㅤㅤㅤㅤㅤㅤ', '兩根'),
(67, 2, '豆瓣醬', '一大匙'),
(68, 2, '甜麵醬', '一大匙'),
(69, 2, '醬油', '適量'),
(70, 2, '白胡椒', '適量'),
(71, 2, '糖', '適量'),
(72, 2, '去骨仿土雞雞腿排', '1支（600克）'),
(73, 2, '老薑片', '15片'),
(74, 2, '辣椒', '3根'),
(75, 2, '九層塔', '適量'),
(76, 2, '米酒', '適量'),
(77, 2, '胡麻油', '2大匙'),
(78, 2, '醬油膏or蠔油', '2大匙'),
(79, 2, '冰糖', '1小匙'),
(80, 3, '筆管麵', '100g'),
(81, 3, '高湯', '250g'),
(82, 3, '蝦子', '6隻'),
(83, 3, '透抽', '100g'),
(84, 3, '蒜頭', '25g'),
(85, 3, '鹽巴', '適量'),
(86, 3, '黑胡椒', '適量'),
(87, 3, '白飯', '200g'),
(88, 3, '雞胸肉', '150g'),
(89, 3, '雞蛋', '3顆'),
(90, 3, '蔥', '1根'),
(91, 3, '蒜頭', '15g'),
(92, 3, '香菇', '2朵'),
(93, 3, '蘆筍', '3根'),
(94, 3, '味噌', '1.5大匙'),
(95, 3, '日式醬油', '1大匙'),
(96, 3, '米酒', '1大匙'),
(97, 3, '生豆包', '130g'),
(98, 3, '金針菇', '一包'),
(99, 3, '木耳', '80g'),
(100, 3, '乾香菇', '三朵'),
(101, 3, '蒟蒻', '100g'),
(102, 3, '白米', '800g'),
(103, 3, '開水', '適量'),
(104, 3, '香菇水', '適量'),
(105, 3, '醬油', '適量'),
(106, 3, '高麗菜', '1/4顆'),
(107, 3, '紅蘿蔔', '1根'),
(108, 3, '皮蛋', '一顆'),
(109, 3, '鹹蛋', '一顆'),
(110, 3, '美姬菇', '去除根部切小'),
(111, 3, '玉米粒', '一些'),
(112, 3, '青蔥', '適量'),
(113, 3, '白胡椒', '適量'),
(114, 3, '中筋麵粉', '250g'),
(115, 3, '熱水', '約150g'),
(116, 3, '橄欖油', '少許'),
(117, 3, '糖', '適量'),
(118, 3, '番茄', '2顆'),
(119, 3, '鴻禧菇', '一顆'),
(120, 3, '四季豆', '一包'),
(121, 4, '豬肉片', '150g'),
(122, 4, '泡菜', '50g'),
(123, 4, '鰹魚醬油', '1大匙'),
(124, 4, '橄欖油', '少許'),
(125, 4, '鹽巴', '適量'),
(126, 4, '橄欖油', '適量'),
(127, 4, '花椰菜', ''),
(128, 4, '玉米筍', '一包'),
(129, 4, '木耳', '適量'),
(130, 4, '佛蒙特咖哩塊', '1盒'),
(131, 4, '全聯去骨雞腿排', '1盒'),
(132, 4, '洋蔥', '3顆'),
(133, 4, '馬鈴薯', '2顆'),
(134, 4, '雪白菇', '1包'),
(135, 4, '美白菇', '半包'),
(136, 4, '紅蘿蔔', '半根'),
(137, 4, '新豬肉', '半包'),
(138, 4, '豆皮', '四塊'),
(139, 4, '蛋', '三顆'),
(140, 4, '牛奶', '50ml'),
(141, 4, '鮮奶油', '40ml'),
(142, 4, '酥皮', '四塊'),
(143, 4, '嫩肩里肌筋膜及牛肉', '750克'),
(144, 4, '薑片', '3片'),
(145, 4, '蔥', '3支'),
(146, 4, '醬油', '150cc'),
(147, 4, '味醂', '150cc'),
(148, 4, '米酒', '150cc'),
(149, 4, '水', '600cc'),
(150, 4, '糖、鰹魚粉', '1/2大匙'),
(151, 5, '松阪豬肉', '250g(1片）'),
(152, 5, '香料鹽', '約1小匙'),
(153, 5, '黑胡椒', '適量'),
(154, 5, '米酒', '適量'),
(155, 5, '金針菇', '約1/2包'),
(156, 5, '鹽巴', '適量'),
(157, 5, '蒜頭', '9瓣'),
(158, 5, '無水奶油', '1/2大匙'),
(159, 5, '牛番茄', '1顆'),
(160, 5, '起司絲', '適量'),
(161, 5, '雞胸肉', '1付'),
(162, 5, '洋蔥粉', '1大匙'),
(163, 5, '青花菜', '半顆'),
(164, 5, '鴻禧菇', '1/2包'),
(165, 5, '玉米筍', '1盒'),
(166, 5, '巴薩米克醋', '適量'),
(167, 5, '煮熟好的飯2碗', ''),
(168, 5, '蝦仁', '12隻'),
(169, 5, '鹹鴨蛋蛋黃', '3顆'),
(170, 5, '雞蛋黃', '2顆'),
(171, 5, '蔥', '2支'),
(172, 5, '糖', '1/4小匙'),
(173, 5, '馬鈴薯', '約80g'),
(174, 5, '紅蘿蔔', '80g'),
(175, 5, '蘑菇', '5朵'),
(176, 5, '甜椒', '100g'),
(177, 5, '南瓜', '100g'),
(178, 5, '開水(或高湯)', '300g'),
(179, 5, '豆乳', '500g'),
(180, 5, '雞腿肉', '300g'),
(181, 5, '吐司', '適量'),
(182, 5, '橄欖油', '適量'),
(183, 5, '奶油', '適量'),
(184, 5, '蛋', '2顆'),
(185, 5, '豌豆苗', '適量'),
(186, 5, '蕃茄', '2顆'),
(187, 5, '洋蔥', '2顆'),
(188, 6, '薑', '3片'),
(189, 6, '蒜頭', '9瓣'),
(190, 6, '青蔥', '3根'),
(191, 6, '蝦子', '8隻(Costco)'),
(192, 6, '香油', '適量'),
(193, 6, '鹽巴', '適量'),
(194, 6, '糖', '適量'),
(195, 6, '白胡椒', '適量'),
(196, 6, '豆瓣醬', '0.5大匙'),
(197, 6, '醬油', '適量'),
(198, 6, '米酒', '適量'),
(199, 6, '番茄醬', '1大匙'),
(200, 6, '雞里肌', '300g'),
(201, 6, '黑胡椒', '適量'),
(202, 6, '檸檬汁', '約10ml'),
(203, 6, '蒜泥', '約3辦份量'),
(204, 6, '白飯', '一碗'),
(205, 6, '去骨雞腿排', '1片'),
(206, 6, '花椰菜', '半顆'),
(207, 6, '黃金泡菜', '40克'),
(208, 6, '味醂', '1.5大匙'),
(209, 6, '油麵', '300克'),
(210, 6, '羊肉火鍋肉片', '180克'),
(211, 6, '空心菜', '1大把'),
(212, 6, '水', '200cc'),
(213, 6, '小辣椒', '1根'),
(214, 6, '沙茶醬', '1.5大匙'),
(215, 6, '醬油膏', '1.5大匙'),
(216, 6, '烏醋', '1小匙'),
(217, 6, '玉米粉', '1小匙(可省)'),
(218, 6, '牛番茄', '2顆'),
(219, 6, '蛋', '3顆'),
(220, 7, '高麗菜', '100g'),
(221, 7, '雞蛋', '4顆'),
(222, 7, '玉米筍', '1盒'),
(223, 7, '青蔥', '15g'),
(224, 7, '牛肉', '160g'),
(225, 7, '白飯', '700g'),
(226, 7, '蒜頭', '8瓣'),
(227, 7, '剝皮辣椒', '50g(5-6根)'),
(228, 7, '醬油', '適量'),
(229, 7, '米酒', '適量'),
(230, 7, '白胡椒', '適量'),
(231, 7, '紅蘿蔔', '1根'),
(232, 7, '四季豆', '約5-6根'),
(233, 7, '鴻禧菇', '1包'),
(234, 7, '新豬肉', '半包'),
(235, 7, '洋蔥', '1顆'),
(236, 7, '蒜泥', '約2瓣份量'),
(237, 7, '韓式辣醬', '2大匙'),
(238, 7, '味醂', '1大匙'),
(239, 7, '糖', '1小匙'),
(240, 7, '巴薩米克醋', '適量'),
(241, 7, '馬鈴薯', '1顆'),
(242, 7, '鹽巴', '1/2小匙'),
(243, 7, '鮭魚', '200g'),
(244, 7, '蘑菇', '10朵'),
(245, 7, '日本甜蔥', '1根'),
(246, 7, '黑胡椒', '適量'),
(247, 7, '橄欖油', '適量'),
(248, 7, '絲瓜', '1/2條'),
(249, 7, '雞里肌', '300g'),
(250, 7, '紅蔥頭', '2瓣'),
(251, 7, '小番茄', '15顆'),
(252, 7, '雞胸', '300g'),
(253, 7, '鮪魚', '1罐'),
(254, 7, '義大利麵', '250g'),
(255, 7, '開水', '700g'),
(256, 7, '九層塔', '適量'),
(257, 7, '香料鹽', '適量'),
(258, 8, '雞里肌', '300g'),
(259, 8, '蝦子', '400g'),
(260, 8, '高麗菜', '250g'),
(261, 8, '洋蔥', '1/4顆'),
(262, 8, '鹽巴', '適量'),
(263, 8, '糖', '適量'),
(264, 8, '麻油', '適量'),
(265, 8, '白胡椒', '適量'),
(266, 8, '雞腿', '400g'),
(267, 8, '味噌', '1/2大匙'),
(268, 8, '豆瓣醬', '1/2大匙'),
(269, 8, '豆腐乳', '10g'),
(270, 8, '米酒', '2大匙'),
(271, 8, '黑胡椒', '適量'),
(272, 8, '蘑菇', '20顆'),
(273, 8, '甜菠菜', '一包'),
(274, 8, '雞蛋', '5顆'),
(275, 8, '起司絲', '適量'),
(276, 8, '鮭魚', '200g'),
(277, 8, '米飯', '350g'),
(278, 8, '紅蘿蔔', '30g'),
(279, 8, '青蔥', '1根'),
(280, 8, '玉米筍', '3根'),
(281, 8, '蒜頭', '6瓣'),
(282, 8, '無水奶油', '3大匙'),
(283, 8, '檸檬汁', '15g'),
(284, 8, '雞胸肉', '200g'),
(285, 8, '醬油', '適量'),
(286, 9, '梅花燒烤片', '200g'),
(287, 9, '高麗菜', '半顆'),
(288, 9, '米酒', '適量'),
(289, 9, '地瓜', '150g'),
(290, 9, '紅蘿蔔', '50g'),
(291, 9, '麵粉', '6大匙'),
(292, 9, '雞蛋', '3顆'),
(293, 9, '鹽巴', '適量'),
(294, 9, '黑胡椒', '適量'),
(295, 9, '巴薩米可醋', '1/2大匙'),
(296, 9, '醬油', '適量'),
(297, 9, '蜂蜜', '1大匙'),
(298, 9, '蒜泥', '1小匙'),
(299, 9, '冷凍讚岐烏龍麵', '1包'),
(300, 9, '大蔥', '1支'),
(301, 9, '火鍋牛肉片', '6-8片'),
(302, 9, '金針菇', '1/2包'),
(303, 9, '板豆腐', '1/2盒'),
(304, 9, '香菇', '3朵'),
(305, 9, '水', '500cc'),
(306, 9, '味醂', '1.5大匙'),
(307, 9, '鰹魚粉', '1/4小匙'),
(308, 9, '蛤蜊', '500g'),
(309, 9, '白米', '300g'),
(310, 9, '吻仔魚', '60g'),
(311, 9, '紅蔥頭', '30g'),
(312, 9, '蒜頭', '15g'),
(313, 9, '透抽', '1隻'),
(314, 9, '鴻禧菇', '1包'),
(315, 9, '毛豆', '適量'),
(316, 9, '梅花豬肉塊', '400g'),
(317, 9, '豬軟骨', '400g'),
(318, 9, '青蔥', '5根'),
(319, 9, '薑', '15片'),
(320, 9, '八角', '2顆'),
(321, 9, '豆腐乳', '5塊'),
(322, 10, '蝦子', '4隻'),
(323, 10, '透抽', '150g'),
(324, 10, '蛤蠣', '150g'),
(325, 10, '鴻禧菇', '1包'),
(326, 10, '薑', '5片'),
(327, 10, '青花菜', '適量'),
(328, 10, '青蔥', '8根'),
(329, 10, '雞高湯', '500g'),
(330, 10, '醬油膏', '1大匙'),
(331, 10, '醬油', '適量'),
(332, 10, '砂糖', '2小匙'),
(333, 10, '白胡椒', '適量'),
(334, 10, '太白粉', '適量'),
(335, 10, '雞蛋', '7顆'),
(336, 10, '紅蔥頭', '20g'),
(337, 10, '無糖豆漿', '150g'),
(338, 10, '原禾軒老母雞上湯', '500g'),
(339, 10, '開水', '500g'),
(340, 10, '雞腿', '400g'),
(341, 10, '細拉麵', '雙人份'),
(342, 10, '味噌', '1大匙'),
(343, 10, '日式醬油', '1大匙'),
(344, 10, '高麗菜', '適量'),
(345, 10, '玉米筍', '3-4根'),
(346, 10, '海苔', '數片'),
(347, 10, '糖心蛋', '2顆'),
(348, 10, '白芝麻', '適量'),
(349, 10, '馬鈴薯', '2顆'),
(350, 10, '紅蘿蔔', '半條'),
(351, 10, '杏鮑菇', '1根'),
(352, 10, '牛五花肉片', '1盒'),
(353, 10, '洋蔥', '1顆'),
(354, 10, '味霖', '1大匙'),
(355, 10, '鰹魚露', '2大匙'),
(356, 10, '米酒', '適量'),
(357, 10, '去骨雞腿排', '400克'),
(358, 10, '蒜頭', '4瓣'),
(359, 10, '小辣椒', '1/2根'),
(360, 10, '麵條', '麵條1份'),
(361, 10, '櫛瓜', '20g'),
(362, 10, '生豆包', '1塊'),
(363, 10, '腰果醬', '2大匙'),
(364, 10, '花椒油', '1大匙'),
(365, 10, '烏醋', '1大匙'),
(366, 10, '蒜泥', '1大匙');

-- --------------------------------------------------------

--
-- 資料表結構 `member`
--

CREATE TABLE `member` (
  `id` int(6) UNSIGNED NOT NULL,
  `name` varchar(50) COLLATE utf8mb4_unicode_ci NOT NULL,
  `nickname` varchar(50) COLLATE utf8mb4_unicode_ci DEFAULT NULL,
  `account` varchar(50) COLLATE utf8mb4_unicode_ci NOT NULL,
  `password` varchar(1000) COLLATE utf8mb4_unicode_ci NOT NULL,
  `gender` varchar(20) COLLATE utf8mb4_unicode_ci NOT NULL DEFAULT 'U',
  `birthday` date NOT NULL DEFAULT '2000-01-01',
  `phone` varchar(500) COLLATE utf8mb4_unicode_ci DEFAULT NULL,
  `email` varchar(1000) COLLATE utf8mb4_unicode_ci NOT NULL,
  `address` varchar(1000) COLLATE utf8mb4_unicode_ci DEFAULT NULL,
  `picture` varchar(1000) COLLATE utf8mb4_unicode_ci DEFAULT NULL,
  `create_date` date DEFAULT NULL,
  `google_id` varchar(500) COLLATE utf8mb4_unicode_ci DEFAULT '0',
  `facebook_id` bigint(64) UNSIGNED DEFAULT 0,
  `valid` int(3) UNSIGNED NOT NULL DEFAULT 1
) ENGINE=InnoDB DEFAULT CHARSET=utf8mb4 COLLATE=utf8mb4_unicode_ci;

--
-- 傾印資料表的資料 `member`
--

INSERT INTO `member` (`id`, `name`, `nickname`, `account`, `password`, `gender`, `birthday`, `phone`, `email`, `address`, `picture`, `create_date`, `google_id`, `facebook_id`, `valid`) VALUES
(1, '陳怡君', '', 'meleesadminx1', '$2b$10$ujPAtMteEItFzmlQ4FrDLuAu4/41lhJmOvMljXzr7mESfeUYUJyqW', '女', '1992-08-01', '0988456654', 'melees05051015@gmail.com', '桃園市中壢區中央路300號', '/2f623546-eff6-4e52-8e9b-cf5678136754.jpg', '2021-09-27', '0', 0, 1),
(2, '子晴', 'Amelia', 'meleesadminx2', '$2b$10$Ui1OeB6BEdJjEqRI7ucKm.JoZ4X/NEK7.vJ4CprN9QP4rxAU.dY66', '女', '1988-06-17', '0988456654', 'melees05051015@gmail.com', '桃園市中壢區中央路300號', '/3413349c-5e52-4ed1-8e8e-de85b81690ba.jpg', '2021-09-27', '0', 0, 1),
(3, '思妤', 'Olive', 'meleesadminx3', '$2b$10$HIIGp3UZrI7oXLjaZbNIMulplyAU1iK1q3k2Rj1DiTU2X1n84GNpu', '女', '1990-09-04', '0988456654', 'melees05051015@gmail.com', '桃園市中壢區中央路300號', '/9b19bd54-2bab-46d3-8ab0-936e4346b64d.jpg', '2021-09-27', '0', 0, 1),
(4, '雅婷', 'Kristen', 'meleesadminx4', '$2b$10$lHQn6kmpUXKQwN3nffmU3O5jPYvdha5qmVE1ZNP9MnRKCr9Md0UKS', '女', '1990-09-04', '0988456654', 'melees05051015@gmail.com', '桃園市中壢區中央路300號', '/754c6476-0221-4257-9e9f-a857a62a48c7.jpg', '2021-09-27', '0', 0, 1),
(5, '黃欣怡', 'Jennifer', 'meleesadminx5', '$2b$10$OafVDsdm4QEa.mj0TUQyMe7MWLZ5FVZFuNxJPwmhKdcjOogT7Iooa', '女', '1997-09-27', '0988456654', 'melees05051015@gmail.com', '桃園市中壢區中央路300號', '/7f5224b8-bc7e-49d0-a88b-e1f4768b60ec.jpg', '2021-09-27', '0', 0, 1),
(6, 'ss melees', NULL, 'googlemelees05051015@gmail.com', 'googlelogin', 'U', '2000-01-01', NULL, 'melees05051015@gmail.com', NULL, 'https://lh3.googleusercontent.com/a/AATXAJwWvrO9hN4AeAyfqCPw1Pbu-rJy-EaFLzgzdhNf=s96-c', '2021-10-07', '114308149775074934225', 0, 1),
(7, '巫建成', NULL, 'googlegemini497586@gmail.com', 'googlelogin', 'U', '2000-01-01', NULL, 'gemini497586@gmail.com', NULL, 'https://lh3.googleusercontent.com/a-/AOh14GjMrS2LpL_Evua_-5zBWFFQbRhR9v41Xlak1r_Jfg=s96-c', '2021-10-04', '104178412132613890853', 0, 1),
(8, '巫建成', NULL, 'facebookgemini497586@gmail.com', 'facebooklogin', 'U', '2000-01-01', NULL, 'gemini497586@gmail.com', NULL, 'https://graph.facebook.com/v2.6/4500042843351621/picture?type=large', '2021-10-04', '0', 4500042843351621, 1),
(9, '巫建成', NULL, 'googlegemini49140512@smail.nchu.edu.tw', 'googlelogin', 'U', '2000-01-01', NULL, 'gemini49140512@smail.nchu.edu.tw', NULL, 'https://lh3.googleusercontent.com/a/AATXAJwqaqdN_tm7XRqqHuX4DfdXSpbE4KelvwozA9QC=s96-c', '2021-10-05', '105575059760692888814', 0, 1),
(10, '陳弘', NULL, 'facebookdial012@yahoo.com.tw', 'facebooklogin', 'U', '2000-01-01', NULL, 'dial012@yahoo.com.tw', NULL, 'https://graph.facebook.com/v2.6/5095485540467276/picture?type=large', '2021-10-05', '0', 5095485540467276, 1),
(11, 'RUBY', NULL, 'googledial0122@gmail.com', 'googlelogin', 'U', '2000-01-01', NULL, 'dial0122@gmail.com', NULL, 'https://lh3.googleusercontent.com/a-/AOh14GgNpPA1t-0qN0Q8AVjVqxT0z4JIcxQFEYgU_4i7FQ=s96-c', '2021-10-05', '115773880522516546115', 0, 1),
(12, '李冠霖', NULL, 'googlesdy2615380450@gmail.com', 'googlelogin', 'U', '2000-01-01', NULL, 'sdy2615380450@gmail.com', NULL, 'https://lh3.googleusercontent.com/a-/AOh14GjbsUci_r0HVMwaubyE8HvNGRv6hsBBQqMZqdyPSUs=s96-c', '2021-10-05', '107485719122593727505', 0, 1),
(13, 'CHEN木白', NULL, 'googlescsa8860512@gmail.com', 'googlelogin', 'U', '2000-01-01', NULL, 'scsa8860512@gmail.com', NULL, 'https://lh3.googleusercontent.com/a-/AOh14GgbtqTXSh8bI-fzqpWFzWfCMjEZ8evoHKN69SFk_MU=s96-c', '2021-10-05', '114113226735909152477', 0, 1),
(14, 'Ryan Jan', NULL, 'facebookshin8512@hotmail.com', 'facebooklogin', 'U', '2000-01-01', NULL, 'shin8512@hotmail.com', NULL, 'https://graph.facebook.com/v2.6/4349363908452055/picture?type=large', '2021-10-05', '0', 4349363908452055, 1),
(15, 'Ryan Jan', NULL, 'googleryanjan8512@gmail.com', 'googlelogin', 'U', '2000-01-01', NULL, 'ryanjan8512@gmail.com', NULL, 'https://lh3.googleusercontent.com/a/AATXAJzt1Js3mJuAL7YDKXXLBsRVd4MT36fdg1mjwZyd=s96-c', '2021-10-05', '102951600095484780219', 0, 1),
(16, '陳', 'undefined', 'ruby', '$2b$10$OHxzrn6ENTED4cw2q/wE3eBDFGpC3FgOJHO43iZMwKlM8ioNJcCLe', '女', '2021-10-01', '0912345678', '12@ww.wc', 'undefined', '', '2021-10-07', '0', 0, 1);

-- --------------------------------------------------------

--
-- 資料表結構 `order_detail_list`
--

CREATE TABLE `order_detail_list` (
  `id` int(4) NOT NULL,
  `order_id` int(4) NOT NULL COMMENT '對應到order_main_list的主ID',
  `product_id` int(4) NOT NULL COMMENT '對應的商品ID',
  `amount` int(4) NOT NULL COMMENT '購買數量',
  `price` int(6) NOT NULL COMMENT '單價',
  `total` int(10) NOT NULL COMMENT '總計'
) ENGINE=InnoDB DEFAULT CHARSET=utf8mb4;

--
-- 傾印資料表的資料 `order_detail_list`
--

INSERT INTO `order_detail_list` (`id`, `order_id`, `product_id`, `amount`, `price`, `total`) VALUES
(1, 2, 4, 9, 155, 1395),
(2, 2, 3, 1, 310, 310),
(3, 3, 1, 1, 110, 110),
(4, 3, 3, 1, 310, 310),
(5, 4, 6, 5, 550, 2750),
(6, 4, 5, 2, 250, 500),
(7, 5, 21, 3, 3680, 11040),
(8, 5, 23, 1, 890, 890),
(9, 6, 1, 2, 110, 220),
(10, 6, 26, 5, 99, 495),
(11, 6, 21, 1, 3680, 3680),
(12, 7, 23, 2, 890, 1780),
(13, 7, 21, 3, 3680, 11040),
(14, 7, 1, 3, 110, 330),
(15, 7, 22, 1, 3290, 3290),
(16, 8, 21, 1, 3680, 3680),
(17, 8, 1, 1, 110, 110),
(18, 9, 1, 1, 110, 110),
(19, 10, 26, 1, 99, 99),
(20, 11, 28, 1, 529, 529),
(21, 12, 2, 1, 95, 95),
(22, 13, 2, 1, 95, 95);

-- --------------------------------------------------------

--
-- 資料表結構 `order_main_list`
--

CREATE TABLE `order_main_list` (
  `id` int(4) NOT NULL COMMENT '這就是訂單編號',
  `member_id` int(4) NOT NULL COMMENT '使用者ID',
  `name` varchar(20) CHARACTER SET utf8mb4 COLLATE utf8mb4_unicode_ci NOT NULL COMMENT '收件人姓名',
  `phone` varchar(20) CHARACTER SET utf8mb4 COLLATE utf8mb4_unicode_ci NOT NULL COMMENT '聯絡電話',
  `email` varchar(100) CHARACTER SET utf8mb4 COLLATE utf8mb4_unicode_ci NOT NULL COMMENT '聯絡信箱',
  `address` varchar(200) CHARACTER SET utf8mb4 COLLATE utf8mb4_unicode_ci NOT NULL COMMENT '寄送地址',
  `payment_method` int(4) NOT NULL COMMENT '付款方式',
  `create_date` date NOT NULL COMMENT '訂單成立日期',
  `status` int(4) NOT NULL COMMENT '訂單狀態',
  `total_price` int(6) NOT NULL COMMENT '總金額'
) ENGINE=InnoDB DEFAULT CHARSET=utf8mb4;

--
-- 傾印資料表的資料 `order_main_list`
--

INSERT INTO `order_main_list` (`id`, `member_id`, `name`, `phone`, `email`, `address`, `payment_method`, `create_date`, `status`, `total_price`) VALUES
(1, 1, '王小明', '0912345678', '', '', 2, '2021-09-27', 4, 5000),
(2, 1, '123', '', '', '', 1, '2021-09-27', 1, 1855),
(3, 1, 'Mia', '0988456654', 'meleestest@gmail.com', '桃園市中壢區中央路300號', 0, '2021-09-29', 1, 570),
(4, 1, 'Mia', '0988456654', 'meleestest@gmail.com', '桃園市中壢區中央路300號', 2, '2021-09-29', 1, 3400),
(5, 4, 'Kristen', '0988456654', 'meleestest@gmail.com', '桃園市中壢區中央路300號', 2, '2021-09-29', 1, 150),
(6, 6, 'Ruby123', '0912345678', 'ruby@test.com', 'undefined', 2, '2021-09-29', 1, 4545),
(7, 1, 'Mia', '0988456654', 'meleestest@gmail.com', '桃園市中壢區中央路300號', 2, '2021-10-04', 1, 16590),
(8, 1, '123', '0988456654', 'meleestest@gmail.com', '桃園市中壢區中央路300號', 2, '2021-10-05', 1, 3940),
(9, 1, 'Mia', '0988456654', 'meleestest@gmail.com', '桃園市中壢區中央路300號', 2, '2021-10-05', 1, 260),
(10, 1, 'Mia', '0988456654', 'meleestest@gmail.com', '桃園市中壢區中央路300號', 1, '2021-10-05', 1, 249),
(11, 1, 'Mia', '0988456654', 'meleestest@gmail.com', '桃園市中壢區中央路300號', 2, '2021-10-05', 1, 679),
(12, 1, 'Mia', '0988456654', 'meleestest@gmail.com', '桃園市中壢區中央路300號', 2, '2021-10-06', 1, 150),
(13, 11, 'ruby', '123', 'dial0122@gmail.com', '123', 2, '2021-10-07', 1, 245);

-- --------------------------------------------------------

--
-- 資料表結構 `private_comment`
--

CREATE TABLE `private_comment` (
  `id` int(10) UNSIGNED NOT NULL,
  `private_id` int(10) DEFAULT NULL,
  `member_id` int(10) DEFAULT NULL,
  `comment` varchar(1000) DEFAULT NULL,
  `star_rate` int(10) UNSIGNED NOT NULL,
  `comment_time` date DEFAULT NULL
) ENGINE=InnoDB DEFAULT CHARSET=utf8mb4;

--
-- 傾印資料表的資料 `private_comment`
--

INSERT INTO `private_comment` (`id`, `private_id`, `member_id`, `comment`, `star_rate`, `comment_time`) VALUES
(1, 18, 2, '感覺吃起來整個人都要暖起來了', 1, '2021-10-05'),
(2, 27, 2, '香味加倍', 2, '2021-07-06'),
(3, 3, 2, '每次看你煮的東西，我的口水都流出來了', 2, '2021-07-07'),
(4, 27, 2, '這個好棒', 5, '2021-07-08'),
(5, 5, 1, '這超好吃', 3, '2021-07-09'),
(6, 5, 2, 'looks good', 1, '2021-07-10'),
(7, 23, 4, '清爽又可口^^', 5, '2021-07-11'),
(8, 1, 2, '超級愛吃義大利麵!!', 5, '2021-07-12'),
(9, 12, 3, '很貴的食材', 2, '2021-07-13'),
(10, 6, 3, '小孩超愛吃，連吃好幾碗!', 1, '2021-07-14'),
(11, 3, 1, '好讚', 1, '2021-07-15'),
(12, 29, 1, '好讚', 2, '2021-07-16'),
(13, 16, 5, '好讚', 3, '2021-07-17'),
(14, 9, 4, '好讚', 5, '2021-07-18'),
(15, 29, 5, '好讚', 1, '2021-07-19'),
(16, 10, 1, '好讚', 5, '2021-07-20'),
(17, 27, 3, '看了好餓喔', 5, '2021-07-21'),
(18, 29, 3, '看了好餓喔', 1, '2021-07-22'),
(19, 5, 4, '看了好餓喔', 5, '2021-07-23'),
(20, 16, 2, '看了好餓喔', 2, '2021-07-24'),
(21, 10, 1, '看了好餓喔', 2, '2021-07-25'),
(22, 3, 1, '看了好餓喔', 4, '2021-07-26'),
(23, 14, 1, '好療癒的一道', 4, '2021-07-27'),
(24, 30, 3, '流口水誒', 3, '2021-07-28'),
(25, 22, 1, '看起來好好吃', 2, '2021-07-29'),
(26, 11, 3, 'Yummy yummy', 5, '2021-07-30'),
(27, 10, 3, '看起来好美味', 1, '2021-07-31'),
(28, 28, 3, 'This made me super hungry!!!', 5, '2021-08-01'),
(29, 21, 3, '不拍手不行', 1, '2021-08-02'),
(30, 10, 4, '超愛', 1, '2021-08-03'),
(31, 1, 5, '香嫰豬排堡的滋味，是極品中的極品，一入口那滋味就彷彿豬排在跳著非洲舞有力的在嘴中彈跳著。那番茄浪漫醉人的滋味，滿滿的占據了味蕾，與豬排相互輝映，這種鮮味四溢，就像是春天般的盎然，仔細咀嚼到最後小黃瓜的滋味慢慢浮現，在嘴裡畫出了一道美麗的彩虹。', 3, '2021-08-04'),
(32, 13, 3, '有沒有什麼醃肉比較好吃的醬汁配方呢', 5, '2021-08-05'),
(33, 11, 1, '香嫰豬排堡的滋味，是極品中的極品，一入口那滋味就彷彿豬排在跳著非洲舞有力的在嘴中彈跳著。那番茄浪漫醉人的滋味，滿滿的占據了味蕾，與豬排相互輝映，這種鮮味四溢，就像是春天般的盎然，仔細咀嚼到最後小黃瓜的滋味慢慢浮現，在嘴裡畫出了一道美麗的彩虹。', 1, '2021-08-06'),
(34, 11, 3, '看起來超好吃', 3, '2021-08-07'),
(35, 22, 5, '餓了餓了', 2, '2021-08-08'),
(36, 14, 1, '好讚，下次來做做看！', 1, '2021-08-09'),
(37, 27, 4, '這個讚不給不行', 1, '2021-08-10'),
(38, 4, 1, '很想試試這個！營養豐富味道好！', 1, '2021-08-11'),
(39, 26, 1, 'Delicious', 5, '2021-08-12'),
(40, 20, 3, '看起來好好吃', 5, '2021-08-13'),
(41, 12, 2, '好用心的料理', 3, '2021-08-14'),
(42, 30, 1, '謝謝你這麼用心的叫我們做菜，真的幫助很大，尤其家裡孩子多，每天煮真的會不曉得該煮什麼', 3, '2021-08-15'),
(43, 28, 4, '光看食譜就好喜歡', 4, '2021-08-16'),
(44, 5, 1, '好好吃的感覺～^_^', 4, '2021-08-17'),
(45, 21, 3, '哇！是我爸的最愛', 2, '2021-08-18'),
(46, 14, 4, '這個看起來簡單又營養', 3, '2021-08-19'),
(47, 10, 1, '看起来好好吃哦', 5, '2021-08-20'),
(48, 27, 1, 'That looks so so good', 3, '2021-08-21'),
(49, 11, 3, '想吃', 4, '2021-08-22'),
(50, 7, 5, '美味しそう', 4, '2021-08-23'),
(51, 20, 2, '這個看起來也太厲害了', 5, '2021-08-24'),
(52, 19, 1, 'Awesome', 2, '2021-08-25'),
(53, 15, 2, '100分', 3, '2021-08-26'),
(54, 10, 1, '那顏色太美了，一定是很美味', 4, '2021-08-27'),
(55, 8, 1, '好喜歡我下次想試試看', 4, '2021-08-28'),
(56, 5, 3, '我喜歡你的美食我喜歡你的美食', 5, '2021-08-29'),
(57, 10, 4, '超優秀的這個', 4, '2021-08-30'),
(58, 19, 4, 'Made a classic Chicken Soup for lunch to Stay healthy, Have a Look if you like', 2, '2021-08-31'),
(59, 23, 5, '看起來好讚', 1, '2021-09-01'),
(60, 20, 4, '可以開店了！看起來超級美味', 5, '2021-09-02'),
(61, 29, 2, '飄香40多年的虱目魚料理專賣店，經常一大早就人潮滿滿，當天現宰用料新鮮，在地人從小吃到大，更是許多老饕的私藏口袋名單。', 4, '2021-10-02'),
(62, 30, 3, '好吃又健康的雞肉，又養生!', 5, '2021-10-02'),
(63, 28, 4, '甘甜的滋味林在熱飯上連我這個食量不大的人也會多添一點', 3, '2021-10-02'),
(64, 27, 5, '很好吃!適合喜歡吃辣的人~', 4, '2021-10-02'),
(65, 28, 1, '牛肉湯加入蔬菜熬煮後煮成蔬菜咖哩，超級好吃!', 1, '2021-10-07'),
(66, 26, 5, '簡單簡單到爆炸卻出奇好吃!撒上韓式辣椒看起來更美，而且更提味!', 4, '2021-10-02'),
(67, 29, 1, '魚肚的精華就在於這一部分的魚油，不僅營養價值高，而且估溜滑嫩的口感連小朋友都很愛', 5, '2021-10-02'),
(68, 29, 2, '虱目魚肚吃起來軟嫩又帶點微微鹹香的滋味，尾韻還帶著甘甜口感，清爽不膩的口感不管單吃獲配飯都很棒', 3, '2021-10-02'),
(69, 27, 1, '好吃的炒手，又辣又麻的調味總是令人胃口大開', 3, '2021-10-02'),
(70, 27, 1, '喜歡吃辣的人可以嘗試看看^^', 3, '2021-10-02'),
(72, 29, 1, '1231111111111', 1, '2021-10-07');

-- --------------------------------------------------------

--
-- 資料表結構 `private_follow`
--

CREATE TABLE `private_follow` (
  `id` int(10) UNSIGNED NOT NULL,
  `member_id` int(5) NOT NULL,
  `user_id` int(5) NOT NULL
) ENGINE=InnoDB DEFAULT CHARSET=utf8mb4 COLLATE=utf8mb4_unicode_ci;

--
-- 傾印資料表的資料 `private_follow`
--

INSERT INTO `private_follow` (`id`, `member_id`, `user_id`) VALUES
(1, 1, 2),
(3, 1, 5),
(4, 5, 3),
(5, 1, 3),
(7, 1, 1),
(8, 3, 1),
(9, 4, 5),
(22, 4, 1);

-- --------------------------------------------------------

--
-- 資料表結構 `private_ingred`
--

CREATE TABLE `private_ingred` (
  `id` int(10) UNSIGNED NOT NULL,
  `private_id` int(10) NOT NULL,
  `ingred` varchar(100) COLLATE utf8mb4_unicode_ci NOT NULL,
  `ingred_unit` varchar(100) COLLATE utf8mb4_unicode_ci NOT NULL
) ENGINE=InnoDB DEFAULT CHARSET=utf8mb4 COLLATE=utf8mb4_unicode_ci;

--
-- 傾印資料表的資料 `private_ingred`
--

INSERT INTO `private_ingred` (`id`, `private_id`, `ingred`, `ingred_unit`) VALUES
(1, 1, '九層塔', '1大匙'),
(2, 1, '蛤蜊', '50克'),
(3, 1, '花枝', '50克'),
(4, 1, '紅辣椒', '1根'),
(5, 1, '蒜末', '1大匙'),
(6, 1, '鮮奶油', '2大匙'),
(7, 1, '牛番茄', '2個(去皮)'),
(8, 1, '橄欖油', '2大匙'),
(9, 1, '義大利麵', '1小把'),
(10, 2, '鳳梨', '半顆'),
(11, 2, '白米', '200克'),
(12, 2, '椰漿', '150克'),
(13, 2, '雞胸肉', '200克'),
(14, 2, '花生米', '30克'),
(15, 2, '醬油', '40克'),
(16, 2, '醬油(醃製)', '15克'),
(17, 2, '米酒', '30克'),
(18, 2, '太白粉', '5克'),
(19, 3, '九層塔', '30克'),
(20, 3, '綠檸檬', '1顆'),
(21, 3, '豬絞肉（肥瘦3：7）', '300克'),
(22, 3, '牛番茄丁', '2顆'),
(23, 3, '薑末', '1大匙'),
(24, 3, '蒜末', '1大匙'),
(25, 3, '大紅辣椒末', '1大匙'),
(26, 4, '菠菜', '1把（約150公公克）'),
(27, 4, '白飯', '1碗'),
(28, 4, '洋蔥', '1/4顆'),
(29, 4, '水', '200cc'),
(30, 4, '牛番茄', '4顆（約400公克）'),
(31, 4, '去骨雞腿肉', '150公克'),
(32, 4, '咖哩塊', '60公克'),
(33, 4, '紅Tabasco', '適量'),
(34, 4, '綠Tabasco', '少許'),
(35, 5, '拉麵', '2球'),
(36, 5, '梅干菜末', '2大匙'),
(37, 5, '白芝麻', '1大匙'),
(38, 5, '大骨高湯', '300cc'),
(39, 5, '蔥花', '1大匙'),
(40, 5, '牛奶', '200cc'),
(41, 5, '五花肉片', '8片'),
(42, 5, '豆芽菜', '1小碗'),
(43, 5, '辣油', '1又1/2小匙'),
(44, 5, '鹽', '1又1/2小匙'),
(45, 5, '香油', '2小匙'),
(46, 5, '細砂糖', '1小匙'),
(47, 6, '白飯', '200g'),
(48, 6, '鮭魚', '200g'),
(49, 6, '青蔥', '60g'),
(50, 6, '玉米筍', '2根'),
(51, 6, '鴻禧菇', '1/2包'),
(52, 6, '洋蔥', '1/4顆'),
(53, 6, '蒜頭', '10g'),
(54, 6, '雞高湯', '250g'),
(55, 6, '鹽巴', '1/2小匙'),
(56, 6, '黑胡椒', '適量'),
(57, 7, '板條', '500g'),
(58, 7, '牛肉', '250g'),
(59, 7, '青蔥', '1根'),
(60, 7, '韭黃', '1根'),
(61, 7, '豆芽', '100g'),
(62, 7, '洋蔥', '1/2顆'),
(63, 7, '醬油', '2大匙'),
(64, 7, '老抽', '1/2大匙'),
(65, 7, '糖', '1小匙'),
(66, 8, '嫩豆腐', '1盒'),
(67, 8, '小番茄', '2顆'),
(68, 8, '醬油', '2大匙'),
(69, 8, '米酒', '5大匙'),
(70, 8, '糖', '1/2小匙'),
(71, 8, '白胡椒', '適量'),
(72, 8, '蒜頭', '2瓣'),
(73, 8, '青蔥', '1根'),
(74, 9, '老薑', '220g'),
(75, 9, '黑麻油', '1/2杯'),
(76, 9, '紅番鴨', '半隻'),
(77, 9, '鹽', '少許'),
(78, 9, '米酒', '600c.c'),
(79, 9, '水', '600c.c'),
(80, 10, '絞肉', '300g'),
(81, 10, '洋蔥', '1/2顆'),
(82, 10, '墨西哥辣椒', '15g'),
(83, 10, '雞蛋', '1顆'),
(84, 10, '麵包粉', '30g'),
(85, 10, '牛奶', '70g'),
(86, 10, '鹽巴', '1茶匙'),
(87, 10, '黑胡椒', '適量'),
(88, 10, '起司片', '4片'),
(89, 11, '蝦子', '150g'),
(90, 11, '蛤蜊', '150g'),
(91, 11, '鴻禧菇', '1包'),
(92, 11, '洋蔥', '100g'),
(93, 11, '玉米筍', '50g'),
(94, 11, '蒜頭', '10g'),
(95, 11, '白飯', '350g'),
(96, 11, '起司絲', '35g'),
(97, 11, '牛奶', '400g'),
(98, 11, '韓式辣醬', '1大匙'),
(99, 11, '鹽巴', '1/2小匙'),
(100, 11, '黑胡椒', '1/6小匙'),
(101, 12, '美牛prime菲力', '1塊'),
(102, 12, '百里香', '1束'),
(103, 12, '蒜頭', '7瓣'),
(104, 12, '奶油', '30克'),
(105, 12, '鹽&黑胡椒', '1/4小匙'),
(106, 12, '玉米筍', '4根'),
(107, 12, '馬鈴薯', '1/2顆'),
(108, 12, '巴薩米克醋', '1-2大匙'),
(109, 13, '醬油', '60ml'),
(110, 13, '米酒', '60ml'),
(111, 13, '白米', '2杯'),
(112, 13, '水', '300ml'),
(113, 13, '豬肋排', '600g'),
(114, 14, '高麗菜', '400g'),
(115, 14, '蝦子', '8隻'),
(116, 14, '乾香菇', '10g'),
(117, 14, '高湯或水', '100g'),
(118, 14, '嫩豆腐', '150g'),
(119, 14, '蒜頭', '15g'),
(120, 14, '起司絲', '20g'),
(121, 14, '無水奶油', '20g'),
(122, 14, '鹽巴', '1小匙'),
(123, 14, '白胡椒', '1/4小匙'),
(124, 14, '自製高湯粉', '1小匙'),
(125, 15, '蛋豆腐', '1 盒'),
(126, 15, '鹹蛋黃', '1 顆'),
(127, 15, '蒜頭', '3 瓣'),
(128, 16, '麻油', '適量'),
(129, 16, '洋蔥', '一顆'),
(130, 16, '蛤蠣', '半斤'),
(131, 16, '蒜頭', '3~5瓣'),
(132, 16, '嫩豆腐', '一盒'),
(133, 16, '韓式辣椒醬', '一大匙'),
(134, 16, '高湯', '1L'),
(135, 16, '雞蛋', '1顆'),
(136, 16, '青蔥', '適量'),
(137, 17, '排骨', '400 克'),
(138, 17, '馬鈴薯', '2 顆'),
(139, 17, '紅蘿蔔', '1 根'),
(140, 17, '洋蔥', '1 顆'),
(141, 17, '蔥白', '1 根'),
(142, 17, '老薑切片', '4 片'),
(143, 17, '蒜頭', '4 瓣'),
(144, 17, '辣椒', '1 根'),
(145, 17, '辣豆瓣醬', '1/2 大匙'),
(146, 17, '醬油或素蠔油', '1/2 大匙'),
(147, 17, '米酒', '2 大匙'),
(148, 18, '蛤蜊', '15 顆'),
(149, 18, '絲瓜', '1 條'),
(150, 18, '薑絲', '少許'),
(151, 19, '空心菜', '2 把'),
(152, 19, '蝦頭', '適量'),
(153, 19, '蝦醬', '3 匙'),
(154, 19, '蒜頭', '5 瓣'),
(155, 19, '蔥', '2 根'),
(156, 19, '醬油', '2 匙'),
(157, 20, '節瓜', '1 條'),
(158, 20, '蛋液', '1 顆'),
(159, 21, '玉米筍', '8 支'),
(160, 21, '柳松菇', '1 包'),
(161, 21, '洋蔥', '1 顆'),
(162, 21, '蒜頭', '2 顆'),
(163, 22, '無骨雞腿排', '3 片'),
(164, 22, '玉米筍', '8 根'),
(165, 22, '蒜末', '1 大匙'),
(166, 22, '老薑片', '3 片'),
(167, 22, '黑胡椒粒', '1 小匙'),
(168, 22, '白胡椒粉', '1/2 小匙'),
(169, 23, '大白蝦', '15 隻'),
(170, 23, '小豆苗', '1 包'),
(171, 23, '蒜頭', '3 顆'),
(172, 23, '鹽', '1/4 小匙'),
(173, 23, '油', '1/2 大匙'),
(174, 23, '白胡椒粉', '1/2 小匙'),
(175, 23, '米酒', '1.5 大匙'),
(176, 24, '板豆腐', '1 盒'),
(177, 24, '豬五花/牛肉火鍋肉片', '600 g'),
(178, 24, '鮮香菇', '6 朵'),
(179, 24, '紅蘿蔔', '40 g'),
(180, 24, '蒟蒻絲', '50 g'),
(181, 24, '青蔥/大蔥', '1 根'),
(182, 24, '洋蔥', '100 g'),
(183, 24, '玉米筍', '100 g'),
(184, 24, '高麗菜', '200 g'),
(185, 24, '山茼蒿/深綠色蔬菜', '100 g'),
(186, 24, '蒜頭', '3 瓣'),
(187, 24, '日式醬油', '90 cc'),
(188, 24, '味醂', '20 cc'),
(189, 24, '水', '300 cc'),
(190, 24, '清酒/米酒', '150 cc'),
(191, 25, '二節雞翅', '380 g'),
(192, 25, '紅青辣椒', '各2條'),
(193, 25, '韓式辣椒醬', '1.5 大匙'),
(194, 25, '醬油', '1.5 大匙'),
(195, 25, '蒜頭', '2 瓣'),
(196, 25, '汽水', '120 cc'),
(197, 25, '韓式芝麻油/香油', '1 大匙'),
(198, 26, '黃豆芽', '300 g'),
(199, 26, '蒜頭', '3 瓣'),
(200, 26, '青蔥', '1/3根'),
(201, 26, '白芝麻粒', '1 茶匙'),
(202, 26, '韓式辣椒醬', '1.5 大匙'),
(203, 26, '韓式辣椒粉', '1/3 茶匙'),
(204, 26, '細砂糖', '1 茶匙'),
(205, 26, '香油', '1大匙'),
(206, 27, '餛飩', '半盒'),
(207, 27, '蔥花', '適量'),
(208, 27, '麻油', '1.5 匙'),
(209, 27, '醬油', '2 匙'),
(210, 27, '烏醋', '1.5 匙'),
(211, 27, '麻辣醬', '適量'),
(212, 27, '白胡椒', '適量'),
(213, 28, '牛筋膜', '600克'),
(214, 28, '咖哩塊', '4小塊'),
(215, 28, '菇菇', '100克'),
(216, 28, '四季豆', '50克'),
(217, 28, '玉米筍', '50克'),
(218, 28, '洋蔥', '50克'),
(219, 28, '紅蘿蔔', '100克'),
(220, 28, '馬鈴薯', '100克'),
(221, 28, '蘋果', '1顆'),
(222, 28, '雞蛋', '1顆'),
(223, 29, '無刺虱目魚肚', '2 個'),
(224, 29, '青蔥', '1 根'),
(225, 29, '老薑片', '4 片'),
(226, 29, '蒜', '3 顆'),
(227, 29, '辣椒', '1 根'),
(228, 29, '素蠔油或醬油', '2 大匙'),
(229, 29, '米酒', '2 大匙'),
(230, 29, '烏醋', '1 大匙'),
(231, 29, '白胡椒粉', '1 小匙'),
(232, 30, '山藥', '1小段'),
(233, 30, '雞腿肉', '2 隻'),
(234, 30, '醬油', '2 匙'),
(235, 30, '蠔油', '1 小匙'),
(236, 30, '米酒', '1 小匙'),
(237, 30, '水', '3-4 匙'),
(238, 1, '巴西里末', '1大匙'),
(239, 1, '鮭魚', '30克'),
(240, 1, '草蝦仁', '30克'),
(241, 1, '紅酒', '3大匙'),
(242, 1, '海鮮高湯', '1/2杯'),
(243, 1, '洋蔥末', '3大匙'),
(244, 1, '帕瑪森起司', '適量'),
(245, 1, '鹽', '少許'),
(246, 1, '番茄醬', '3大匙'),
(247, 1, '黑胡椒粒', '少許'),
(248, 1, '細砂糖', '少許'),
(249, 2, '白醋', '10克'),
(250, 2, '宮保辣椒', '20克'),
(251, 2, '花椒', '5克'),
(252, 2, '蔥花', '20克'),
(253, 2, '蒜頭碎', '20克'),
(254, 3, '魚露', '2大匙'),
(255, 3, '糖', '1大匙'),
(256, 3, '白胡椒粉', '1大匙'),
(257, 3, '細黑胡椒粉', '1大匙'),
(258, 3, '打拋醬', '適量'),
(259, 31, '', ''),
(260, 32, '', ''),
(261, 33, '', ''),
(262, 34, '12', '12'),
(263, 34, '', ''),
(264, 35, '', ''),
(265, 35, '12', '12'),
(266, 36, '', ''),
(267, 37, '', ''),
(268, 38, '', ''),
(269, 39, '', ''),
(270, 40, '', ''),
(271, 41, '', ''),
(272, 42, '', ''),
(273, 43, '', ''),
(274, 44, '', ''),
(275, 45, '', ''),
(276, 46, '', ''),
(277, 47, '1', '1'),
(278, 47, '2', '2');

-- --------------------------------------------------------

--
-- 資料表結構 `private_like`
--

CREATE TABLE `private_like` (
  `id` int(10) UNSIGNED NOT NULL,
  `private_id` int(5) NOT NULL,
  `user_id` int(5) NOT NULL
) ENGINE=InnoDB DEFAULT CHARSET=utf8mb4 COLLATE=utf8mb4_unicode_ci;

--
-- 傾印資料表的資料 `private_like`
--

INSERT INTO `private_like` (`id`, `private_id`, `user_id`) VALUES
(2, 3, 1),
(3, 5, 1),
(4, 26, 1),
(6, 9, 1),
(7, 12, 1),
(8, 2, 1),
(9, 25, 1),
(10, 30, 1),
(11, 17, 1),
(12, 27, 1),
(13, 16, 1),
(14, 22, 1),
(15, 15, 1),
(16, 11, 1),
(18, 18, 1),
(19, 23, 1),
(20, 1, 1),
(21, 23, 2),
(22, 30, 2),
(23, 24, 2),
(24, 21, 2),
(25, 12, 2),
(26, 11, 2),
(27, 25, 2),
(28, 16, 2),
(29, 4, 2),
(30, 2, 2),
(31, 10, 2),
(32, 20, 2),
(33, 3, 2),
(34, 22, 2),
(35, 27, 2),
(36, 13, 2),
(37, 1, 2),
(38, 5, 2),
(39, 17, 2),
(40, 26, 2),
(41, 23, 3),
(42, 10, 3),
(43, 20, 3),
(44, 1, 3),
(45, 7, 3),
(46, 19, 3),
(47, 6, 3),
(48, 12, 3),
(49, 18, 3),
(50, 14, 3),
(51, 21, 3),
(53, 3, 3),
(54, 27, 3),
(55, 5, 3),
(56, 26, 3),
(57, 15, 3),
(58, 4, 3),
(59, 24, 3),
(60, 2, 3),
(61, 5, 4),
(62, 12, 4),
(63, 3, 4),
(64, 20, 4),
(65, 6, 4),
(66, 27, 4),
(67, 7, 4),
(68, 22, 4),
(69, 1, 4),
(70, 19, 4),
(71, 4, 4),
(72, 23, 4),
(73, 8, 4),
(74, 18, 4),
(75, 9, 4),
(76, 14, 4),
(77, 30, 4),
(78, 10, 4),
(79, 21, 4),
(80, 28, 4),
(81, 11, 5),
(82, 7, 5),
(83, 26, 5),
(84, 18, 5),
(85, 16, 5),
(86, 24, 5),
(87, 27, 5),
(88, 25, 5),
(89, 28, 5),
(90, 15, 5),
(91, 22, 5),
(92, 5, 5),
(93, 23, 5),
(94, 12, 5),
(95, 17, 5),
(96, 20, 5),
(97, 10, 5),
(98, 21, 5),
(100, 6, 5),
(101, 29, 1),
(102, 30, 16);

-- --------------------------------------------------------

--
-- 資料表結構 `private_recipe`
--

CREATE TABLE `private_recipe` (
  `id` int(10) UNSIGNED NOT NULL,
  `picture` varchar(500) DEFAULT NULL,
  `name` varchar(500) DEFAULT NULL,
  `intro` varchar(1000) DEFAULT NULL,
  `qty` varchar(10) DEFAULT NULL,
  `create_date` date DEFAULT NULL,
  `member_id` int(10) DEFAULT NULL,
  `valid` int(5) NOT NULL,
  `star_rate` double UNSIGNED NOT NULL
) ENGINE=InnoDB DEFAULT CHARSET=utf8mb4;

--
-- 傾印資料表的資料 `private_recipe`
--

INSERT INTO `private_recipe` (`id`, `picture`, `name`, `intro`, `qty`, `create_date`, `member_id`, `valid`, `star_rate`) VALUES
(1, '4866489c-5f63-4cb9-becf-c21c1a5a121f.jpeg', '海鮮蔬菜義大利麵', '自己煮的義大利麵，就可以調整放入自己喜歡的食材唷，這是個人化改良版的肉醬義大利麵～', '2', '2021-07-05', 1, 1, 4),
(2, 'e7ba217e-d8a2-48eb-b30f-e94fe126f5e9.jpeg', '鳳梨宮保雞丁佐椰漿香米', '大家在熱炒店，都有吃過宮保雞丁，但搭配鳳梨跟椰漿香米一定沒吃過吧～滿滿的南洋風味呢', '2', '2021-07-06', 1, 1, 0),
(3, '7657327e-ba7a-4d91-a3fc-553f6dbbc772.jpeg', '泰式打拋豬', '好好吃 好美味 好下飯的 打拋豬作法也真的好簡單喔!', '３', '2021-07-07', 1, 1, 2.3),
(4, 'ee2dcff6-36ae-4d03-ba28-35c887d60c04.jpeg', '地中海蕃茄雞肉', '地中海料理回歸天然飲食，以初榨橄欖油為基底，搭配大量的蔬果，從生菜沙拉到主食都可以簡單烹飪而完成。地中海風的經典食材-番茄，是你絕對不容錯過的料理，簡單易做又有異國風，趕快試做看看吧。', '2', '2021-07-13', 2, 1, 1),
(5, 'caa285a5-0758-44a7-b5f9-c437fdcaa179.png', '中式豚骨拉麵', '日式豚骨拉麵又香又濃的乳白色高湯，是大部分的人都沒辦法抗拒的好滋味，想要熬出這樣的湯頭，沒有將所有材料大火滾煮個把鐘頭，是做不出來的。創意十足的詹姆士，以令人意想不到的傳統材料「梅干菜」這一味，搭配上牛奶和一般的豬骨高湯，就成為中式風味的豚骨高湯，湯頭具有相同的香濃，簡單的程度也絕對令人滿意。', '1', '2021-07-13', 2, 1, 3.8),
(6, '45503c3a-07ee-47f4-95dc-e0cfa3701fbd.jpg', '蔥醬鮭魚燉飯', '午餐跟你們分享我自己超愛的燉飯口味，是我自己某次異想天開把蔥醬跟燉飯結合之後，就一試成主顧了☺️ 之前也有跟你們分享蛤蜊干貝口味，今天分享的則是鮭魚，雖然不是用生米，而是為了快速方便選用了白飯，可是還是很好吃阿！', '1', '2021-07-14', 2, 1, 1),
(7, '102f0e5c-1d35-4acb-9f7d-4a48b72db713.jpg', '乾炒牛河', '今天午餐是我很愛的乾炒牛河，滑嫩的牛肉搭配Q軟的粄條，加上鹹甜的醬汁，真的是人間簡單樸實的美味啊！你們往後看鍋子裡的牛肉，看起來就很嫩吧', '2', '2021-07-14', 4, 1, 4),
(8, '1eaae887-0320-4334-9906-8896b4751941.jpg', '番茄燒豆腐', '今天的便當本來是番茄燒豆包的，不過去了附近的兩間超市都沒有看到生豆包，索性就來做燒豆腐吧，特意將豆腐切小塊些，煎得恰恰，再炒搭配番茄醬燒的醬汁，拌著白飯吃真的好下飯呀！', '2', '2021-07-15', 5, 1, 4),
(9, '29e86b20-08fc-4b82-a565-06cd73404bcb.jpeg', '薑母鴨', '俗話說：「立冬補冬，補嘴空。」這道台灣人冬天超人氣的補身聖品料理──薑母鴨，薑香厚實，入湯底麻香撲鼻誘人，油香四溢的熱湯總會讓人一碗接一碗地喝下去，喝到身心靈都滿足了，才願意離開板凳啊！', '４', '2021-07-16', 5, 1, 5),
(10, '17fbecf6-9dc8-415e-85a9-7c13d78795a2.jpg', '墨西哥辣椒漢堡排', '自從某次在露易莎吃到墨西哥辣椒豬肉米堡之後就一直對這個味道念念不忘，上回想做一直買不到墨西哥辣椒，這次終於可以來做啦！我覺得自己做漢堡排，味道和口感都更好了！建議一定要加起司片，吃起來更對味哦！', '2', '2021-07-18', 5, 1, 3.1),
(11, '2591eb55-e20f-40e9-8809-a1b99059e396.jpg', '韓式牛奶海鮮燉飯', '今天中午吃韓式牛奶海鮮燉飯，你們一定會喜歡這款粉紅醬汁做成的燉飯呀！微微辣度加上奶味，搭配海鮮的鹹鮮，非常濃郁好吃！', '2', '2021-07-20', 5, 1, 3.2),
(12, 'd36fe962-9671-4ab8-b452-95c400f30025.jpg', '香煎鴨肝菲力', '今天這道料理的特殊之處是用陳年巴薩米克醋作為醬汁，其本身的濃稠度非常適合作為醬汁，加上其酸甜適口的風味，用於牛排或是爐烤蔬菜上，都有非常大的加分效果！是除了純海鹽及黑胡椒之外的極佳選擇，吃起來也會有在高級餐廳的感覺，很值得一試！', '2', '2021-07-23', 3, 1, 2.5),
(13, 'f4a83215-f19b-4635-8ae7-e907717fef76.jpg', '排骨燜飯', '這道排骨燜飯真的很好吃耶，而且作法很簡單，只有用豬肋排做，一斤差點塞不下，成品真的很香很好吃，吃起來有點像油飯！煮一鍋是主菜也是主食，真的超方便的啦，大家一定要試試看', '2', '2021-07-23', 3, 1, 5),
(14, '03a1c6d8-6b86-4e6c-919a-122ef817773c.jpg', '豆腐白醬焗麗菜', '今天跟你們分享豆腐白醬的變形用法，來做焗烤白菜或是焗烤高麗菜真的很好吃，口味上也清爽很多。', '2', '2021-07-23', 1, 1, 2.6),
(15, 'e63ed8ef-0a53-408c-a87d-a700d8c6a8b6.jpg', '金沙蛋豆腐', '中秋節做蛋黃酥的生鹹蛋黃也可以入菜「金沙蛋豆腐」做法簡單又好吃，只要三種食材，不到10分鐘就能在家做出餐廳料理。', '2', '2021-08-03', 1, 1, 3),
(16, '2d759f6c-dc7f-4365-83b0-a83aa3c53ef0.jpeg', '韓式辣豆腐鍋', '這道辣豆腐鍋算是韓國人家裡常煮的一道家常經典湯品，我這次用最簡單的方式製作，成本超低但是滋味完全不打折扣。', '2', '2021-08-05', 4, 1, 2.5),
(17, '2dcafaab-56d4-4aca-afb7-0eea30568cdc.jpg', '馬鈴薯燒排骨', '用辣豆瓣醬爆香蔥薑蒜先炒排骨再放根莖類蔬菜一起燒入味，香又不膩好吃又簡單。', '2', '2021-08-07', 3, 1, 0),
(18, 'ebef4c44-bcf5-4892-9545-f599233029bf.jpg', '絲瓜蛤蜊', '絲瓜本身的甜，再加上蛤蠣的鮮， 讓整個湯汁都濃郁了起來', '4', '2021-08-10', 2, 1, 1),
(19, '8cd01714-e71d-4004-a3b1-71bbeff761bf.jpg', '蝦醬空心菜', '不只是蝦醬炒空心菜，加入拌炒過的蝦頭，讓炒青菜更美味，是進階版的創意簡單料理食譜。', '2', '2021-09-07', 2, 1, 2),
(20, 'faa14754-3ede-47ec-bcab-21e449e006a1.jpg', '蛋煎櫛瓜', '簡單又好吃的料理', '2', '2021-09-09', 2, 1, 5),
(21, '68081ae3-23fc-491a-8195-d60ac76a18ce.jpg', '玉米筍炒洋蔥鮮菇', '玉米筍是玉米小時候，口感鮮嫩好吃，營養也豐富。 柳松菇，跟鴻禧菇外觀很像，但口感是爽脆的，很酷。', '2', '2021-09-10', 2, 1, 1.5),
(22, 'c194fbaf-58bb-420a-908d-e3059957ec41.jpg', '味噌燒雞腿排', '【味噌】是日本常見調味，味噌燒無骨雞腿排塊入味，簡單就完成滑嫩順口下飯的便當菜。', '2', '2021-09-12', 2, 1, 2),
(23, '8e1b8dec-b84e-4a9f-b72d-69f87164462a.jpg', '豆苗蝦仁', '豆苗，很酷的菜搜尋後原來他是豌豆長出的苗有草的清香，爽脆的口感吃起來很清爽。', '2', '2021-09-15', 4, 1, 3),
(24, '454917e9-5aeb-4f32-a399-22b0dd3b2805.jpg', '壽喜燒', '壽喜燒的鹹甜醬汁涮上肉片真的很合，醬汁調配也相當簡單，想吃什麼食材就煮什麼，再配上年糕或白飯更有飽足感，在家隨時都能開火鍋趴～邀請朋友在家吃，自在、舒適又省錢。', '4', '2021-09-20', 4, 1, 0),
(25, 'f4d085b1-e283-4f74-81ce-59b37d056c07.jpg', '韓式辣雞翅', '這道韓式辣雞翅，超級開胃且配啤酒也很搭。用煎的方式來取代油炸，再燒至入味上色，吃起來比較沒有罪惡感。', '4', '2021-09-21', 4, 1, 0),
(26, '45236c66-cae0-4b80-b8b4-2ddca6e4ee73.jpg', '韓式涼拌黃豆芽', '炎炎夏日，沒什麼胃口，可以自己在家一次完全大份量。隨時備好涼拌菜，想吃的時候，從冰箱拿出來加個菜，相當方便。', '3', '2021-09-22', 4, 1, 4.5),
(27, '50664abb-dad8-4ce5-a846-23294943cddc.jpg', '紅油抄手', '餛飩燙好還會帶水分，建議醬汁另外用一個碗調好，且重口味一點，餛飩盛盤後再淋上醬汁，邊淋邊嘗試味道是否足夠了。', '2', '2021-09-23', 4, 1, 3.2),
(28, 'e0c5bffc-70ed-4cbd-bd96-fad9cbfb09b5.jpg', '牛筋蔬菜咖哩飯', '今天分享用牛筋膜熬煮軟嫩，牛肉湯加入蔬菜熬煮後煮成蔬菜咖哩，也很好吃', '5', '2021-09-24', 4, 1, 3.3),
(29, '2398f045-6358-4a3d-b559-a87d6ef9636d.jpg', '滷虱目魚肚', '新鮮的虱目魚自己簡單滷尋回憶的美好', '2', '2021-09-28', 4, 1, 2.4),
(30, 'f15ba8ba-52c0-4622-893f-75a7c58fb15f.jpg', '山藥紅燒雞腿', '日本山藥的口感很綿密，但不可久煮！', '2', '2021-09-29', 4, 1, 4.3),
(47, '', '123', '123', '1', '2021-10-07', 1, 1, 0);

-- --------------------------------------------------------

--
-- 資料表結構 `private_save`
--

CREATE TABLE `private_save` (
  `id` int(10) UNSIGNED NOT NULL,
  `private_id` int(5) NOT NULL,
  `user_id` int(5) NOT NULL
) ENGINE=InnoDB DEFAULT CHARSET=utf8mb4 COLLATE=utf8mb4_unicode_ci;

--
-- 傾印資料表的資料 `private_save`
--

INSERT INTO `private_save` (`id`, `private_id`, `user_id`) VALUES
(1, 11, 1),
(2, 24, 1),
(3, 20, 1),
(4, 26, 1),
(5, 15, 1),
(6, 14, 1),
(7, 29, 1),
(8, 7, 1),
(9, 22, 1),
(10, 30, 1),
(11, 27, 1),
(12, 8, 1),
(13, 2, 1),
(14, 19, 1),
(15, 10, 1),
(16, 21, 1),
(17, 23, 1),
(18, 13, 1),
(19, 3, 1),
(20, 6, 1),
(21, 15, 2),
(22, 29, 2),
(23, 13, 2),
(24, 16, 2),
(25, 9, 2),
(26, 22, 2),
(27, 24, 2),
(28, 19, 2),
(29, 20, 2),
(30, 23, 2),
(31, 18, 2),
(32, 14, 2),
(33, 27, 2),
(34, 8, 2),
(35, 28, 2),
(36, 17, 2),
(37, 30, 2),
(38, 11, 2),
(39, 12, 2),
(40, 2, 2),
(41, 5, 3),
(42, 23, 3),
(43, 21, 3),
(44, 8, 3),
(45, 26, 3),
(46, 9, 3),
(47, 7, 3),
(48, 24, 3),
(49, 12, 3),
(50, 3, 3),
(51, 22, 3),
(52, 14, 3),
(53, 15, 3),
(54, 10, 3),
(55, 4, 3),
(56, 2, 3),
(57, 27, 3),
(58, 1, 3),
(59, 13, 3),
(60, 18, 3),
(61, 14, 4),
(62, 8, 4),
(63, 29, 4),
(64, 30, 4),
(65, 20, 4),
(66, 7, 4),
(67, 12, 4),
(68, 21, 4),
(69, 10, 4),
(70, 4, 4),
(71, 3, 4),
(72, 19, 4),
(73, 11, 4),
(74, 26, 4),
(75, 5, 4),
(76, 22, 4),
(77, 23, 4),
(78, 16, 4),
(79, 1, 4),
(80, 27, 4),
(81, 5, 5),
(82, 21, 5),
(83, 11, 5),
(84, 2, 5),
(85, 20, 5),
(86, 14, 5),
(87, 22, 5),
(88, 3, 5),
(89, 16, 5),
(90, 13, 5),
(91, 6, 5),
(92, 24, 5),
(93, 9, 5),
(94, 1, 5),
(95, 28, 5),
(96, 17, 5),
(97, 23, 5),
(98, 30, 5),
(99, 15, 5),
(100, 7, 5),
(101, 21, 6),
(102, 16, 6),
(103, 2, 6),
(104, 27, 6),
(105, 29, 6),
(106, 3, 6),
(107, 25, 6),
(108, 15, 6),
(109, 26, 6),
(110, 18, 6),
(111, 5, 6),
(112, 17, 6),
(113, 23, 6),
(114, 13, 6),
(115, 12, 6),
(116, 7, 6),
(117, 6, 6),
(118, 22, 6),
(119, 30, 6),
(120, 24, 6),
(121, 8, 7),
(122, 15, 7),
(123, 24, 7),
(124, 2, 7),
(125, 6, 7),
(126, 7, 7),
(127, 22, 7),
(128, 28, 7),
(129, 16, 7),
(130, 25, 7),
(131, 5, 7),
(132, 23, 7),
(133, 30, 7),
(134, 9, 7),
(135, 11, 7),
(136, 29, 7),
(137, 10, 7),
(138, 20, 7),
(139, 21, 7),
(140, 19, 7),
(141, 22, 8),
(142, 11, 8),
(143, 29, 8),
(144, 8, 8),
(145, 23, 8),
(146, 25, 8),
(147, 19, 8),
(148, 14, 8),
(149, 2, 8),
(150, 4, 8),
(151, 15, 8),
(152, 28, 8),
(153, 18, 8),
(154, 26, 8),
(155, 30, 8),
(156, 17, 8),
(157, 13, 8),
(158, 24, 8),
(159, 21, 8),
(160, 12, 8),
(161, 8, 9),
(162, 26, 9),
(163, 5, 9),
(164, 20, 9),
(165, 25, 9),
(166, 22, 9),
(167, 18, 9),
(168, 15, 9),
(169, 13, 9),
(170, 11, 9),
(171, 29, 9),
(172, 30, 9),
(173, 7, 9),
(174, 14, 9),
(175, 6, 9),
(176, 16, 9),
(177, 9, 9),
(178, 23, 9),
(179, 17, 9),
(180, 10, 9),
(181, 26, 10),
(182, 5, 10),
(183, 25, 10),
(184, 13, 10),
(185, 22, 10),
(186, 4, 10),
(187, 7, 10),
(188, 24, 10),
(189, 2, 10),
(190, 17, 10),
(191, 3, 10),
(192, 20, 10),
(193, 21, 10),
(194, 1, 10),
(195, 30, 10),
(196, 23, 10),
(197, 12, 10),
(198, 28, 10),
(199, 29, 10),
(200, 15, 10),
(201, 30, 16),
(202, 25, 16),
(203, 28, 16);

-- --------------------------------------------------------

--
-- 資料表結構 `private_step`
--

CREATE TABLE `private_step` (
  `id` int(5) UNSIGNED NOT NULL,
  `private_id` int(5) NOT NULL,
  `steps` varchar(500) COLLATE utf8mb4_unicode_ci NOT NULL
) ENGINE=InnoDB DEFAULT CHARSET=utf8mb4 COLLATE=utf8mb4_unicode_ci;

--
-- 傾印資料表的資料 `private_step`
--

INSERT INTO `private_step` (`id`, `private_id`, `steps`) VALUES
(1, 1, '鮭魚、花枝片薄切塊；蝦仁去腸泥後剖半，備用。去皮番茄擰碎、九層塔切末、巴西里切末、紅辣椒切丁，備用。'),
(2, 1, '起滾水鍋，加少許鹽和橄欖油，放入義大利麵條煮約8分鐘。'),
(3, 1, '另起鍋倒入橄欖油，爆香洋蔥末和蒜末，加入蛤蜊、海鮮高湯、紅酒、作法2番茄碎、番茄醬煨煮。'),
(4, 1, '待作法3鍋中蛤蜊殼打開，鮮汁流入鍋中，先將蛤蜊取出，備用。再加入作法1花枝片、鮭魚片、蝦仁、作法2義大利麵、作法2九層塔末、巴西里末拌煮。'),
(5, 1, '續入少許細砂糖、黑胡椒粒、紅辣椒丁調味，再將作法3取出的蛤蜊放入鍋中快速拌炒一下，起鍋前加入九層塔末和鮮奶油拌勻，撒上帕瑪森起司粉即可。'),
(6, 2, '先將鳳梨對切，挖出果肉留殼備用。'),
(7, 2, '白米洗過，加入椰漿用電鍋蒸熟備用。'),
(8, 2, '雞胸肉改刀切成塊狀，抓醃太白粉、醬油'),
(9, 2, '接著用煎鍋一點油煎至上色，下蒜頭、花椒、乾辣椒炒至香味出來，續入鳳梨、醬油、米酒，翻炒均勻，最後嗆上白醋、花生米、蔥花即可盛盤入鳳梨殼裡面，留一半空間放入椰漿飯。'),
(10, 3, '九層塔切絲、薑切末、檸檬對切備用。'),
(11, 3, '豬絞肉以黑胡椒粉、白胡椒粉跟一點打拋醬抓醃。'),
(12, 3, '起鍋將豬絞肉入鍋煸香至6分熟，盛出備用。'),
(13, 3, '用上鍋底餘油，炒香打拋醬接著爆香薑末、蒜末、辣椒，接著加入豬絞肉、番茄丁煨煮，試味道後可依口味加入適量魚露、檸檬汁跟糖，最後加入九層塔就可以盛盤。'),
(14, 4, '菠菜切段、洋蔥切丁，放入水晶碗中，封上保鮮膜微波2分30秒，取出混勻切末，備用。'),
(15, 4, '牛番茄洗淨、去骨雞腿肉切小塊、原味咖哩塊切碎、水和紅Tabasco調勻成醬汁，備用。'),
(16, 4, '取作法2去骨雞腿肉塊、作法1菠菜洋蔥末、整顆牛番茄一起放入水晶碗，加入作法2咖哩塊碎及醬汁，封上保鮮膜微波10分鐘。'),
(17, 4, '熱白飯盛盤，淋上作法3蕃茄雞肉，再灑上少許綠Tabasco提味即可。'),
(18, 5, '豬五花肉片切三等份；豆芽菜洗淨，瀝乾水分；備用。'),
(19, 5, '煮一鍋滾水，加入3小匙鹽（份量外）煮勻，放入麵條攪散後煮至熟，撈出瀝乾水分，盛入大碗中，備用。'),
(20, 5, '熱鍋放入五花肉片大火炒至出油，放入梅干菜末續炒出香氣，加入一半的白芝麻續炒至香氣更加濃郁。'),
(21, 5, '將豬骨高湯倒入作法3鍋中煮至滾，以鹽和細砂糖調味，再加入下豆芽菜煮熟。'),
(22, 5, '續將牛奶倒入作法4鍋中煮勻，取適量盛入作法2大碗中。'),
(23, 5, '最後在作法5碗中淋上香油和辣油，撒上剩餘的白芝麻和蔥花即可。'),
(24, 6, '蒜頭切末；洋蔥切末；玉米筍切小斜片；鴻禧菇去除根部切小段；蔥白切細末，蔥綠切花；鮭魚去皮切小塊，用紙巾壓乾表面水分，以約1/4小匙鹽巴及黑胡椒醃漬10分鐘。'),
(25, 6, '鮭魚塊放入鍋中煎到雙面金黃，取出備用。'),
(26, 6, '加入青蔥中小火炒香，炒到青蔥表面有一點焦香即可取出備用(可參考影片)。'),
(27, 6, '放入蒜末炒香，接著加入洋蔥炒軟，依序再加入鴻禧菇以及玉米筍拌炒。'),
(28, 6, '加入雞高湯滾煮至蔬菜熟透。'),
(29, 6, '接著加入白飯拌煮收汁，倒入剛剛的蔥醬拌勻。'),
(30, 6, '放入鮭魚塊翻拌熟透。'),
(31, 6, '最後以黑胡椒及約1/2小匙鹽巴調味即可。'),
(32, 7, '牛肉切成好入口的大小，加入醬油、蠔油、砂糖、米酒、白胡椒抓醃均勻，混合1大匙水和太白粉加入牛肉中抓勻，最後加入適量沙拉油拌勻，靜置至少30分鐘。'),
(33, 7, '板條切適合的寬度，洋蔥切絲、青蔥切段、韭黃切段、豆芽菜去頭去尾。'),
(34, 7, '鍋燒熱，加入冷油，放入牛肉炒至七分熟取出備用。'),
(35, 7, '放入洋蔥炒軟。'),
(36, 7, '補入一點油，加入板條炒散，炒至表面略焦香。'),
(37, 7, '放入豆芽菜快速拌炒，接著放入剛剛的牛肉。'),
(38, 7, '以兩大匙醬油、1/2大匙老抽及一小匙砂糖調味。'),
(39, 7, '起鍋前加入蔥段和韭黃即可。'),
(40, 8, '豆腐切小塊，用廚房紙巾輕壓擦乾表面的水分，青蔥切小段，蒜頭切末，番茄切小丁。'),
(41, 8, '豆腐放入鍋中煎到雙面金黃，取出備用。'),
(42, 8, '放入蒜末爆香。'),
(43, 8, '加入番茄丁拌炒至番茄軟化成糊狀。'),
(44, 8, '加入米酒、醬油、糖、白胡椒滾煮，放入剛剛煎好的豆腐，酒精揮發後加鍋蓋悶煮入味。'),
(45, 8, '開蓋收汁，加入蔥段拌勻即可。'),
(46, 9, '鴨肉洗淨後，剁成大塊狀；取20克老薑洗淨後去皮，用調理機打成薑茸，剩下的老薑拍打碎裂；紅棗劃一刀扳開備用。'),
(47, 9, '熱一炒鍋，下黑麻油用小火熱到香氣出後，加入做法1拍裂老薑慢慢爆到表面焦香，再下做法1鴨肉塊拌炒至表面肉質緊縮。'),
(48, 9, '承上，先下米酒煮滾，將酒精味略煮掉後，加入水及桂枝、當歸、甘草、枸杞、黃耆、紅棗、鹽蓋上鍋蓋，用中火燉煮45分鐘，再下做法1薑蓉拌勻即可。'),
(49, 9, '取一水晶碗，加入做法3煮鴨湯，再加入白豆乳、辣豆瓣醬、糖、香油、米酒拌勻，再一起沾食即可。'),
(50, 10, '洋蔥切末，墨西哥辣椒切細碎，將牛奶及麵包粉混合均勻。'),
(51, 10, '洋蔥末放入鍋中炒至焦黃，取出放涼。'),
(52, 10, '取一大盆，放入豬絞肉、一顆蛋、放涼的洋蔥末、剛剛混合的麵包粉牛奶、墨西哥辣椒末、鹽巴及黑胡椒。'),
(53, 10, '順時鐘方向拌至絞肉出筋，持續用摔打將空氣摔出。'),
(54, 10, '將肉餡分成四等分，雙手沾油塑形成漢堡排。'),
(55, 10, '漢堡排放進鍋中，中間用手指壓出一個凹洞，中火將底部煎到金黃後翻面，轉小火，鍋中加入一大匙水，加蓋悶煎5分鐘，以筷子戳，若流出來是透明白湯而非血水就是熟了。'),
(56, 10, '熄火，鋪上起司片，加蓋悶至起司融化即可。'),
(57, 11, '洋蔥切末；玉米筍切小片；鴻禧菇去除根部後剝散；蒜頭切末；蛤蜊提前泡鹽水吐沙；蝦子去殼去除腸泥洗淨，壓乾水分備用。'),
(58, 11, '放入蒜末爆香，接著放入蝦子煎到雙面轉紅，之後蝦子取出備用。'),
(59, 11, '取出蝦子後，洋蔥放入鍋中炒軟，接著依序放入鴻禧菇炒至表面微呈金黃、玉米筍稍作拌炒。'),
(60, 11, '加入牛奶，之後放入蛤蜊，加蓋煮至蛤蜊打開，取出蛤蜊剝下蛤蜊肉備用。'),
(61, 11, '加入一大匙韓式辣醬拌勻，接著加入白飯及剛剛煎好的蝦子攪拌至喜歡的濃度、且蝦子熟透。'),
(62, 11, '加入1/2小匙鹽巴及黑胡椒調整鹹度及味道，放入起司絲攪拌至起司融化，最後放回取下的蛤蜊肉拌勻即可。'),
(63, 12, '烤箱以150度預熱、馬鈴薯切小塊、菲力以廚房紙巾吸乾血水，再用棉線綁起來備用。(菲力綁起來煎完才能保持圓形)'),
(64, 12, '馬鈴薯放入冷水，中火煮6-8分鐘至鬆軟(以筷子戳刺測試)，取出瀝乾水份以鹽、黑胡椒調；鐵鍋燒熱後下2大匙油燒熱，放入玉米筍煎至表面上色，撒上鹽及黑胡椒取出備用。'),
(65, 12, '菲力擦乾血水雙面灑鹽，鐵鍋燒熱下4大匙油，放入菲力煎至兩面（各1分鐘）及側邊上色（30秒），取出靜置5分鐘。'),
(66, 12, '靜置後的菲力放回鍋中，並加入奶油、百里香及蒜頭，小火加熱將奶油融化，使菲力每面沾附奶油後取出備用。(這步驟若熟悉直火煎的朋友，可以不斷翻面或油淋煎至要的熟度，或是讓牛排沾奶油送烤箱烤！)'),
(67, 12, '將處理好的馬鈴薯、玉米筍及菲力放入烤盤，烤約5分鐘先取出玉米筍及菲力，接著將烤箱火力調至最高再烤5分鐘，至馬鈴薯表皮酥脆即可取出。(菲力取出的中心為溫度抓46-47度，靜置後即可達53度3分熟。)'),
(68, 12, '菲力取出靜置10分鐘，靜置同時將鴨肝雙面撒鹽，鍋燒熱放入鴨肝兩面煎上色(一面約20秒)取出。'),
(69, 12, '最後將菲力、鴨肝、馬鈴薯及玉米筍組裝，淋上陳年巴薩米克醋即完成！'),
(70, 13, '洗兩杯白米泡30分鐘，豬肋排下乾淨，蔥白切段，蔥綠切花，薑切片，蒜頭幾瓣備用'),
(71, 13, '煎豬肋條兩面煎金黃取出備用，同鍋繼續爆香蔥、薑、蒜頭，爆香後倒回肋排，之後倒入米酒、醬油煮滾後，加一點糖、白胡椒粉調味，最後加水燜煮20分鐘，最後加一點香油提香'),
(72, 13, '之後將排骨跟醬汁（過濾渣），倒入白米中，電子鍋煮飯模式啟動，煮好之後拌入蔥花就完成囉'),
(73, 14, '高麗菜切成小塊；乾香菇泡開之後擰乾，切成小片；蝦子用廚房紙巾擦乾水分，切成小丁狀；蒜頭切末；嫩豆腐打成泥狀備用。'),
(74, 14, '先放入一半無水奶油，放入蒜末炒香，接著加入乾香菇炒至香味飄出、表面金黃。'),
(75, 14, '接著放入高麗菜拌炒軟化，接著加入水煨煮、加入鹽巴、高湯粉白胡椒調味，此時可以把剩下的奶油一起加入拌勻。'),
(76, 14, '加蓋煨煮到高麗菜呈現自己喜歡的軟度(我煨煮了約6分鐘)。'),
(77, 14, '開蓋加入蝦子拌炒熟透，接著加入豆腐泥和起司絲拌勻。'),
(78, 14, '將炒好的食材盛入烤盅，上方鋪上起司，放入氣炸烤箱180度7分鐘即完成。'),
(79, 15, '雞蛋豆腐切小塊，蒜頭拍碎，生鹹蛋黃稍壓碎。'),
(80, 15, '熱油鍋，將蛋豆腐炸至表面結皮微酥。'),
(81, 15, '倒出炸油，以鍋底少許油爆香蒜頭，放入蛋黃拌炒成起泡狀態。'),
(82, 15, '放入炸蛋豆腐拌勻即完成金沙蛋豆腐。'),
(83, 16, '洋蔥切絲，蒜頭切末備用。'),
(84, 16, '在熱鍋中滴幾滴麻油，下韓式辣椒醬稍微拌炒'),
(85, 16, '倒入洋蔥拌炒一下，再加入蒜末拌勻。'),
(86, 16, '聞到蒜頭洋蔥的香氣後，馬上倒入高湯(或是熱水+湯粉)，待煮滾'),
(87, 16, '然後加入稍微切塊的嫩豆腐和吐完沙的蛤蠣，蛤蠣開口後打顆蛋進去，關火。'),
(88, 16, '撒上一些青蔥末，就可以大快朵頤一番。'),
(89, 17, '排骨洗淨。馬鈴薯刨皮切塊/紅蘿蔔切塊/洋蔥剝皮切塊。蔥用蔥白段（蔥綠用廚房紙巾包裹放密封盒放冷藏保存）。蒜、老薑切片。辣椒切片、香菜切末。'),
(90, 17, '香菜取2株，剩的換乾淨水繼續放冷藏保存。'),
(91, 17, '平底鍋冷鍋放油1/4小匙小火鍋熱煎蛋。'),
(92, 17, '用煎蛋原鍋再放剩的3/4小匙油加（辣豆瓣醬)炒香加（薑片/蔥白/蒜片)爆香。聞到滿滿香味，再放（排骨）一起煸炒加（米酒）蓋鍋燒煮2分鐘。'),
(93, 17, '排骨燒入味再加(馬鈴薯塊/紅蘿蔔塊/洋蔥塊/醬油）一起燒煮20分鐘。'),
(94, 17, '有蛋有馬鈴薯有紅蘿蔔還有方便啃的入味排骨。辣豆瓣醬通常都有鹹，建議醬油的用量依照豆瓣醬鹽度調整喔；不吃辣可以改用沒辣的豆瓣醬。'),
(95, 18, '熱油鍋，放入薑絲煸炒，加入絲瓜及少許水蓋鍋烹煮至八分熟'),
(96, 18, '開蓋，放入蛤蜊，蓋鍋蓋燜煮，一邊觀察蛤蜊是否打開，打開表示已經熟了，開蓋，加入少許鹽調味即可（蛤蜊本身已有鹽味，少許調味即可）'),
(97, 19, '備料：蝦頭減去尖端，蔥切段，空心菜洗淨切段。'),
(98, 19, '熱油鍋，放入蔥蒜爆香，倒入蝦頭炒香。'),
(99, 19, '倒入空心菜拌炒至軟化。'),
(100, 19, '倒入蝦醬及醬油調味，炒熟即可起鍋。'),
(101, 19, '蝦醬聞起來有點怪，但料理後很好吃唷～'),
(102, 20, '蛋先打散備用，櫛瓜去頭尾，切薄片要切一樣的薄度，比較容易熟'),
(103, 20, '櫛瓜先抹點鹽，沾蛋液，加油熱鍋，放入鍋中，等金黃再翻面'),
(104, 20, '等兩面煎到金黃變軟了，就完成囉！'),
(105, 21, '玉米筍洗淨每根斜切二段。菇洗過剪掉尾端剝開。洋蔥順紋切絲。蒜切片。'),
(106, 21, '平底鍋冷鍋放油小火鍋熱煎蛋。'),
(107, 21, '用煎蛋鍋子不用再放油先爆香(蒜片)炒(洋蔥絲)。'),
(108, 21, '聞到洋蔥甜味後放(玉米筍/菇/熱水20CC)一起拌炒。'),
(109, 21, '最後撒上(鹽巴/黑胡椒粒)拌炒一下，簡單好的的便當菜/家常菜就完成啦。'),
(110, 22, '無骨雞腿排洗過，用料理剪刀修掉肥油跟邊邊的雞皮才不會太油。用白胡椒粉、黑胡椒粒醃。'),
(111, 22, '薑切片、蒜切末。玉米筍洗淨（當配菜用可省略或換喜歡吃的食材）。味噌調料調勻。'),
(112, 22, '鍋熱不用加油直解放醃好的雞腿塊（雞皮面朝鍋底）蓋鍋煎約5分鐘，開蓋將雞腿塊翻面，加（蒜末、薑片、熱水20cc)繼續蓋鍋燒雞腿。'),
(113, 22, '無骨雞腿塊滑嫩好吃，味噌醬汁滑順下飯。'),
(114, 23, '蝦子剝殼後用小刀開背去腸泥洗過，用醃料醃15分鐘。'),
(115, 23, '小豆苗洗淨瀝乾。蒜頭切片。'),
(116, 23, '平底鍋冷鍋放油小火鍋熱煎蛋。放(蒜片)拌炒爆香再放(鹽巴)拌炒，放(小豆苗)拌炒一下起鍋盛盤。(豆苗易熟不用炒過久影響口感)。'),
(117, 23, '用炒豆苗的鍋子煎蝦仁，放醃過的蝦仁，一面熟後用筷子逐一翻面，都翻完後蝦仁也熟了(這樣的蝦仁很Q彈)簡單清爽搞定。'),
(118, 24, '板豆腐切片並以廚房紙巾拭乾表面水份；鮮香菇去蒂頭；紅蘿蔔削皮切片；洋蔥去膜切絲；蒜頭拍扁去膜切片；高麗菜淨洗切片；山茼蒿去根洗淨；青蔥去根切段備用。'),
(119, 24, '將板豆腐以2茶匙的油，以中小火煎至二面金黃色盛出備用。(或用烤箱烤至二面上色)'),
(120, 24, '將洋蔥炒至半透明狀，再放入紅蘿蔔、蔥白段及蒜片略拌炒。'),
(121, 24, '將所有調味料(日式醬油、味醂、水、清酒/米酒)拌成壽喜燒醬汁。倒入壽喜燒醬汁以中火煮沸。'),
(122, 24, '放入高麗菜、豆腐、蒟蒻絲及玉米筍先煮沸。再放入香菇、山茼蒿及五花肉片煮至熟透。'),
(123, 24, '享用時依個人喜好，肉片可沾生蛋液或直接吃都很好吃!'),
(124, 25, '蒜頭去膜切末；紅青辣椒切圈；其它材料備齊。將二節翅對半切備用。'),
(125, 25, '加入韓式芝麻油 (可用香油代替)1大匙，將雞翅二面煎至上色。'),
(126, 25, '加入韓式辣椒醬及紅青辣椒炒香。'),
(127, 25, '倒入蒜末、醬油及汽水拌勻，以中火煮沸。'),
(128, 25, '轉中小火煮約20分鐘至醬汁收乾上色。'),
(129, 25, '起鍋前灑上白芝麻粒就完成囉!'),
(130, 26, '蒜頭去膜切末；青蔥去尾切蔥花；黃豆芽去鬚洗淨備用。'),
(131, 26, '煮一小鍋水待煮沸，水中加入1茶匙的鹽，放入黃豆芽，燙約4-5分鐘即可。撈起後馬上泡冰水備用。'),
(132, 26, '將蒜末及所有調味料（韓式辣椒醬、韓式辣椒粉、細砂糖、香油）放入大碗中拌勻備用。'),
(133, 26, '將黃豆芽瀝乾放入調味料中拌勻。'),
(134, 26, '最後灑上白芝麻粒及蔥花就完成囉!（建議冷藏4小時以上，隔夜更入味）'),
(135, 27, '調醬汁----醬油：麻油：烏醋=約2：1.5：1.5，再加入麻辣醬與白胡椒(味道視個人喜好，隨意調整)'),
(136, 27, '起一鍋水，燒開後下餛飩，煮熟撈出盛盤'),
(137, 27, '最後拌入醬汁，最後灑上蔥花，完成'),
(138, 28, '牛筋膜切適當大小，滾水川燙後洗淨'),
(139, 28, '少許油爆香洋蔥後，放牛筋膜拌炒均勻，放紅蘿蔔、菇菇，拌炒後，加水至鍋子8分滿，蓋鍋蓋，熬煮20分鐘'),
(140, 28, '牛筋軟嫩後，放馬鈴薯、蘋果、咖哩塊，煮至馬鈴薯軟化，咖哩塊融化'),
(141, 28, '放入四季豆、玉米筍，最後打入蛋液拌勻即可。淋在飯上，美味上桌'),
(142, 29, '無刺虱目魚肚放冷藏低溫解凍8-12小時，洗淨。'),
(143, 29, '辣椒蔥切段、蒜頭薑切片。用能擺的下兩尾魚肚的炒鍋，先炒香（蒜薑蔥跟辣椒）。'),
(144, 29, '剩下的材料（醬油、米酒、烏醋、胡椒粉、水）通通放到鍋裡先拌勻再放（魚肚）加水醃過魚肚即可，蓋鍋燒煮，設定計時器15分鐘後見。'),
(145, 29, '計時器響15分鐘到囉，很棒，都不理他，不翻面美美的。'),
(146, 29, '新鮮肥美的飽口的虱目魚，不用去台南就可以吃到。'),
(147, 30, '山藥洗淨、去皮、切塊備用。'),
(148, 30, '雞腿肉洗淨，鍋中放油，油熱放入雞腿肉下去炒，炒約5分熟。'),
(149, 30, '倒入山藥一起炒，然後加入少許的水與調味料下曲一起燉煮。'),
(150, 30, '燉煮30-40分即可。'),
(164, 31, ''),
(165, 32, ''),
(166, 33, ''),
(167, 34, ''),
(168, 35, ''),
(169, 36, ''),
(170, 37, ''),
(171, 38, ''),
(172, 39, ''),
(173, 40, ''),
(174, 41, ''),
(175, 42, ''),
(176, 43, ''),
(177, 44, ''),
(178, 45, ''),
(179, 46, ''),
(180, 47, '22');

-- --------------------------------------------------------

--
-- 資料表結構 `private_tags`
--

CREATE TABLE `private_tags` (
  `id` int(5) UNSIGNED NOT NULL,
  `private_id` int(5) NOT NULL,
  `tags` varchar(100) COLLATE utf8mb4_unicode_ci NOT NULL
) ENGINE=InnoDB DEFAULT CHARSET=utf8mb4 COLLATE=utf8mb4_unicode_ci;

--
-- 傾印資料表的資料 `private_tags`
--

INSERT INTO `private_tags` (`id`, `private_id`, `tags`) VALUES
(1, 1, '蝦仁'),
(2, 1, '番茄'),
(3, 1, '義大利麵'),
(4, 2, '鳳梨'),
(5, 3, '豬肉'),
(6, 4, '雞腿肉'),
(7, 5, '拉麵'),
(8, 5, '豬肉'),
(9, 6, '鮭魚'),
(10, 6, '玉米筍'),
(11, 6, '鴻禧菇'),
(12, 8, '豆腐'),
(13, 8, '番茄'),
(14, 9, '宵夜'),
(15, 10, '起司'),
(16, 11, '蝦仁'),
(17, 11, '蛤蜊'),
(18, 11, '鴻禧菇'),
(19, 11, '玉米筍'),
(20, 11, '起司'),
(21, 12, '菲力'),
(22, 12, '玉米筍'),
(23, 12, '馬鈴薯'),
(24, 13, '豬肋排'),
(25, 14, '蝦子'),
(26, 14, '豆腐'),
(27, 14, '起司'),
(28, 15, '豆腐'),
(29, 16, '蛤蠣'),
(30, 16, '豆腐'),
(31, 17, '馬鈴薯'),
(32, 18, '蛤蜊'),
(33, 18, '絲瓜'),
(34, 19, '空心菜'),
(35, 19, '蝦醬'),
(36, 20, '櫛瓜'),
(37, 21, '玉米筍'),
(38, 21, '柳松菇'),
(39, 22, '無骨雞腿排'),
(40, 22, '玉米筍'),
(41, 23, '大白蝦'),
(42, 23, '小豆苗'),
(43, 24, '壽喜燒'),
(44, 24, '鮮香菇'),
(45, 24, '玉米筍'),
(46, 25, '韓式'),
(47, 25, '雞翅'),
(48, 26, '韓式'),
(49, 27, '餛飩'),
(50, 27, '炒手'),
(51, 28, '咖哩'),
(52, 29, '虱目魚'),
(53, 29, '虱目魚肚'),
(54, 30, '山藥'),
(55, 30, '雞腿'),
(56, 2, '雞胸肉'),
(57, 2, '辣椒'),
(58, 2, '宵夜'),
(59, 2, '宮保雞丁'),
(60, 3, '番茄'),
(61, 3, '泰式'),
(62, 3, '下飯'),
(63, 3, '平民美食'),
(64, 4, '歐式'),
(65, 4, '地中海'),
(66, 4, '番茄'),
(67, 4, 'Tabasco'),
(68, 4, '咖哩'),
(69, 4, '洋蔥'),
(70, 5, '日本'),
(71, 5, '日式'),
(72, 5, '高湯'),
(73, 5, '牛奶'),
(74, 5, '牛五花'),
(75, 5, '豆芽菜'),
(76, 9, '台灣料理'),
(77, 9, '麻油'),
(78, 9, '鴨肉'),
(79, 9, '中藥材'),
(80, 9, '薑'),
(81, 9, '米酒');

-- --------------------------------------------------------

--
-- 資料表結構 `private_view`
--

CREATE TABLE `private_view` (
  `id` int(10) UNSIGNED NOT NULL,
  `private_id` int(5) NOT NULL,
  `user_id` int(5) DEFAULT NULL
) ENGINE=InnoDB DEFAULT CHARSET=utf8mb4 COLLATE=utf8mb4_unicode_ci;

--
-- 傾印資料表的資料 `private_view`
--

INSERT INTO `private_view` (`id`, `private_id`, `user_id`) VALUES
(1, 29, 4),
(2, 7, 2),
(3, 16, 2),
(4, 25, 4),
(5, 16, 1),
(6, 19, 4),
(7, 25, 4),
(8, 17, 4),
(9, 26, 5),
(10, 28, 3),
(11, 20, 5),
(12, 7, 1),
(13, 10, 1),
(14, 3, 5),
(15, 10, 5),
(16, 27, 3),
(17, 10, 3),
(18, 1, 5),
(19, 11, 1),
(20, 21, 3),
(21, 11, 2),
(22, 23, 2),
(23, 11, 1),
(24, 21, 5),
(25, 22, 5),
(26, 26, 5),
(27, 19, 1),
(28, 8, 5),
(29, 30, 5),
(30, 19, 2),
(31, 18, 4),
(32, 14, 3),
(33, 10, 2),
(34, 10, 2),
(35, 29, 5),
(36, 2, 2),
(37, 4, 5),
(38, 9, 1),
(39, 24, 4),
(40, 3, 1),
(41, 17, 3),
(42, 19, 1),
(43, 29, 2),
(44, 6, 5),
(45, 21, 5),
(46, 4, 2),
(47, 10, 3),
(48, 10, 3),
(49, 4, 4),
(50, 5, 4),
(51, 11, 1),
(52, 2, 4),
(53, 8, 4),
(54, 17, 2),
(55, 6, 5),
(56, 19, 1),
(57, 1, 3),
(58, 4, 5),
(59, 5, 5),
(60, 10, 5),
(61, 18, 2),
(62, 19, 4),
(63, 13, 2),
(64, 19, 3),
(65, 10, 4),
(66, 7, 1),
(67, 14, 4),
(68, 10, 5),
(69, 18, 2),
(70, 22, 2),
(71, 18, 3),
(72, 6, 4),
(73, 13, 2),
(74, 16, 2),
(75, 24, 4),
(76, 25, 2),
(77, 9, 4),
(78, 1, 2),
(79, 19, 3),
(80, 4, 1),
(81, 4, 1),
(82, 4, 2),
(83, 13, 5),
(84, 17, 5),
(85, 28, 3),
(86, 13, 1),
(87, 29, 3),
(88, 5, 2),
(89, 19, 1),
(90, 7, 4),
(91, 26, 2),
(92, 8, 2),
(93, 9, 5),
(94, 18, 2),
(95, 26, 5),
(96, 17, 5),
(97, 9, 1),
(98, 28, 4),
(99, 7, 5),
(100, 1, 5),
(101, 11, 5),
(102, 16, 3),
(103, 22, 1),
(104, 9, 3),
(105, 3, 1),
(106, 27, 3),
(107, 24, 5),
(108, 14, 4),
(109, 21, 2),
(110, 28, 1),
(111, 7, 5),
(112, 5, 1),
(113, 14, 3),
(114, 6, 4),
(115, 8, 5),
(116, 21, 1),
(117, 16, 1),
(118, 7, 5),
(119, 20, 3),
(120, 5, 1),
(121, 18, 2),
(122, 18, 1),
(123, 24, 5),
(124, 2, 2),
(125, 16, 2),
(126, 22, 5),
(127, 11, 3),
(128, 5, 3),
(129, 6, 1),
(130, 26, 5),
(131, 8, 2),
(132, 22, 2),
(133, 9, 3),
(134, 20, 5),
(135, 20, 3),
(136, 2, 4),
(137, 29, 4),
(138, 23, 1),
(139, 17, 3),
(140, 17, 2),
(141, 11, 4),
(142, 30, 2),
(143, 16, 3),
(144, 28, 1),
(145, 20, 3),
(146, 25, 2),
(147, 11, 2),
(148, 28, 3),
(149, 9, 1),
(150, 29, 1),
(151, 9, 4),
(152, 4, 1),
(153, 13, 4),
(154, 7, 4),
(155, 16, 1),
(156, 1, 3),
(157, 23, 4),
(158, 4, 2),
(159, 1, 1),
(160, 21, 2),
(161, 25, 1),
(162, 9, 3),
(163, 7, 5),
(164, 28, 5),
(165, 9, 2),
(166, 9, 3),
(167, 10, 5),
(168, 4, 2),
(169, 6, 2),
(170, 11, 2),
(171, 9, 5),
(172, 5, 5),
(173, 20, 4),
(174, 10, 3),
(175, 14, 3),
(176, 3, 2),
(177, 7, 5),
(178, 29, 2),
(179, 10, 3),
(180, 13, 4),
(181, 2, 1),
(182, 27, 5),
(183, 17, 5),
(184, 21, 1),
(185, 8, 4),
(186, 30, 5),
(187, 21, 1),
(188, 11, 3),
(189, 26, 4),
(190, 28, 5),
(191, 2, 3),
(192, 13, 1),
(193, 16, 3),
(194, 26, 5),
(195, 17, 5),
(196, 23, 3),
(197, 8, 1),
(198, 25, 3),
(199, 6, 4),
(200, 23, 2),
(201, 26, 4),
(202, 22, 4),
(203, 8, 2),
(204, 23, 3),
(205, 12, 2),
(206, 4, 2),
(207, 2, 4),
(208, 10, 5),
(209, 11, 5),
(210, 28, 2),
(211, 25, 4),
(212, 27, 2),
(213, 18, 2),
(214, 23, 1),
(215, 29, 4),
(216, 22, 2),
(217, 29, 4),
(218, 19, 2),
(219, 24, 3),
(220, 10, 4),
(221, 24, 3),
(222, 17, 3),
(223, 6, 2),
(224, 19, 3),
(225, 2, 5),
(226, 14, 4),
(227, 28, 5),
(228, 22, 4),
(229, 8, 5),
(230, 13, 1),
(231, 9, 4),
(232, 25, 2),
(233, 10, 1),
(234, 20, 4),
(235, 27, 5),
(236, 7, 5),
(237, 16, 5),
(238, 6, 3),
(239, 2, 4),
(240, 10, 4),
(241, 26, 1),
(242, 6, 2),
(243, 10, 5),
(244, 19, 2),
(245, 18, 4),
(246, 7, 3),
(247, 30, 5),
(248, 8, 2),
(249, 25, 4),
(250, 16, 4),
(251, 7, 4),
(252, 3, 4),
(253, 6, 5),
(254, 9, 4),
(255, 20, 4),
(256, 24, 3),
(257, 20, 2),
(258, 9, 4),
(259, 21, 3),
(260, 8, 2),
(261, 25, 1),
(262, 14, 1),
(263, 24, 5),
(264, 6, 5),
(265, 1, 1),
(266, 27, 5),
(267, 27, 3),
(268, 8, 2),
(269, 1, 4),
(270, 16, 5),
(271, 29, 1),
(272, 7, 5),
(273, 14, 4),
(274, 24, 4),
(275, 21, 1),
(276, 28, 5),
(277, 9, 3),
(278, 19, 4),
(279, 23, 4),
(280, 30, 3),
(281, 10, 2),
(282, 8, 5),
(283, 19, 1),
(284, 11, 3),
(285, 23, 3),
(286, 4, 2),
(287, 10, 3),
(288, 3, 1),
(289, 12, 4),
(290, 8, 4),
(291, 29, 2),
(292, 29, 5),
(293, 19, 1),
(294, 16, 5),
(295, 13, 5),
(296, 2, 3),
(297, 7, 3),
(298, 11, 1),
(299, 24, 4),
(300, 23, 5),
(301, 8, 4),
(302, 10, 1),
(303, 6, 5),
(304, 2, 5),
(305, 8, 4),
(306, 20, 1),
(307, 8, 4),
(308, 20, 1),
(309, 10, 5),
(310, 3, 2),
(311, 22, 5),
(312, 27, 3),
(313, 5, 4),
(314, 27, 3),
(315, 15, 4),
(316, 2, 3),
(317, 10, 3),
(318, 23, 2),
(319, 25, 5),
(320, 28, 2),
(321, 24, 5),
(322, 15, 3),
(323, 19, 3),
(324, 11, 3),
(325, 12, 5),
(326, 13, 1),
(327, 19, 4),
(328, 26, 3),
(329, 11, 2),
(330, 29, 5),
(331, 13, 4),
(332, 23, 3),
(333, 8, 1),
(334, 3, 2),
(335, 21, 3),
(336, 22, 5),
(337, 14, 3),
(338, 9, 4),
(339, 2, 1),
(340, 3, 4),
(341, 17, 4),
(342, 15, 2),
(343, 22, 4),
(344, 2, 2),
(345, 15, 3),
(346, 27, 5),
(347, 26, 3),
(348, 1, 2),
(349, 18, 5),
(350, 26, 5),
(351, 14, 1),
(352, 3, 2),
(353, 24, 5),
(354, 6, 5),
(355, 23, 5),
(356, 3, 5),
(357, 3, 5),
(358, 21, 5),
(359, 15, 3),
(360, 5, 2),
(361, 9, 2),
(362, 15, 2),
(363, 4, 2),
(364, 11, 3),
(365, 16, 3),
(366, 5, 5),
(367, 14, 5),
(368, 27, 1),
(369, 13, 4),
(370, 27, 4),
(371, 9, 1),
(372, 4, 4),
(373, 17, 4),
(374, 10, 2),
(375, 9, 2),
(376, 27, 2),
(377, 21, 4),
(378, 2, 4),
(379, 15, 3),
(380, 13, 1),
(381, 24, 1),
(382, 23, 3),
(383, 22, 3),
(384, 24, 3),
(385, 20, 4),
(386, 23, 4),
(387, 5, 4),
(388, 24, 1),
(389, 6, 1),
(390, 3, 2),
(391, 9, 3),
(392, 30, 2),
(393, 6, 4),
(394, 19, 5),
(395, 19, 1),
(396, 3, 5),
(397, 29, 4),
(398, 8, 3),
(399, 18, 5),
(400, 13, 5),
(401, 22, 1),
(402, 12, 1),
(403, 6, 2),
(404, 13, 4),
(405, 28, 3),
(406, 5, 4),
(407, 5, 2),
(408, 14, 4),
(409, 26, 2),
(410, 26, 4),
(411, 4, 2),
(412, 2, 1),
(413, 2, 3),
(414, 6, 5),
(415, 20, 1),
(416, 7, 1),
(417, 16, 2),
(418, 3, 1),
(419, 13, 5),
(420, 27, 5),
(421, 11, 3),
(422, 14, 2),
(423, 7, 5),
(424, 11, 3),
(425, 7, 1),
(426, 14, 3),
(427, 25, 3),
(428, 11, 2),
(429, 2, 1),
(430, 17, 1),
(431, 17, 2),
(432, 29, 4),
(433, 28, 1),
(434, 1, 4),
(435, 27, 1),
(436, 7, 2),
(437, 6, 2),
(438, 20, 4),
(439, 1, 1),
(440, 3, 1),
(441, 2, 4),
(442, 30, 3),
(443, 4, 2),
(444, 30, 3),
(445, 13, 3),
(446, 7, 3),
(447, 1, 5),
(448, 4, 4),
(449, 27, 4),
(450, 6, 2),
(451, 26, 1),
(452, 4, 3),
(453, 15, 2),
(454, 30, 5),
(455, 1, 3),
(456, 29, 5),
(457, 28, 3),
(458, 6, 5),
(459, 5, 3),
(460, 13, 4),
(461, 12, 4),
(462, 23, 2),
(463, 20, 3),
(464, 21, 3),
(465, 29, 1),
(466, 2, 4),
(467, 23, 3),
(468, 3, 2),
(469, 23, 5),
(470, 1, 3),
(471, 20, 3),
(472, 11, 2),
(473, 19, 3),
(474, 1, 5),
(475, 3, 2),
(476, 16, 4),
(477, 19, 3),
(478, 26, 2),
(479, 2, 4),
(480, 27, 2),
(481, 15, 5),
(482, 30, 2),
(483, 28, 1),
(484, 19, 4),
(485, 19, 5),
(486, 13, 1),
(487, 15, 3),
(488, 7, 4),
(489, 15, 2),
(490, 26, 2),
(491, 25, 4),
(492, 6, 4),
(493, 9, 1),
(494, 18, 5),
(495, 21, 1),
(496, 13, 1),
(497, 13, 2),
(498, 18, 3),
(499, 26, 4),
(500, 30, 5),
(501, 7, 1),
(502, 8, 5),
(503, 3, 1),
(504, 4, 4),
(505, 17, 4),
(506, 17, 3),
(507, 6, 5),
(508, 10, 5),
(509, 25, 2),
(510, 6, 1),
(511, 3, 3),
(512, 19, 3),
(513, 17, 2),
(514, 14, 1),
(515, 30, 4),
(516, 2, 2),
(517, 14, 1),
(518, 22, 2),
(519, 19, 1),
(520, 16, 1),
(521, 16, 5),
(522, 19, 5),
(523, 20, 3),
(524, 20, 3),
(525, 25, 4),
(526, 13, 3),
(527, 26, 2),
(528, 28, 1),
(529, 20, 2),
(530, 29, 3),
(531, 20, 3),
(532, 22, 3),
(533, 25, 4),
(534, 2, 2),
(535, 6, 2),
(536, 28, 5),
(537, 16, 4),
(538, 12, 4),
(539, 7, 5),
(540, 28, 1),
(541, 23, 3),
(542, 19, 2),
(543, 26, 1),
(544, 19, 4),
(545, 29, 2),
(546, 26, 5),
(547, 1, 5),
(548, 9, 4),
(549, 1, 5),
(550, 1, 4),
(551, 10, 5),
(552, 24, 1),
(553, 28, 3),
(554, 5, 4),
(555, 28, 5),
(556, 16, 4),
(557, 27, 4),
(558, 10, 2),
(559, 8, 2),
(560, 16, 1),
(561, 8, 5),
(562, 5, 5),
(563, 6, 1),
(564, 15, 3),
(565, 8, 1),
(566, 21, 4),
(567, 15, 2),
(568, 21, 5),
(569, 22, 2),
(570, 6, 3),
(571, 14, 5),
(572, 6, 3),
(573, 29, 2),
(574, 19, 2),
(575, 24, 3),
(576, 5, 2),
(577, 27, 4),
(578, 14, 2),
(579, 24, 1),
(580, 24, 1),
(581, 14, 3),
(582, 19, 5),
(583, 13, 5),
(584, 4, 5),
(585, 2, 1),
(586, 5, 3),
(587, 21, 5),
(588, 22, 5),
(589, 28, 3),
(590, 2, 4),
(591, 30, 1),
(592, 26, 4),
(593, 25, 2),
(594, 12, 2),
(595, 5, 2),
(596, 23, 4),
(597, 23, 2),
(598, 12, 5),
(599, 5, 5),
(600, 16, 3),
(601, 9, 2),
(602, 2, 1),
(603, 3, 1),
(604, 16, 3),
(605, 16, 4),
(606, 5, 1),
(607, 14, 3),
(608, 9, 2),
(609, 25, 3),
(610, 10, 3),
(611, 8, 4),
(612, 29, 3),
(613, 9, 2),
(614, 14, 3),
(615, 23, 3),
(616, 29, 1),
(617, 6, 1),
(618, 15, 3),
(619, 29, 1),
(620, 21, 3),
(621, 8, 4),
(622, 20, 5),
(623, 4, 3),
(624, 1, 4),
(625, 28, 2),
(626, 9, 3),
(627, 13, 3),
(628, 9, 3),
(629, 6, 4),
(630, 20, 1),
(631, 6, 1),
(632, 27, 3),
(633, 24, 5),
(634, 23, 2),
(635, 21, 3),
(636, 23, 1),
(637, 21, 5),
(638, 8, 4),
(639, 20, 2),
(640, 7, 5),
(641, 17, 3),
(642, 10, 3),
(643, 8, 5),
(644, 5, 2),
(645, 21, 5),
(646, 20, 1),
(647, 16, 2),
(648, 4, 4),
(649, 6, 4),
(650, 3, 3),
(651, 24, 3),
(652, 20, 1),
(653, 11, 3),
(654, 1, 4),
(655, 20, 2),
(656, 25, 5),
(657, 11, 2),
(658, 27, 4),
(659, 26, 4),
(660, 18, 2),
(661, 21, 4),
(662, 6, 1),
(663, 7, 5),
(664, 2, 2),
(665, 3, 3),
(666, 25, 5),
(667, 5, 4),
(668, 22, 2),
(669, 5, 3),
(670, 21, 1),
(671, 10, 2),
(672, 17, 4),
(673, 16, 2),
(674, 18, 1),
(675, 5, 3),
(676, 5, 2),
(677, 7, 2),
(678, 13, 5),
(679, 2, 3),
(680, 19, 4),
(681, 11, 1),
(682, 17, 5),
(683, 23, 1),
(684, 29, 4),
(685, 30, 1),
(686, 30, 5),
(687, 19, 5),
(688, 13, 5),
(689, 19, 5),
(690, 8, 1),
(691, 9, 3),
(692, 16, 3),
(693, 14, 2),
(694, 23, 4),
(695, 1, 4),
(696, 17, 5),
(697, 9, 2),
(698, 8, 4),
(699, 19, 3),
(700, 27, 1),
(701, 7, 4),
(702, 8, 3),
(703, 29, 2),
(704, 4, 2),
(705, 13, 4),
(706, 1, 3),
(707, 9, 2),
(708, 1, 2),
(709, 21, 4),
(710, 4, 5),
(711, 20, 5),
(712, 4, 5),
(713, 23, 2),
(714, 19, 3),
(715, 18, 5),
(716, 3, 4),
(717, 13, 4),
(718, 7, 2),
(719, 17, 5),
(720, 2, 2),
(721, 20, 1),
(722, 3, 4),
(723, 25, 4),
(724, 30, 4),
(725, 22, 4),
(726, 14, 5),
(727, 19, 4),
(728, 8, 2),
(729, 5, 5),
(730, 3, 4),
(731, 30, 4),
(732, 8, 5),
(733, 16, 1),
(734, 25, 3),
(735, 5, 3),
(736, 28, 3),
(737, 5, 2),
(738, 6, 3),
(739, 4, 4),
(740, 28, 1),
(741, 8, 2),
(742, 22, 3),
(743, 22, 2),
(744, 4, 5),
(745, 13, 3),
(746, 7, 1),
(747, 6, 2),
(748, 20, 2),
(749, 16, 1),
(750, 2, 4),
(751, 13, 1),
(752, 7, 2),
(753, 25, 4),
(754, 24, 4),
(755, 4, 4),
(756, 10, 4),
(757, 28, 3),
(758, 8, 3),
(759, 22, 2),
(760, 11, 5),
(761, 17, 3),
(762, 20, 5),
(763, 4, 5),
(764, 15, 5),
(765, 23, 1),
(766, 4, 2),
(767, 18, 2),
(768, 8, 2),
(769, 26, 2),
(770, 8, 1),
(771, 25, 1),
(772, 16, 5),
(773, 27, 3),
(774, 12, 1),
(775, 7, 2),
(776, 6, 3),
(777, 8, 2),
(778, 17, 1),
(779, 22, 5),
(780, 17, 4),
(781, 12, 3),
(782, 23, 5),
(783, 8, 4),
(784, 28, 2),
(785, 4, 4),
(786, 16, 4),
(787, 15, 3),
(788, 10, 1),
(789, 13, 5),
(790, 22, 4),
(791, 1, 5),
(792, 26, 3),
(793, 10, 5),
(794, 19, 5),
(795, 6, 3),
(796, 14, 3),
(797, 23, 2),
(798, 12, 2),
(799, 28, 5),
(800, 6, 5),
(801, 10, 5),
(802, 18, 1),
(803, 13, 4),
(804, 9, 4),
(805, 29, 4),
(806, 10, 2),
(807, 12, 5),
(808, 14, 4),
(809, 25, 2),
(810, 15, 4),
(811, 6, 2),
(812, 19, 4),
(813, 21, 4),
(814, 23, 5),
(815, 22, 2),
(816, 8, 2),
(817, 22, 4),
(818, 26, 2),
(819, 18, 5),
(820, 2, 2),
(821, 3, 5),
(822, 28, 4),
(823, 4, 4),
(824, 6, 2),
(825, 8, 4),
(826, 21, 5),
(827, 3, 1),
(828, 22, 1),
(829, 27, 5),
(830, 14, 5),
(831, 8, 5),
(832, 11, 2),
(833, 15, 2),
(834, 4, 2),
(835, 20, 5),
(836, 11, 2),
(837, 4, 3),
(838, 26, 3),
(839, 14, 3),
(840, 9, 3),
(841, 15, 4),
(842, 6, 1),
(843, 28, 1),
(844, 15, 2),
(845, 4, 4),
(846, 21, 2),
(847, 10, 1),
(848, 9, 5),
(849, 20, 3),
(850, 11, 2),
(851, 26, 2),
(852, 22, 3),
(853, 13, 1),
(854, 26, 4),
(855, 17, 1),
(856, 1, 1),
(857, 15, 3),
(858, 9, 1),
(859, 13, 1),
(860, 18, 1),
(861, 18, 4),
(862, 4, 3),
(863, 23, 1),
(864, 21, 2),
(865, 15, 1),
(866, 8, 5),
(867, 13, 1),
(868, 13, 4),
(869, 15, 1),
(870, 28, 4),
(871, 30, 5),
(872, 15, 2),
(873, 29, 1),
(874, 3, 3),
(875, 24, 2),
(876, 13, 3),
(877, 4, 2),
(878, 26, 1),
(879, 9, 3),
(880, 30, 2),
(881, 25, 1),
(882, 17, 1),
(883, 26, 1),
(884, 20, 4),
(885, 24, 4),
(886, 23, 2),
(887, 30, 3),
(888, 15, 4),
(889, 28, 3),
(890, 18, 1),
(891, 15, 5),
(892, 7, 5),
(893, 8, 3),
(894, 19, 4),
(895, 13, 5),
(896, 27, 5),
(897, 18, 4),
(898, 30, 4),
(899, 17, 5),
(900, 1, 2),
(901, 3, 1),
(902, 16, 2),
(903, 8, 1),
(904, 11, 2),
(905, 28, 3),
(906, 30, 1),
(907, 2, 1),
(908, 26, 4),
(909, 21, 2),
(910, 29, 3),
(911, 12, 2),
(912, 22, 5),
(913, 8, 3),
(914, 6, 5),
(915, 9, 4),
(916, 20, 1),
(917, 28, 2),
(918, 29, 4),
(919, 27, 4),
(920, 16, 2),
(921, 6, 5),
(922, 26, 3),
(923, 17, 4),
(924, 2, 5),
(925, 6, 2),
(926, 16, 4),
(927, 5, 1),
(928, 17, 1),
(929, 20, 1),
(930, 6, 1),
(931, 13, 1),
(932, 30, 4),
(933, 10, 2),
(934, 24, 5),
(935, 24, 2),
(936, 11, 4),
(937, 25, 3),
(938, 14, 1),
(939, 5, 4),
(940, 20, 4),
(941, 25, 5),
(942, 26, 5),
(943, 10, 1),
(944, 21, 5),
(945, 15, 2),
(946, 22, 4),
(947, 20, 4),
(948, 22, 4),
(949, 21, 3),
(950, 25, 3),
(951, 5, 5),
(952, 16, 1),
(953, 16, 2),
(954, 27, 5),
(955, 16, 1),
(956, 16, 1),
(957, 1, 4),
(958, 22, 2),
(959, 8, 3),
(960, 6, 1),
(961, 20, 1),
(962, 8, 2),
(963, 11, 4),
(964, 6, 5),
(965, 2, 2),
(966, 28, 5),
(967, 12, 4),
(968, 22, 1),
(969, 9, 2),
(970, 14, 5),
(971, 4, 4),
(972, 6, 1),
(973, 22, 2),
(974, 1, 5),
(975, 3, 2),
(976, 25, 3),
(977, 16, 3),
(978, 27, 1),
(979, 24, 1),
(980, 26, 3),
(981, 6, 1),
(982, 30, 3),
(983, 8, 1),
(984, 4, 4),
(985, 5, 5),
(986, 25, 3),
(987, 18, 4),
(988, 26, 2),
(989, 10, 2),
(990, 21, 2),
(991, 26, 2),
(992, 29, 2),
(993, 20, 1),
(994, 26, 4),
(995, 23, 1),
(996, 14, 4),
(997, 19, 3),
(998, 19, 4),
(999, 9, 4),
(1000, 2, 2),
(1001, 10, 4),
(1002, 25, 5),
(1003, 14, 5),
(1004, 8, 1),
(1005, 13, 5),
(1006, 1, 2),
(1007, 19, 1),
(1008, 2, 1),
(1009, 22, 2),
(1010, 30, 3),
(1011, 10, 2),
(1012, 10, 5),
(1013, 24, 5),
(1014, 29, 1),
(1015, 21, 2),
(1016, 9, 3),
(1017, 29, 3),
(1018, 10, 5),
(1019, 26, 1),
(1020, 7, 4),
(1021, 23, 1),
(1022, 19, 1),
(1023, 25, 1),
(1024, 24, 2),
(1025, 2, 2),
(1026, 3, 2),
(1027, 13, 2),
(1028, 30, 5),
(1029, 14, 1),
(1030, 21, 1),
(1031, 19, 4),
(1032, 5, 4),
(1033, 26, 3),
(1034, 24, 2),
(1035, 9, 3),
(1036, 4, 1),
(1037, 13, 4),
(1038, 1, 3),
(1039, 21, 1),
(1040, 24, 5),
(1041, 16, 2),
(1042, 21, 2),
(1043, 28, 5),
(1044, 19, 5),
(1045, 29, 5),
(1046, 18, 4),
(1047, 2, 1),
(1048, 18, 1),
(1049, 21, 3),
(1050, 20, 2),
(1051, 3, 3),
(1052, 9, 3),
(1053, 26, 1),
(1054, 9, 2),
(1055, 15, 2),
(1056, 28, 3),
(1057, 22, 2),
(1058, 15, 3),
(1059, 26, 5),
(1060, 7, 3),
(1061, 27, 5),
(1062, 19, 5),
(1063, 14, 1),
(1064, 4, 3),
(1065, 2, 3),
(1066, 16, 5),
(1067, 17, 3),
(1068, 7, 4),
(1069, 9, 2),
(1070, 6, 4),
(1071, 5, 1),
(1072, 21, 4),
(1073, 27, 5),
(1074, 23, 1),
(1075, 6, 1),
(1076, 9, 2),
(1077, 4, 4),
(1078, 29, 3),
(1079, 13, 4),
(1080, 24, 3),
(1081, 2, 2),
(1082, 7, 2),
(1083, 29, 4),
(1084, 13, 2),
(1085, 16, 1),
(1086, 4, 4),
(1087, 2, 4),
(1088, 17, 3),
(1089, 6, 1),
(1090, 21, 1),
(1091, 12, 2),
(1092, 7, 3),
(1093, 27, 3),
(1094, 23, 5),
(1095, 23, 5),
(1096, 16, 1),
(1097, 7, 4),
(1098, 7, 2),
(1099, 4, 4),
(1100, 16, 4),
(1101, 26, 1),
(1102, 2, 2),
(1103, 10, 3),
(1104, 29, 5),
(1105, 6, 3),
(1106, 11, 4),
(1107, 21, 4),
(1108, 29, 1),
(1109, 28, 2),
(1110, 16, 3),
(1111, 5, 2),
(1112, 11, 4),
(1113, 10, 5),
(1114, 7, 4),
(1115, 4, 2),
(1116, 12, 5),
(1117, 13, 5),
(1118, 25, 5),
(1119, 28, 4),
(1120, 5, 1),
(1121, 26, 3),
(1122, 30, 4),
(1123, 26, 4),
(1124, 25, 3),
(1125, 22, 4),
(1126, 26, 1),
(1127, 4, 5),
(1128, 10, 3),
(1129, 4, 5),
(1130, 10, 2),
(1131, 15, 3),
(1132, 25, 4),
(1133, 20, 4),
(1134, 3, 1),
(1135, 21, 1),
(1136, 17, 2),
(1137, 30, 1),
(1138, 3, 5),
(1139, 20, 5),
(1140, 19, 4),
(1141, 24, 5),
(1142, 30, 1),
(1143, 22, 1),
(1144, 16, 4),
(1145, 17, 1),
(1146, 1, 3),
(1147, 6, 5),
(1148, 21, 4),
(1149, 14, 1),
(1150, 7, 5),
(1151, 10, 3),
(1152, 26, 4),
(1153, 4, 5),
(1154, 22, 5),
(1155, 1, 4),
(1156, 27, 4),
(1157, 10, 5),
(1158, 18, 5),
(1159, 9, 5),
(1160, 16, 2),
(1161, 23, 1),
(1162, 28, 5),
(1163, 25, 5),
(1164, 4, 5),
(1165, 25, 4),
(1166, 10, 5),
(1167, 5, 5),
(1168, 11, 2),
(1169, 12, 2),
(1170, 1, 2),
(1171, 9, 1),
(1172, 28, 1),
(1173, 20, 1),
(1174, 14, 2),
(1175, 18, 2),
(1176, 1, 5),
(1177, 2, 1),
(1178, 4, 4),
(1179, 10, 5),
(1180, 1, 4),
(1181, 16, 2),
(1182, 9, 3),
(1183, 26, 5),
(1184, 15, 1),
(1185, 18, 1),
(1186, 21, 2),
(1187, 7, 2),
(1188, 9, 5),
(1189, 1, 2),
(1190, 16, 2),
(1191, 3, 2),
(1192, 30, 2),
(1193, 6, 2),
(1194, 5, 3),
(1195, 20, 5),
(1196, 12, 1),
(1197, 17, 2),
(1198, 11, 1),
(1199, 22, 5),
(1200, 2, 4),
(1201, 26, 5),
(1202, 11, 5),
(1203, 13, 2),
(1204, 13, 2),
(1205, 29, 2),
(1206, 15, 4),
(1207, 14, 5),
(1208, 25, 1),
(1209, 30, 4),
(1210, 12, 2),
(1211, 4, 1),
(1212, 13, 5),
(1213, 6, 5),
(1214, 26, 2),
(1215, 7, 2),
(1216, 8, 5),
(1217, 27, 5),
(1218, 9, 2),
(1219, 18, 1),
(1220, 29, 3),
(1221, 28, 5),
(1222, 27, 1),
(1223, 23, 5),
(1224, 3, 2),
(1225, 14, 4),
(1226, 10, 3),
(1227, 29, 2),
(1228, 21, 5),
(1229, 13, 1),
(1230, 2, 2),
(1231, 10, 3),
(1232, 21, 1),
(1233, 24, 4),
(1234, 19, 4),
(1235, 2, 5),
(1236, 9, 5),
(1237, 23, 2),
(1238, 11, 3),
(1239, 26, 4),
(1240, 24, 1),
(1241, 1, 2),
(1242, 24, 4),
(1243, 9, 2),
(1244, 5, 2),
(1245, 4, 5),
(1246, 18, 4),
(1247, 17, 2),
(1248, 6, 4),
(1249, 8, 4),
(1250, 28, 2),
(1251, 22, 1),
(1252, 13, 2),
(1253, 17, 4),
(1254, 27, 1),
(1255, 12, 5),
(1256, 24, 1),
(1257, 14, 2),
(1258, 22, 4),
(1259, 15, 4),
(1260, 26, 5),
(1261, 12, 3),
(1262, 30, 2),
(1263, 29, 2),
(1264, 11, 3),
(1265, 26, 1),
(1266, 29, 2),
(1267, 22, 5),
(1268, 5, 2),
(1269, 18, 4),
(1270, 28, 1),
(1271, 2, 4),
(1272, 29, 2),
(1273, 15, 3),
(1274, 9, 4),
(1275, 3, 1),
(1276, 21, 4),
(1277, 27, 3),
(1278, 11, 3),
(1279, 21, 5),
(1280, 29, 2),
(1281, 6, 2),
(1282, 2, 2),
(1283, 26, 1),
(1284, 2, 2),
(1285, 26, 5),
(1286, 16, 5),
(1287, 5, 3),
(1288, 22, 1),
(1289, 3, 3),
(1290, 4, 4),
(1291, 20, 3),
(1292, 27, 5),
(1293, 26, 4),
(1294, 4, 2),
(1295, 19, 5),
(1296, 20, 3),
(1297, 13, 4),
(1298, 3, 2),
(1299, 17, 4),
(1300, 24, 2),
(1301, 15, 2),
(1302, 10, 4),
(1303, 8, 5),
(1304, 4, 1),
(1305, 19, 3),
(1306, 19, 3),
(1307, 20, 1),
(1308, 28, 3),
(1309, 13, 5),
(1310, 28, 3),
(1311, 1, 3),
(1312, 2, 2),
(1313, 13, 4),
(1314, 1, 5),
(1315, 24, 5),
(1316, 7, 1),
(1317, 16, 3),
(1318, 6, 2),
(1319, 17, 4),
(1320, 14, 2),
(1321, 25, 2),
(1322, 17, 5),
(1323, 11, 2),
(1324, 14, 2),
(1325, 12, 2),
(1326, 15, 3),
(1327, 3, 4),
(1328, 16, 3),
(1329, 30, 5),
(1330, 18, 5),
(1331, 17, 1),
(1332, 30, 5),
(1333, 16, 3),
(1334, 15, 3),
(1335, 14, 1),
(1336, 24, 4),
(1337, 14, 2),
(1338, 26, 5),
(1339, 9, 2),
(1340, 24, 4),
(1341, 30, 2),
(1342, 16, 4),
(1343, 5, 4),
(1344, 6, 4),
(1345, 10, 4),
(1346, 20, 1),
(1347, 20, 1),
(1348, 6, 1),
(1349, 27, 5),
(1350, 12, 1),
(1351, 12, 2),
(1352, 4, 2),
(1353, 8, 5),
(1354, 2, 2),
(1355, 7, 4),
(1356, 7, 2),
(1357, 9, 1),
(1358, 9, 4),
(1359, 1, 1),
(1360, 5, 4),
(1361, 6, 4),
(1362, 13, 5),
(1363, 30, 5),
(1364, 18, 4),
(1365, 20, 4),
(1366, 28, 3),
(1367, 4, 1),
(1368, 22, 4),
(1369, 20, 3),
(1370, 23, 2),
(1371, 19, 3),
(1372, 9, 5),
(1373, 21, 5),
(1374, 19, 4),
(1375, 9, 1),
(1376, 3, 3),
(1377, 28, 1),
(1378, 12, 5),
(1379, 18, 5),
(1380, 9, 4),
(1381, 9, 2),
(1382, 4, 1),
(1383, 11, 3),
(1384, 15, 2),
(1385, 26, 1),
(1386, 24, 2),
(1387, 10, 4),
(1388, 21, 4),
(1389, 18, 2),
(1390, 28, 2),
(1391, 10, 5),
(1392, 23, 4),
(1393, 29, 3),
(1394, 23, 5),
(1395, 17, 2),
(1396, 28, 4),
(1397, 6, 4),
(1398, 13, 4),
(1399, 10, 1),
(1400, 18, 1),
(1401, 11, 5),
(1402, 1, 3),
(1403, 1, 5),
(1404, 1, 4),
(1405, 10, 2),
(1406, 14, 5),
(1407, 22, 2),
(1408, 25, 2),
(1409, 25, 5),
(1410, 25, 5),
(1411, 29, 3),
(1412, 7, 3),
(1413, 30, 1),
(1414, 5, 4),
(1415, 16, 5),
(1416, 6, 4),
(1417, 6, 5),
(1418, 14, 2),
(1419, 27, 4),
(1420, 29, 2),
(1421, 20, 5),
(1422, 9, 3),
(1423, 1, 2),
(1424, 13, 5),
(1425, 21, 5),
(1426, 26, 2),
(1427, 4, 1),
(1428, 15, 1),
(1429, 30, 5),
(1430, 1, 3),
(1431, 5, 2),
(1432, 2, 4),
(1433, 18, 1),
(1434, 16, 2),
(1435, 7, 4),
(1436, 28, 4),
(1437, 3, 5),
(1438, 7, 4),
(1439, 12, 5),
(1440, 9, 3),
(1441, 1, 1),
(1442, 8, 2),
(1443, 23, 2),
(1444, 19, 1),
(1445, 17, 5),
(1446, 26, 5),
(1447, 24, 5),
(1448, 25, 4),
(1449, 3, 1),
(1450, 3, 4),
(1451, 3, 1),
(1452, 20, 3),
(1453, 24, 3),
(1454, 7, 5),
(1455, 21, 4),
(1456, 10, 1),
(1457, 15, 3),
(1458, 7, 3),
(1459, 11, 1),
(1460, 6, 1),
(1461, 2, 2),
(1462, 4, 2),
(1463, 13, 5),
(1464, 19, 2),
(1465, 21, 5),
(1466, 3, 3),
(1467, 18, 4),
(1468, 30, 1),
(1469, 16, 2),
(1470, 1, 3),
(1471, 3, 2),
(1472, 21, 3),
(1473, 7, 2),
(1474, 3, 2),
(1475, 30, 3),
(1476, 14, 5),
(1477, 2, 1),
(1478, 11, 2),
(1479, 3, 1),
(1480, 7, 4),
(1481, 28, 1),
(1482, 27, 5),
(1483, 3, 1),
(1484, 6, 2),
(1485, 3, 3),
(1486, 17, 1),
(1487, 2, 5),
(1488, 12, 5),
(1489, 12, 5),
(1490, 29, 4),
(1491, 20, 1),
(1492, 21, 1),
(1493, 19, 1),
(1494, 2, 5),
(1495, 12, 3),
(1496, 5, 4),
(1497, 22, 3),
(1498, 1, 4),
(1499, 25, 3),
(1500, 4, 3),
(1501, 2, 5),
(1502, 23, 5),
(1503, 22, 5),
(1504, 17, 2),
(1505, 3, 1),
(1506, 16, 2),
(1507, 8, 4),
(1508, 28, 2),
(1509, 3, 1),
(1510, 19, 1),
(1511, 11, 2),
(1512, 25, 3),
(1513, 22, 4),
(1514, 5, 1),
(1515, 6, 3),
(1516, 23, 1),
(1517, 28, 4),
(1518, 5, 4),
(1519, 23, 2),
(1520, 14, 3),
(1521, 22, 1),
(1522, 24, 1),
(1523, 1, 3),
(1524, 15, 1),
(1525, 21, 1),
(1526, 11, 3),
(1527, 25, 2),
(1528, 16, 5),
(1529, 27, 5),
(1530, 19, 1),
(1531, 7, 4),
(1532, 30, 1),
(1533, 20, 2),
(1534, 13, 4),
(1535, 2, 5),
(1536, 8, 1),
(1537, 30, 1),
(1538, 16, 4),
(1539, 14, 5),
(1540, 3, 1),
(1541, 16, 1),
(1542, 24, 3),
(1543, 11, 4),
(1544, 24, 4),
(1545, 1, 1),
(1546, 28, 4),
(1547, 7, 1),
(1548, 2, 4),
(1549, 27, 3),
(1550, 24, 5),
(1551, 17, 3),
(1552, 17, 2),
(1553, 14, 3),
(1554, 25, 1),
(1555, 8, 4),
(1556, 22, 3),
(1557, 12, 2),
(1558, 5, 1),
(1559, 8, 2),
(1560, 9, 2),
(1561, 20, 4),
(1562, 18, 1),
(1563, 13, 2),
(1564, 23, 2),
(1565, 4, 2),
(1566, 13, 4),
(1567, 30, 5),
(1568, 11, 3),
(1569, 16, 1),
(1570, 17, 1),
(1571, 26, 2),
(1572, 6, 1),
(1573, 7, 5),
(1574, 9, 3),
(1575, 23, 1),
(1576, 1, 3),
(1577, 16, 3),
(1578, 1, 5),
(1579, 22, 5),
(1580, 16, 3),
(1581, 14, 2),
(1582, 8, 3),
(1583, 24, 3),
(1584, 16, 4),
(1585, 30, 2),
(1586, 29, 3),
(1587, 8, 5),
(1588, 28, 4),
(1589, 15, 1),
(1590, 27, 1),
(1591, 2, 3),
(1592, 15, 2),
(1593, 1, 1),
(1594, 3, 3),
(1595, 1, 1),
(1596, 1, 1),
(1597, 16, 1),
(1598, 1, 1),
(1599, 24, 4),
(1600, 22, 2),
(1601, 1, 2),
(1602, 5, 1),
(1603, 18, 4),
(1604, 15, 1),
(1605, 28, 4),
(1606, 5, 5),
(1607, 23, 5),
(1608, 22, 4),
(1609, 12, 4),
(1610, 19, 2),
(1611, 11, 1),
(1612, 30, 5),
(1613, 12, 4),
(1614, 3, 3),
(1615, 12, 1),
(1616, 13, 4),
(1617, 28, 3),
(1618, 20, 3),
(1619, 13, 2),
(1620, 14, 1),
(1621, 30, 2),
(1622, 14, 2),
(1623, 20, 4),
(1624, 3, 2),
(1625, 9, 3),
(1626, 11, 3),
(1627, 21, 2),
(1628, 7, 5),
(1629, 26, 3),
(1630, 7, 4),
(1631, 17, 2),
(1632, 14, 2),
(1633, 26, 2),
(1634, 19, 4),
(1635, 4, 4),
(1636, 9, 2),
(1637, 22, 1),
(1638, 22, 2),
(1639, 24, 3),
(1640, 18, 1),
(1641, 24, 3),
(1642, 23, 4),
(1643, 26, 4),
(1644, 11, 4),
(1645, 6, 4),
(1646, 18, 3),
(1647, 17, 1),
(1648, 13, 4),
(1649, 13, 4),
(1650, 21, 5),
(1651, 18, 2),
(1652, 13, 5),
(1653, 1, 2),
(1654, 9, 2),
(1655, 14, 4),
(1656, 20, 4),
(1657, 16, 1),
(1658, 11, 5),
(1659, 18, 5),
(1660, 4, 5),
(1661, 2, 5),
(1662, 30, 5),
(1663, 24, 1),
(1664, 26, 3),
(1665, 10, 5),
(1666, 29, 2),
(1667, 19, 3),
(1668, 28, 4),
(1669, 9, 4),
(1670, 4, 3),
(1671, 16, 2),
(1672, 30, 2),
(1673, 3, 3),
(1674, 4, 2),
(1675, 29, 2),
(1676, 8, 3),
(1677, 3, 2),
(1678, 27, 4),
(1679, 15, 4),
(1680, 7, 3),
(1681, 22, 3),
(1682, 20, 5),
(1683, 23, 4),
(1684, 16, 2),
(1685, 16, 1),
(1686, 13, 4),
(1687, 29, 3),
(1688, 30, 3),
(1689, 16, 2),
(1690, 29, 3),
(1691, 13, 1),
(1692, 25, 4),
(1693, 22, 2),
(1694, 8, 5),
(1695, 16, 4),
(1696, 9, 5),
(1697, 27, 5),
(1698, 27, 4),
(1699, 15, 2),
(1700, 11, 1),
(1701, 6, 2),
(1702, 13, 5),
(1703, 15, 1),
(1704, 5, 5),
(1705, 24, 2),
(1706, 30, 1),
(1707, 22, 5),
(1708, 14, 4),
(1709, 23, 1),
(1710, 3, 3),
(1711, 24, 4),
(1712, 30, 3),
(1713, 16, 1),
(1714, 1, 4),
(1715, 6, 4),
(1716, 23, 1),
(1717, 4, 5),
(1718, 29, 1),
(1719, 27, 2),
(1720, 6, 4),
(1721, 5, 5),
(1722, 18, 1),
(1723, 22, 3),
(1724, 27, 2),
(1725, 29, 5),
(1726, 29, 3),
(1727, 30, 4),
(1728, 15, 2),
(1729, 25, 2),
(1730, 22, 4),
(1731, 19, 2),
(1732, 27, 4),
(1733, 10, 3),
(1734, 24, 1),
(1735, 22, 4),
(1736, 30, 3),
(1737, 15, 5),
(1738, 8, 4),
(1739, 1, 3),
(1740, 26, 4),
(1741, 4, 2),
(1742, 17, 5),
(1743, 18, 2),
(1744, 18, 2),
(1745, 25, 4),
(1746, 18, 5),
(1747, 17, 2),
(1748, 23, 3),
(1749, 7, 1),
(1750, 9, 5),
(1751, 27, 5),
(1752, 3, 5),
(1753, 26, 1),
(1754, 21, 3),
(1755, 14, 3),
(1756, 25, 4),
(1757, 20, 3),
(1758, 9, 2),
(1759, 14, 2),
(1760, 20, 4),
(1761, 3, 5),
(1762, 20, 4),
(1763, 10, 5),
(1764, 6, 2),
(1765, 12, 2),
(1766, 10, 2),
(1767, 16, 1),
(1768, 3, 3),
(1769, 21, 1),
(1770, 5, 4),
(1771, 15, 2),
(1772, 2, 3),
(1773, 30, 3),
(1774, 14, 2),
(1775, 6, 3),
(1776, 7, 5),
(1777, 26, 3),
(1778, 21, 2),
(1779, 17, 4),
(1780, 15, 3),
(1781, 21, 4),
(1782, 8, 3),
(1783, 8, 4),
(1784, 26, 1),
(1785, 21, 5),
(1786, 22, 2),
(1787, 27, 4),
(1788, 21, 3),
(1789, 24, 5),
(1790, 6, 2),
(1791, 1, 4),
(1792, 14, 4),
(1793, 25, 1),
(1794, 13, 5),
(1795, 11, 2),
(1796, 4, 3),
(1797, 10, 2),
(1798, 7, 1),
(1799, 21, 1),
(1800, 29, 4),
(1801, 3, 3),
(1802, 28, 2),
(1803, 8, 4),
(1804, 20, 4),
(1805, 4, 3),
(1806, 9, 4),
(1807, 29, 3),
(1808, 9, 3),
(1809, 19, 2),
(1810, 18, 2),
(1811, 6, 5),
(1812, 19, 1),
(1813, 1, 5),
(1814, 7, 3),
(1815, 26, 1),
(1816, 25, 4),
(1817, 17, 3),
(1818, 3, 5),
(1819, 25, 5),
(1820, 21, 3),
(1821, 6, 4),
(1822, 5, 5),
(1823, 20, 1),
(1824, 10, 1),
(1825, 6, 1),
(1826, 12, 3),
(1827, 28, 3),
(1828, 17, 1),
(1829, 19, 4),
(1830, 29, 1),
(1831, 19, 1),
(1832, 13, 2),
(1833, 22, 2),
(1834, 6, 5),
(1835, 10, 3),
(1836, 20, 3),
(1837, 14, 4),
(1838, 19, 5),
(1839, 30, 5),
(1840, 4, 3),
(1841, 24, 2),
(1842, 13, 3),
(1843, 12, 2),
(1844, 7, 2),
(1845, 25, 1),
(1846, 9, 1),
(1847, 30, 2),
(1848, 4, 3),
(1849, 30, 5),
(1850, 21, 5),
(1851, 30, 5),
(1852, 11, 5),
(1853, 2, 1),
(1854, 13, 4),
(1855, 15, 1),
(1856, 20, 5),
(1857, 17, 4),
(1858, 4, 4),
(1859, 12, 2),
(1860, 4, 3),
(1861, 8, 2),
(1862, 20, 2),
(1863, 13, 3),
(1864, 27, 3),
(1865, 30, 1),
(1866, 3, 3),
(1867, 29, 3),
(1868, 16, 5),
(1869, 19, 1),
(1870, 22, 4),
(1871, 23, 5),
(1872, 20, 1),
(1873, 25, 5),
(1874, 22, 5),
(1875, 29, 1),
(1876, 8, 3),
(1877, 28, 1),
(1878, 29, 5),
(1879, 12, 3),
(1880, 1, 1),
(1881, 29, 4),
(1882, 13, 3),
(1883, 28, 5),
(1884, 25, 3),
(1885, 9, 2),
(1886, 24, 4),
(1887, 18, 5),
(1888, 10, 1),
(1889, 29, 4),
(1890, 13, 5),
(1891, 17, 2),
(1892, 28, 3),
(1893, 23, 5),
(1894, 27, 3),
(1895, 25, 2),
(1896, 9, 1),
(1897, 2, 2),
(1898, 22, 3),
(1899, 22, 5),
(1900, 24, 3),
(1901, 9, 1),
(1902, 13, 3),
(1903, 27, 4),
(1904, 4, 3),
(1905, 16, 4),
(1906, 11, 1),
(1907, 13, 1),
(1908, 29, 1),
(1909, 2, 2),
(1910, 15, 2),
(1911, 29, 4),
(1912, 19, 2),
(1913, 10, 5),
(1914, 11, 2),
(1915, 4, 4),
(1916, 7, 3),
(1917, 3, 5),
(1918, 13, 5),
(1919, 17, 3),
(1920, 23, 1),
(1921, 7, 3),
(1922, 19, 4),
(1923, 18, 3),
(1924, 7, 3),
(1925, 1, 3),
(1926, 10, 5),
(1927, 24, 4),
(1928, 2, 4),
(1929, 2, 4),
(1930, 20, 3),
(1931, 25, 3),
(1932, 1, 1),
(1933, 21, 5),
(1934, 20, 4),
(1935, 9, 5),
(1936, 18, 4),
(1937, 10, 5),
(1938, 28, 2),
(1939, 22, 2),
(1940, 22, 5),
(1941, 7, 4),
(1942, 2, 4),
(1943, 7, 4),
(1944, 29, 2),
(1945, 1, 5),
(1946, 23, 1),
(1947, 9, 2),
(1948, 22, 3),
(1949, 19, 3),
(1950, 5, 1),
(1951, 29, 3),
(1952, 11, 3),
(1953, 8, 2),
(1954, 25, 1),
(1955, 17, 1),
(1956, 1, 5),
(1957, 18, 1),
(1958, 15, 2),
(1959, 30, 2),
(1960, 29, 4),
(1961, 5, 3),
(1962, 29, 5),
(1963, 8, 2),
(1964, 15, 2),
(1965, 6, 5),
(1966, 26, 4),
(1967, 27, 4),
(1968, 30, 3),
(1969, 18, 4),
(1970, 1, 3),
(1971, 3, 3),
(1972, 2, 3),
(1973, 10, 4),
(1974, 5, 5),
(1975, 24, 4),
(1976, 20, 1),
(1977, 19, 4),
(1978, 10, 2),
(1979, 3, 4),
(1980, 24, 3),
(1981, 20, 4),
(1982, 6, 3),
(1983, 1, 3),
(1984, 25, 2),
(1985, 25, 5),
(1986, 27, 1),
(1987, 12, 5),
(1988, 13, 1),
(1989, 1, 5),
(1990, 27, 5),
(1991, 7, 2),
(1992, 15, 1),
(1993, 20, 2),
(1994, 28, 4),
(1995, 11, 3),
(1996, 17, 2),
(1997, 18, 1),
(1998, 20, 2),
(1999, 11, 4),
(2000, 9, 0),
(2001, 26, 0),
(2002, 27, 0),
(2003, 17, 0),
(2004, 25, 0),
(2005, 25, 0),
(2006, 29, 0),
(2007, 29, 0),
(2008, 29, 0),
(2009, 28, 0),
(2010, 29, 0),
(2011, 29, 0),
(2012, 28, 0),
(2013, 28, 0),
(2014, 29, 0),
(2015, 29, 0),
(2016, 25, 0),
(2017, 29, 0),
(2018, 5, 0),
(2019, 29, 0),
(2020, 29, 0),
(2021, 29, 0),
(2022, 29, 0),
(2023, 29, 0),
(2024, 29, 0),
(2025, 30, 0),
(2026, 23, 0),
(2027, 6, 0),
(2028, 24, 0),
(2029, 24, 0),
(2030, 29, 0),
(2031, 29, 0),
(2032, 29, 0),
(2033, 29, 0),
(2034, 13, 0),
(2035, 6, 0),
(2036, 30, 0),
(2037, 30, 0),
(2038, 30, 0),
(2039, 30, 0),
(2040, 30, 0),
(2041, 30, 0),
(2042, 30, 0),
(2043, 29, 0),
(2044, 29, 0),
(2045, 29, 0),
(2046, 29, 0),
(2047, 29, 0),
(2048, 30, 0),
(2049, 11, 0),
(2050, 1, 0),
(2051, 1, 0),
(2052, 1, 0),
(2053, 1, 0),
(2054, 30, 0),
(2055, 30, 0),
(2056, 13, 0),
(2057, 28, 0),
(2058, 30, 0),
(2059, 30, 0),
(2060, 30, 0),
(2061, 24, 0),
(2062, 25, 0),
(2063, 28, 0),
(2064, 28, 0),
(2065, 30, 0),
(2066, 25, 0),
(2067, 28, 0),
(2068, 24, 0);

-- --------------------------------------------------------

--
-- 資料表結構 `product`
--

CREATE TABLE `product` (
  `id` int(6) UNSIGNED NOT NULL,
  `category` int(6) NOT NULL COMMENT '產品分類(食材、鍋具、調味料)',
  `image` varchar(1000) COLLATE utf8mb4_unicode_ci NOT NULL,
  `name` varchar(30) COLLATE utf8mb4_unicode_ci NOT NULL COMMENT '產品名稱',
  `price` int(6) NOT NULL COMMENT '產品價格',
  `specs` varchar(1000) COLLATE utf8mb4_unicode_ci NOT NULL COMMENT '產品規格',
  `info` varchar(1000) COLLATE utf8mb4_unicode_ci NOT NULL COMMENT '產品介紹',
  `notice` varchar(1000) COLLATE utf8mb4_unicode_ci NOT NULL COMMENT '注意事項'
) ENGINE=InnoDB DEFAULT CHARSET=utf8mb4 COLLATE=utf8mb4_unicode_ci;

--
-- 傾印資料表的資料 `product`
--

INSERT INTO `product` (`id`, `category`, `image`, `name`, `price`, `specs`, `info`, `notice`) VALUES
(1, 1, '001.jpg', '【日荷肉舖】台灣豬豬絞肉', 110, '每份 300g±5g', '一包300公克，急速冷凍真空包裝，商品都已經為您磨絞完成。', ''),
(2, 1, '002.jpg', '【日荷肉舖】美國Choice嫩肩里肌牛排', 95, '重量：100g±5%\n原產地：美國\n保存方式：請置於冷凍-18℃保存', '一頭牛僅能取出少量大約兩公斤的嫩肩里肌，嫩肩里肌的特色是中間有一根透\n明的嫩筋所有牛肉部為裡面獨有的，不同於嚼不動的白筋，\n嫩煎里肌切成火鍋片約0.2公分，在高湯裡清涮一下，即可享有鮮嫩的口感。\n嫩煎里肌帶有細細的油花，相較於里肌又更軟嫩一些。', ''),
(3, 1, '003.jpg', '【日荷肉舖】美國Choice嫩肩里肌火鍋片', 310, '重量：100g±5%\r\n原產地：美國\r\n保存方式：請置於冷凍-18℃保存', '一頭牛僅能取出少量大約兩公斤的嫩肩里肌，嫩肩里肌的特色是中間有一根透\n明的嫩筋所有牛肉部為裡面獨有的，不同於嚼不動的白筋，\n嫩煎里肌切成火鍋片約0.2公分，在高湯裡清涮一下，即可享有鮮嫩的口感。\n嫩煎里肌帶有細細的油花，相較於里肌又更軟嫩一些。', ''),
(4, 1, '004.jpg', '【日荷肉舖】台灣豬梅花火鍋肉片', 155, '重量：300g±5%\n原產地：台灣\n保存方式：請置於冷凍-18℃保存', '嚴選台灣本土豬肉，梅花肉位於豬隻上肩部份，因為脂肪分佈均勻，橫切開來\n如梅花般形狀而得名，做任何料理均十分適合，吃起來除肉質柔軟細緻外，更\n散發出淡淡豬肉清香。切成薄片，適合煮火鍋，也適合拌炒。', ''),
(5, 1, '005.jpg', '【日荷肉舖】伊比利Bellota梅花豬火鍋片', 250, '重量：150g±5%\n原產地：西班牙\n保存方式：請置於冷凍-18℃保存', '來自西班牙伊比利豬，是珍貴的豬種。。主食為橡子果、香草及橄欖。使其油\n脂雖豐潤卻不膩口，細緻的肉質中散發出淡淡的榛果香。擁有豬肉界愛瑪仕、\n勞斯萊斯的美名！', ''),
(6, 1, '006.jpg', '【日荷肉舖】伊比利Bellota厚切梅花豬排', 550, '重量：300g±5%\n原產地：西班牙\n保存方式：請置於冷凍-18℃保存', '自西班牙伊比利豬，是珍貴的豬種。。主食為橡子果、香草及橄欖。\n使其油脂雖豐潤卻不膩口，細緻的肉質中散發出淡淡的榛果香。擁有豬肉界愛瑪仕、勞斯萊斯的美名！', ''),
(7, 1, '007.jpg', '【日荷肉舖】台灣豬松阪豬（300g)', 220, '重量：300g±5%\n原產地：台灣\n保存方式：請置於冷凍-18℃保存', '', ''),
(8, 1, '008.jpg', '【日荷肉舖】台灣豬梅花燒烤片', 155, '重量：300g±5%\n原產地：台灣\n保存方式：請置於冷凍-18℃保存', '嚴選台灣本土豬肉，梅花肉位於豬隻上肩部份，因為脂肪分佈均勻，橫切開來\n如梅花般形狀而得名，做任何料理均十分適合，吃起來除肉質柔軟細緻外，更\n散發出淡淡豬肉清香。', ''),
(9, 1, '009.jpg', '【日荷肉舖】紐西蘭小羔羊薄切片', 190, '重量：300g±5%\n原產地：紐西蘭\n保存方式：請置於冷凍-18℃保存', '在純淨大自然中成長的樂活羊隻，以天然牧草孕育出更豐富的營養成分，精選\n六個月大的小羔羊，部位取自於小羔羊隻的肩背肉塊，限定0.2cm的薄度，更能\n呈現肉質的鮮美嫩度，不論是火鍋、熱炒、烹煮皆適宜。', ''),
(10, 1, '010.jpg', '大加燕米1kg', 510, '獨家脫殼技術，市售唯一易煮燕麥米\n無添加防腐劑、人工香料及色素', '', ''),
(11, 1, '011.jpg', '澎湖職人手作花枝蝦排 6片入', 170, '重量：300g±5%/包\n數量：1包 （約6塊入）\n產地：台灣', '', ''),
(12, 1, '012.jpg', '遠山玫瑰鹽-舒肥雞胸160g', 69, '品牌：康福先生\n品名：舒肥嫩雞胸肉\n內容物/規格：每包重量 160g±10% /包\n產品成份: 雞胸、喜馬拉雅山粉紅鹽、初榨橄欖油\n營養標示：如圖示\n保存期限：冷凍180天\n產地：台灣', '', ''),
(13, 1, '013.jpg', '脆皮吐司', 70, '', '每日我們以嚴選食材製作新鮮、安心的麵包，持續創作正統天然的歐式麵包及日式麵包，希望傳遞美好的麵包文化。', ''),
(14, 1, '014.jpg', '大武山牧場履歷蛋-白殼', 300, '品名：大武山牧場履歷蛋-白殼\r\n淨重：L號蛋 /60zg以上/盒\r\n10粒裝', '', ''),
(15, 1, '015.jpg', '原野放牧蛋(一盒十入)', 140, '', '＊符合歐盟標準的放牧蛋雞場\n＊天然放牧，雞隻健康生長\n＊原野放牧蛋不含抗生素等動物用藥\n＊機能性營養素添加（葉黃素、蝦紅素）', ''),
(16, 1, '016.jpg', '美蔬菜盒(愛健康)', 270, '品名：美蔬菜盒\n重量：200g\n保存方式：冷藏4- -7度\n保存期限：七天（需冷藏）\n有效日期：標示於包裝袋上\n原產地：台灣', '只要洗手不用洗菜，比飲用水還純淨，下單立即將鑽石級美生菜冷藏宅配送到您手上！\n生菜第一品牌來自NICE GREEn室內智慧農場所出產的高品質安全蔬菜，蔬菜無須經過水洗，打開包裝即可食用。', ''),
(17, 1, '017.jpg', '白蝦(20尾一包)', 370, '蝦子販賣大小，依照當時養殖大小狀況，隨時跟著調整。', '', ''),
(18, 1, '018.jpg', '牛番茄', 65, '規格：約3~4粒\r\n重量：300g±10%\r\n產地：台灣\r\n保存方式：冷藏', '牛番茄中含有豐富的維生素Ａ、Ｃ、β－胡蘿蔔素，可以使肌膚光滑彈性。\r\n含有豐富的茄紅素，具有強大的抗氧化作用，可提升免疫力、幫助人體抗氧化。\r\n能防止血液中的壞膽固醇被氧化，降低癌症與心血管疾病的罹患率。', '※產品顏色可能會因網頁呈現與拍攝畫質產生色差，圖片僅供參考，商品依實際供貨樣式為準。\r\n※蔬菜、海鮮、肉品為新鮮進貨，每批生長期樣式、大小不一定，出貨以實際商品為主。'),
(19, 1, '019.jpg', '好菇道鴻喜菇', 220, '100g 每包', '', ''),
(20, 1, '020.jpg', '中華非基改家常豆腐', 23, '容量：300g', '湯品、涼拌、火鍋、家常料理皆適用，方便料理、全家都愛吃!', '勿放置在陽光直射與潮濕處﹝拆封後，請儘速使用完畢﹞，以防變質。'),
(21, 2, '021.jpg', '不鏽鋼真空保鮮盒組', 3680, '材質／容器部： 不鏽鋼 （SUS304）、真空蓋：壓克力、真空栓\r\n填料：矽膠、抽真空氣筒：聚丙烯PP、矽膠\r\n尺寸/L: 長24.1×寬15.6×高7.2cm、M：長20.7×寬13.3×高6.4cm、S：長17×寬11.5×高5.5cm\r\n重量/L：530g、M：400g、S：270g、抽真空氣筒：40g \r\n耐冷溫度/：-20度   ', '', ''),
(22, 2, '022.jpg', '【CookPower 鍋寶】12L數位觸控式健康氣炸烤箱', 3290, '型號：AF-1290W\r\n額定電壓／額定頻率：110V/60Hz\r\n總額定消耗電功率：1500W\r\n材質：機身PP (聚丙烯，耐熱120度)、接油盤、瀝油不沾烤盤／高級合金+不沾材質(耐熱260度)、烤網、取叉夾／鐵鍍鉻、旋轉烤叉／304不鏽鋼\r\n重量：約7.15kg±5%\r\n容量：約12L±5%\r\n商品尺寸：約長34 x寬34.5x高38cm±5%\r\n附件：瀝油不沾烤盤*1、烤網*2、接油盤*1、旋轉烤叉*1、取叉夾*1、食譜x1、說明書x1', '瀝油不沾烤盤超萬用 烤全魚、易沾食材都不沾\n12L可烤4斤全雞，空間充分運用\n多層烘烤更方便 聚餐、派對都能快速上菜\nTURBO+氣旋對流科技，五機合一料理多變化\n智慧觸控面板，微電腦12種模式全自動烹調\n全配件輕鬆做，滿足中西各式料理\n少油氣炸 告別油煙油膩，減油80%更健康\n五大安全裝置，確保美味烹調又安全', ''),
(23, 2, '023.jpg', '【CookPower 鍋寶】鈦頂級不沾平底鍋28CM', 890, '', '5層強化材質+鈦合金微粒，抗刮耐磨\n食品級不沾，少油少油煙健康烹調\n高導熱複合金鍋身，傳熱均勻快速\n不挑爐具，瓦斯爐、電磁爐、IH爐、黑晶爐等皆適用', ''),
(24, 2, '024.jpg', '【德國百靈】BRAUN手持式食物處理機', 6980, '■ 品牌國別：德國\n■ 製造地：歐洲\n■ 電源：110V/ 60Hz\n■ 消耗功率：400W\n■ 轉速(RPM)：13,800\n■ 電源線長度：約120cm\n■ 14大配件：攪拌軸、600ml攪拌杯、打蛋器、磨泥器、350ml切碎盆、小切碎刀、1500ml食物處理器、\n大切碎刀、麵團刀、粗片切片器、細片切片器、粗絲切絲器、細絲切絲器、薯條削切盤\n■ 商品淨重(機身+攪拌軸)：860g\n■ 包裝淨重：3440g\n■ 商品尺寸(機身+攪拌軸)：68 x 68 x 390(mm)\n■ 包裝尺寸：181 x 288 x 509(mm)\n■ 保固：主機保固2年', '歐洲製造、全球銷售第一\n400 W靜音馬達、強勁動能\n家金鐘罩防飛濺設計、防吸鍋好料理\n全球首創 推進式伸縮刀頭，快速打碎堅硬食材\n十項全能：攪碎、混合、切碎、切絲、切片、切條、磨泥、打發、調麵糊、揉麵糰', '#請完全安裝鎖緊馬達手柄與攪拌棒及配件再進行操作，避免內部驅動輪軸損壞\n#請勿在使用攪拌棒時，過度用力重壓食材，導致中心刀軸破裂損壞'),
(25, 2, '025.jpg', '膳魔師厚鑄耐摩不沾鍋_kfb系列單柄平底鍋', 1530, '尺寸 43.5×25.5×6 (約長x寬x高cm)\n重量 860 (約g)\n鍋身材質 不沾塗層：PTFE\n把手：電木\n鍋身本體：鋁合金 \n導磁底：SUS430不銹鋼\n鍋身外層：烤漆\n定價 NT$1,800元', '', ''),
(26, 3, '026.jpg', '【原禾軒】雞高湯 (500g/包)', 99, '內容量：500克±5克\n成分：水、精選老母雞\n產地：台灣\n有效期限：標示於包裝\n保存期限：12個月\n保存條件：冷凍於-18°C', '', '1. 非供即食，應充分加熱後再食用。\n2. 本產品內容物不含雞肉塊。\n3. 產品以實物為準，圖片僅供料理參考。\n4. 本產品無添加防腐劑。'),
(27, 3, '027.jpg', '【原禾軒】經典醇香雞油 (330ml/瓶)', 179, '內容量：330毫升\n成分：雞油、天然海鹽\n產地：台灣\n有效期限：標示於瓶身\n保存期限：12個月（冷藏保存）\n保存條件：建議冷藏保存，開封後請儘速食用完畢', '', '1. 本產品無添加防腐劑，建議冷藏保存，開封後請儘速食用。\n2. 請勿放置在陽光直射或潮濕處，以避免變質。\n3. 本產品為天然動物性油脂，室溫下呈現液態及其自然結晶、沉澱或乳白色分層均屬正常現象。'),
(28, 3, '028.jpg', '【紐西蘭MILKIO】特級草飼牛無水奶油 (250毫升) ', 529, '內容量： 230公克(250毫升)\n產地：紐西蘭\n保存期限：2年\n製造 / 有效日期：如瓶身所示', '❶來自紐西蘭元裝進口高品質快樂牧場的草飼乳牛\n❷適合高溫烹飪的250℃發煙點，也可直接食用三餐一瓶解決\n❸生酮飲食、防彈咖啡、素食首選，清真食品認證', '1.建議冷藏存放，油品低溫凝固後較易取用，避免溢出\n2.本品來源天然，色澤有深淺不同自然變化，請安心食用\n3.本產品含有牛奶製品'),
(29, 3, '029.jpg', '【檸檬大叔】純檸檬磚（12顆入/箱）', 320, '內容物：檸檬原汁\r\n淨重：25公克±9%/個，12入/盒\r\n原產地：屏東九如\r\n保存方式：置於室內陰涼處，避免陽光直照；檸檬磚封膜如有破損，請勿食用。\r\n保存期限：1年\r\n有效日期：標示於包裝', '來自屏東九如的100%純檸檬原汁，獨家滅菌技術，\n便利不沾手的果凍盒包裝，不用擠檸檬，\n輕鬆即飲隨時補充新鮮維他命Ｃ。', ''),
(30, 3, '030.jpg', '【雀巢】鷹牌煉乳支裝(170g/支)', 65, '內容物名稱：生乳，糖\n內容量：170g\n原產地(國)：西班牙\n保存期限：450日', '成分單純，只使用純鮮乳及糖製成\n除了沾醬，也可作為料理的調味料', '※ 製造日期與有效期限，商品成分與適用注意事項皆標示於包裝或產品中\n※ 本產品網頁因拍攝關係，圖檔略有差異，實際以廠商出貨為主\n※ 本產品文案若有變動敬請參照實際商品為準'),
(31, 3, '031.jpg', '【聖塔麗塔】產地新鮮初榨橄欖油500ml', 980, '內容物：新鮮無過濾橄欖油500ml\n橄欖品種：100% Coratina\n成分：100%橄欖油\n食品添加物名稱：無\n產地：義大利普利亞 (Puglia)\n有效期限: 2022.12.30', '高溫更安全，煎炒炸拌一瓶搞定\n不經過濾和儲存，營養30%UP\n挑好油就從產地挑起', ''),
(32, 3, '032.jpg', '【聖塔麗塔】巴薩米克醋Bianco(100ml/白色金標)', 510, '成分：義大利的白葡萄、短期在木桶白橡木熟成。\n100％天然產品無食物色素，無添加增稠劑、無添加焦糖、無添加防腐劑。\n產地：義大利\n內容量：100ml', '100%純天然，不添加防腐劑\n整顆葡萄帶皮熬煮木桶釀造\n加在氣泡水裡，可去油解膩', '擁有歐盟I.G.P產地認證\n100%純天然，不添加防腐劑，焦糖，色素'),
(33, 3, '033.jpg', '【義大利 PASSERI】頂級黑松露醬(130公克)', 399, '◎商品重量：130g\n◎商品成分：蘑菇、初榨橄欖油、5%夏季黑松露、水、牛肝菌、檸檬汁、鯷魚、洋蔥、糖、酸豆、巴西里、鹽、植物炭、香料。\n◎保存期限：3年\n◎保存方式：開封前置於乾燥陰涼處，開封後請冷藏並盡早食用完畢。\n◎商品產地：義大利', '科學研究數據顯示松露含有豐富的蛋白質、18種氨基酸（包括人體不能合成的8種必需氨基酸）、不飽和脂肪酸、多種維生素、鋅、錳、鐵、鈣、磷、硒等必需微量元素，能提高免疫力，被稱為「餐桌上的鑽石」。', '◎使用後，確保松露醬浸在罐內的橄欖油之下。\n◎取用松露醬的湯匙務必是乾淨、乾燥的狀態。\n◎放回冷藏時，蓋子務必鎖緊，避免水份跑進去\n'),
(34, 3, '034.jpg', '【義大利 PASSERI】頂級黑松露鹽(100g)', 428, '◎商品重量：100g (內容量)\n◎商品成分：夏季黑松露、鹽、香料。\n◎保存期限：2年\n◎保存方式：存放陰涼處\n◎商品產地：義大利', '松露鹽的製成是由乾燥後的松露，與海鹽、岩鹽等混合而成的調味料。不單是作為料理鹽使用，還可以豐富食物香氣，讓美味升級。', '◎取用松露鹽的湯匙務必是乾淨、乾燥的狀態。\n◎蓋子務必鎖緊，避免水份跑進去\n'),
(35, 3, '035.jpg', '【Olivado】紐西蘭原裝進口酪梨油1瓶(500毫升)', 528, '全天然, 無膽固醇、無添加劑或防腐劑\r\n發煙點高達攝氏255度\r\n物理性低溫冷壓萃取', '', ''),
(36, 2, '000.jpg', '路人', 1001, '你好', '123', '789'),
(37, 1, '037.jpg', '蘋果', 2000, '蘋果', '123', '456');

-- --------------------------------------------------------

--
-- 資料表結構 `product_img`
--

CREATE TABLE `product_img` (
  `id` int(4) NOT NULL,
  `product_id` int(4) NOT NULL COMMENT '對應到 product 的 id',
  `image` varchar(100) COLLATE utf8mb4_unicode_ci NOT NULL COMMENT '圖片的檔名'
) ENGINE=InnoDB DEFAULT CHARSET=utf8mb4 COLLATE=utf8mb4_unicode_ci;

--
-- 傾印資料表的資料 `product_img`
--

INSERT INTO `product_img` (`id`, `product_id`, `image`) VALUES
(1, 1, '001.jpg'),
(2, 2, '002.jpg'),
(3, 3, '003.jpg'),
(4, 4, '004.jpg'),
(5, 5, '005.jpg'),
(6, 6, '006.jpg'),
(7, 7, '007.jpg'),
(8, 8, '008.jpg'),
(9, 9, '009.jpg'),
(10, 10, '010.jpg'),
(11, 11, '011.jpg'),
(12, 12, '012.jpg'),
(13, 13, '013.jpg'),
(14, 14, '014.jpg'),
(15, 15, '015.jpg'),
(16, 16, '016.jpg'),
(17, 17, '017.jpg'),
(18, 18, '018.jpg'),
(19, 19, '019.jpg'),
(20, 20, '020.jpg'),
(21, 21, '021.jpg'),
(22, 22, '022.jpg'),
(23, 23, '023.jpg'),
(24, 24, '024.jpg'),
(25, 25, '025.jpg'),
(26, 26, '026.jpg'),
(27, 27, '027.jpg'),
(28, 28, '028.jpg'),
(29, 29, '029.jpg'),
(30, 30, '030.jpg'),
(31, 31, '031.jpg'),
(32, 32, '032.jpg'),
(33, 33, '033.jpg'),
(34, 34, '034.jpg'),
(35, 35, '035.jpg'),
(36, 1, '001-1.jpg'),
(37, 2, '002-1.jpg'),
(38, 3, '003-1.jpg'),
(39, 4, '004-1.jpg'),
(40, 5, '005-1.jpg'),
(41, 5, '005-2.jpg'),
(42, 10, '010-1.jpg'),
(43, 11, '011-1.jpg'),
(44, 13, '013-1.jpg'),
(45, 15, '015-1.jpg'),
(46, 16, '016-1.jpg'),
(47, 19, '019-1.jpg'),
(48, 20, '020-1.jpg');

-- --------------------------------------------------------

--
-- 資料表結構 `product_save`
--

CREATE TABLE `product_save` (
  `id` int(5) UNSIGNED NOT NULL,
  `member_id` int(5) UNSIGNED NOT NULL,
  `product_id` int(5) UNSIGNED NOT NULL
) ENGINE=InnoDB DEFAULT CHARSET=utf8mb4;

--
-- 傾印資料表的資料 `product_save`
--

INSERT INTO `product_save` (`id`, `member_id`, `product_id`) VALUES
(1, 1, 30),
(2, 1, 14),
(3, 1, 33),
(4, 1, 11),
(5, 1, 17),
(6, 1, 12),
(7, 1, 1),
(8, 1, 2),
(9, 1, 8),
(10, 1, 24),
(11, 1, 4),
(12, 1, 27),
(13, 1, 34),
(14, 1, 19),
(15, 1, 31),
(16, 1, 3),
(17, 1, 35),
(18, 1, 15),
(19, 1, 13),
(20, 1, 32),
(21, 2, 19),
(22, 2, 13),
(23, 2, 25),
(24, 2, 23),
(25, 2, 24),
(26, 2, 35),
(27, 2, 26),
(28, 2, 17),
(29, 2, 30),
(30, 2, 12),
(31, 2, 21),
(32, 2, 28),
(33, 2, 10),
(34, 2, 11),
(35, 2, 18),
(36, 2, 31),
(37, 2, 29),
(38, 2, 1),
(39, 2, 9),
(40, 2, 3),
(41, 3, 21),
(42, 3, 27),
(43, 3, 8),
(44, 3, 5),
(45, 3, 7),
(46, 3, 35),
(47, 3, 2),
(48, 3, 11),
(49, 3, 23),
(50, 3, 28),
(51, 3, 25),
(52, 3, 33),
(53, 3, 15),
(54, 3, 26),
(55, 3, 1),
(56, 3, 12),
(57, 3, 6),
(58, 3, 3),
(59, 3, 31),
(60, 3, 17),
(61, 4, 17),
(62, 4, 34),
(63, 4, 25),
(64, 4, 14),
(65, 4, 32),
(66, 4, 30),
(67, 4, 20),
(68, 4, 22),
(69, 4, 2),
(70, 4, 19),
(71, 4, 15),
(72, 4, 27),
(73, 4, 6),
(74, 4, 8),
(75, 4, 4),
(76, 4, 28),
(77, 4, 35),
(78, 4, 10),
(79, 4, 5),
(80, 4, 29),
(81, 5, 15),
(82, 5, 34),
(83, 5, 8),
(84, 5, 2),
(85, 5, 5),
(86, 5, 3),
(87, 5, 32),
(88, 5, 27),
(89, 5, 26),
(90, 5, 35),
(91, 5, 25),
(92, 5, 28),
(93, 5, 21),
(94, 5, 14),
(95, 5, 9),
(96, 5, 22),
(97, 5, 30),
(98, 5, 24),
(99, 5, 11),
(100, 5, 29);

--
-- 已傾印資料表的索引
--

--
-- 資料表索引 `box`
--
ALTER TABLE `box`
  ADD PRIMARY KEY (`id`);

--
-- 資料表索引 `box_save_detail`
--
ALTER TABLE `box_save_detail`
  ADD PRIMARY KEY (`id`);

--
-- 資料表索引 `box_save_main`
--
ALTER TABLE `box_save_main`
  ADD PRIMARY KEY (`id`);

--
-- 資料表索引 `codes`
--
ALTER TABLE `codes`
  ADD PRIMARY KEY (`id`);

--
-- 資料表索引 `feature_img`
--
ALTER TABLE `feature_img`
  ADD PRIMARY KEY (`id`);

--
-- 資料表索引 `feature_like`
--
ALTER TABLE `feature_like`
  ADD PRIMARY KEY (`id`);

--
-- 資料表索引 `feature_link`
--
ALTER TABLE `feature_link`
  ADD PRIMARY KEY (`id`);

--
-- 資料表索引 `feature_list`
--
ALTER TABLE `feature_list`
  ADD PRIMARY KEY (`id`);

--
-- 資料表索引 `feature_prep`
--
ALTER TABLE `feature_prep`
  ADD PRIMARY KEY (`id`);

--
-- 資料表索引 `feature_save`
--
ALTER TABLE `feature_save`
  ADD PRIMARY KEY (`id`);

--
-- 資料表索引 `feature_step`
--
ALTER TABLE `feature_step`
  ADD PRIMARY KEY (`id`);

--
-- 資料表索引 `feature_view`
--
ALTER TABLE `feature_view`
  ADD PRIMARY KEY (`id`);

--
-- 資料表索引 `feature_week`
--
ALTER TABLE `feature_week`
  ADD PRIMARY KEY (`id`);

--
-- 資料表索引 `feature_weeklist`
--
ALTER TABLE `feature_weeklist`
  ADD PRIMARY KEY (`id`);

--
-- 資料表索引 `feature_weekprep`
--
ALTER TABLE `feature_weekprep`
  ADD PRIMARY KEY (`id`);

--
-- 資料表索引 `member`
--
ALTER TABLE `member`
  ADD PRIMARY KEY (`id`);

--
-- 資料表索引 `order_detail_list`
--
ALTER TABLE `order_detail_list`
  ADD PRIMARY KEY (`id`);

--
-- 資料表索引 `order_main_list`
--
ALTER TABLE `order_main_list`
  ADD PRIMARY KEY (`id`);

--
-- 資料表索引 `private_comment`
--
ALTER TABLE `private_comment`
  ADD PRIMARY KEY (`id`);

--
-- 資料表索引 `private_follow`
--
ALTER TABLE `private_follow`
  ADD PRIMARY KEY (`id`);

--
-- 資料表索引 `private_ingred`
--
ALTER TABLE `private_ingred`
  ADD PRIMARY KEY (`id`);

--
-- 資料表索引 `private_like`
--
ALTER TABLE `private_like`
  ADD PRIMARY KEY (`id`);

--
-- 資料表索引 `private_recipe`
--
ALTER TABLE `private_recipe`
  ADD PRIMARY KEY (`id`);

--
-- 資料表索引 `private_save`
--
ALTER TABLE `private_save`
  ADD PRIMARY KEY (`id`);

--
-- 資料表索引 `private_step`
--
ALTER TABLE `private_step`
  ADD PRIMARY KEY (`id`);

--
-- 資料表索引 `private_tags`
--
ALTER TABLE `private_tags`
  ADD PRIMARY KEY (`id`);

--
-- 資料表索引 `private_view`
--
ALTER TABLE `private_view`
  ADD PRIMARY KEY (`id`);

--
-- 資料表索引 `product`
--
ALTER TABLE `product`
  ADD PRIMARY KEY (`id`);

--
-- 資料表索引 `product_img`
--
ALTER TABLE `product_img`
  ADD PRIMARY KEY (`id`);

--
-- 資料表索引 `product_save`
--
ALTER TABLE `product_save`
  ADD PRIMARY KEY (`id`);

--
-- 在傾印的資料表使用自動遞增(AUTO_INCREMENT)
--

--
-- 使用資料表自動遞增(AUTO_INCREMENT) `box`
--
ALTER TABLE `box`
  MODIFY `id` int(3) UNSIGNED NOT NULL AUTO_INCREMENT, AUTO_INCREMENT=17;

--
-- 使用資料表自動遞增(AUTO_INCREMENT) `box_save_detail`
--
ALTER TABLE `box_save_detail`
  MODIFY `id` int(5) UNSIGNED NOT NULL AUTO_INCREMENT, AUTO_INCREMENT=87;

--
-- 使用資料表自動遞增(AUTO_INCREMENT) `box_save_main`
--
ALTER TABLE `box_save_main`
  MODIFY `id` int(5) UNSIGNED NOT NULL AUTO_INCREMENT, AUTO_INCREMENT=29;

--
-- 使用資料表自動遞增(AUTO_INCREMENT) `codes`
--
ALTER TABLE `codes`
  MODIFY `id` int(5) UNSIGNED NOT NULL AUTO_INCREMENT, AUTO_INCREMENT=5;

--
-- 使用資料表自動遞增(AUTO_INCREMENT) `feature_img`
--
ALTER TABLE `feature_img`
  MODIFY `id` int(10) UNSIGNED NOT NULL AUTO_INCREMENT, AUTO_INCREMENT=227;

--
-- 使用資料表自動遞增(AUTO_INCREMENT) `feature_like`
--
ALTER TABLE `feature_like`
  MODIFY `id` int(10) UNSIGNED NOT NULL AUTO_INCREMENT, AUTO_INCREMENT=305;

--
-- 使用資料表自動遞增(AUTO_INCREMENT) `feature_link`
--
ALTER TABLE `feature_link`
  MODIFY `id` int(10) UNSIGNED NOT NULL AUTO_INCREMENT, AUTO_INCREMENT=5;

--
-- 使用資料表自動遞增(AUTO_INCREMENT) `feature_list`
--
ALTER TABLE `feature_list`
  MODIFY `id` int(10) UNSIGNED NOT NULL AUTO_INCREMENT, AUTO_INCREMENT=66;

--
-- 使用資料表自動遞增(AUTO_INCREMENT) `feature_prep`
--
ALTER TABLE `feature_prep`
  MODIFY `id` int(10) UNSIGNED NOT NULL AUTO_INCREMENT, AUTO_INCREMENT=612;

--
-- 使用資料表自動遞增(AUTO_INCREMENT) `feature_save`
--
ALTER TABLE `feature_save`
  MODIFY `id` int(10) UNSIGNED NOT NULL AUTO_INCREMENT, AUTO_INCREMENT=204;

--
-- 使用資料表自動遞增(AUTO_INCREMENT) `feature_step`
--
ALTER TABLE `feature_step`
  MODIFY `id` int(10) UNSIGNED NOT NULL AUTO_INCREMENT, AUTO_INCREMENT=392;

--
-- 使用資料表自動遞增(AUTO_INCREMENT) `feature_view`
--
ALTER TABLE `feature_view`
  MODIFY `id` int(10) UNSIGNED NOT NULL AUTO_INCREMENT, AUTO_INCREMENT=1018;

--
-- 使用資料表自動遞增(AUTO_INCREMENT) `feature_week`
--
ALTER TABLE `feature_week`
  MODIFY `id` int(11) NOT NULL AUTO_INCREMENT, AUTO_INCREMENT=61;

--
-- 使用資料表自動遞增(AUTO_INCREMENT) `feature_weeklist`
--
ALTER TABLE `feature_weeklist`
  MODIFY `id` int(10) UNSIGNED NOT NULL AUTO_INCREMENT, AUTO_INCREMENT=55;

--
-- 使用資料表自動遞增(AUTO_INCREMENT) `feature_weekprep`
--
ALTER TABLE `feature_weekprep`
  MODIFY `id` int(10) UNSIGNED NOT NULL AUTO_INCREMENT, AUTO_INCREMENT=367;

--
-- 使用資料表自動遞增(AUTO_INCREMENT) `member`
--
ALTER TABLE `member`
  MODIFY `id` int(6) UNSIGNED NOT NULL AUTO_INCREMENT, AUTO_INCREMENT=17;

--
-- 使用資料表自動遞增(AUTO_INCREMENT) `order_detail_list`
--
ALTER TABLE `order_detail_list`
  MODIFY `id` int(4) NOT NULL AUTO_INCREMENT, AUTO_INCREMENT=23;

--
-- 使用資料表自動遞增(AUTO_INCREMENT) `order_main_list`
--
ALTER TABLE `order_main_list`
  MODIFY `id` int(4) NOT NULL AUTO_INCREMENT COMMENT '這就是訂單編號', AUTO_INCREMENT=14;

--
-- 使用資料表自動遞增(AUTO_INCREMENT) `private_comment`
--
ALTER TABLE `private_comment`
  MODIFY `id` int(10) UNSIGNED NOT NULL AUTO_INCREMENT, AUTO_INCREMENT=73;

--
-- 使用資料表自動遞增(AUTO_INCREMENT) `private_follow`
--
ALTER TABLE `private_follow`
  MODIFY `id` int(10) UNSIGNED NOT NULL AUTO_INCREMENT, AUTO_INCREMENT=23;

--
-- 使用資料表自動遞增(AUTO_INCREMENT) `private_ingred`
--
ALTER TABLE `private_ingred`
  MODIFY `id` int(10) UNSIGNED NOT NULL AUTO_INCREMENT, AUTO_INCREMENT=279;

--
-- 使用資料表自動遞增(AUTO_INCREMENT) `private_like`
--
ALTER TABLE `private_like`
  MODIFY `id` int(10) UNSIGNED NOT NULL AUTO_INCREMENT, AUTO_INCREMENT=103;

--
-- 使用資料表自動遞增(AUTO_INCREMENT) `private_recipe`
--
ALTER TABLE `private_recipe`
  MODIFY `id` int(10) UNSIGNED NOT NULL AUTO_INCREMENT, AUTO_INCREMENT=48;

--
-- 使用資料表自動遞增(AUTO_INCREMENT) `private_save`
--
ALTER TABLE `private_save`
  MODIFY `id` int(10) UNSIGNED NOT NULL AUTO_INCREMENT, AUTO_INCREMENT=204;

--
-- 使用資料表自動遞增(AUTO_INCREMENT) `private_step`
--
ALTER TABLE `private_step`
  MODIFY `id` int(5) UNSIGNED NOT NULL AUTO_INCREMENT, AUTO_INCREMENT=181;

--
-- 使用資料表自動遞增(AUTO_INCREMENT) `private_tags`
--
ALTER TABLE `private_tags`
  MODIFY `id` int(5) UNSIGNED NOT NULL AUTO_INCREMENT, AUTO_INCREMENT=82;

--
-- 使用資料表自動遞增(AUTO_INCREMENT) `private_view`
--
ALTER TABLE `private_view`
  MODIFY `id` int(10) UNSIGNED NOT NULL AUTO_INCREMENT, AUTO_INCREMENT=2069;

--
-- 使用資料表自動遞增(AUTO_INCREMENT) `product`
--
ALTER TABLE `product`
  MODIFY `id` int(6) UNSIGNED NOT NULL AUTO_INCREMENT, AUTO_INCREMENT=38;

--
-- 使用資料表自動遞增(AUTO_INCREMENT) `product_img`
--
ALTER TABLE `product_img`
  MODIFY `id` int(4) NOT NULL AUTO_INCREMENT, AUTO_INCREMENT=49;

--
-- 使用資料表自動遞增(AUTO_INCREMENT) `product_save`
--
ALTER TABLE `product_save`
  MODIFY `id` int(5) UNSIGNED NOT NULL AUTO_INCREMENT, AUTO_INCREMENT=101;
COMMIT;

/*!40101 SET CHARACTER_SET_CLIENT=@OLD_CHARACTER_SET_CLIENT */;
/*!40101 SET CHARACTER_SET_RESULTS=@OLD_CHARACTER_SET_RESULTS */;
/*!40101 SET COLLATION_CONNECTION=@OLD_COLLATION_CONNECTION */;
