-- phpMyAdmin SQL Dump
-- version 5.1.1
-- https://www.phpmyadmin.net/
--
-- 主機： 127.0.0.1
-- 產生時間： 2021-10-01 14:59:47
-- 伺服器版本： 10.4.19-MariaDB
-- PHP 版本： 8.0.7

SET SQL_MODE = "NO_AUTO_VALUE_ON_ZERO";
START TRANSACTION;
SET time_zone = "+00:00";


/*!40101 SET @OLD_CHARACTER_SET_CLIENT=@@CHARACTER_SET_CLIENT */;
/*!40101 SET @OLD_CHARACTER_SET_RESULTS=@@CHARACTER_SET_RESULTS */;
/*!40101 SET @OLD_COLLATION_CONNECTION=@@COLLATION_CONNECTION */;
/*!40101 SET NAMES utf8mb4 */;

--
-- 資料庫: `melees`
--

-- --------------------------------------------------------

--
-- 資料表結構 `feature_img`
--

CREATE TABLE `feature_img` (
  `id` int(10) UNSIGNED NOT NULL,
  `feature_id` int(10) UNSIGNED NOT NULL,
  `file_type` varchar(3000) CHARACTER SET utf8mb4 COLLATE utf8mb4_unicode_ci NOT NULL,
  `week_id` int(10) UNSIGNED DEFAULT NULL
) ENGINE=InnoDB DEFAULT CHARSET=utf8mb4;

--
-- 傾印資料表的資料 `feature_img`
--

INSERT INTO `feature_img` (`id`, `feature_id`, `file_type`, `week_id`) VALUES
(1, 1, 'type1-1.jpg', 2),
(2, 1, 'type1-2.jpg', 2),
(3, 2, 'type2-1.jpg', 7),
(4, 2, 'type2-2.jpg', 7),
(5, 3, 'type3-1.jpg', 5),
(6, 4, 'type4-1.jpg', 3),
(7, 4, 'type4-2.jpg', 3),
(8, 5, 'type5-1.jpg', NULL),
(9, 5, 'type5-2.jpg', NULL),
(10, 5, 'type5-3.jpg', NULL),
(11, 5, 'type5-4.jpg', NULL),
(12, 6, 'type6-1.jpg', 1),
(13, 6, 'type6-2.jpg', 1),
(14, 6, 'type6-3.jpg', 1),
(15, 7, 'type7-1.jpg', 8),
(16, 7, 'type7-2.jpg', 8),
(17, 8, 'type8-1.jpg', 3),
(18, 8, 'type8-2.jpg', 3),
(19, 8, 'type8-3.jpg', 3),
(20, 9, 'type9-1.jpg', 4),
(21, 9, 'type9-2.jpg', 4),
(22, 9, 'type9-3.jpg', 4),
(23, 10, 'type10-1.jpg', 1),
(24, 11, 'type11-1.jpg', 8),
(25, 11, 'type11-2.jpg', 8),
(26, 12, 'type12-1.jpg', 4),
(27, 13, 'type13-1.jpg', 1),
(28, 13, 'type13-2.jpg', 1),
(29, 14, 'type14-1.jpg', 5),
(30, 15, 'type15-1.jpg', 5),
(31, 16, 'type16-1.jpg', 5),
(32, 17, 'type17-1.jpg', 7),
(33, 18, 'type18-1.jpg', 9),
(34, 18, 'type18-2.jpg', 9),
(35, 19, 'type19-1.jpg', 9),
(36, 19, 'type19-2.jpg', 9),
(37, 19, 'type19-3.jpg', 9),
(38, 19, 'type19-4.jpg', 9),
(39, 20, 'type20-1.jpg', 3),
(40, 20, 'type20-2.jpg', 3),
(41, 21, 'type21-1.jpg', 3),
(42, 21, 'type21-2.jpg', 3),
(43, 21, 'type21-3.jpg', 3),
(44, 22, 'type22-1.jpg', 1),
(45, 22, 'type22-2.jpg', 1),
(46, 22, 'type22-3.jpg', 1),
(47, 23, 'type23-1.jpg', 10),
(48, 23, 'type23-2.jpg', 10),
(49, 23, 'type23-3.jpg', 10),
(50, 24, 'type24-1.jpg', NULL),
(51, 24, 'type24-2.jpg', NULL),
(52, 25, 'type25-1.jpg', 7),
(53, 25, 'type25-2.jpg', 7),
(54, 26, 'type26-1.jpg', 3),
(55, 26, 'type26-2.jpg', 3),
(56, 27, 'type27-1.jpg', 4),
(57, 27, 'type27-2.jpg', 4),
(58, 27, 'type27-3.jpg', 4),
(59, 28, 'type28-1.jpg', NULL),
(60, 28, 'type28-2.jpg', NULL),
(61, 28, 'type28-3.jpg', NULL),
(62, 29, 'type29-1.jpg', 5),
(63, 29, 'type29-2.jpg', 5),
(64, 30, 'type30-1.jpg', NULL),
(65, 30, 'type30-2.jpg', NULL),
(66, 31, 'type31-1.jpg', 8),
(67, 32, 'type32-1.jpg', NULL),
(68, 32, 'type32-2.jpg', NULL),
(69, 33, 'type33-1.jpg', NULL),
(70, 33, 'type33-2.jpg', NULL),
(71, 33, 'type33-3.jpg', NULL),
(72, 34, 'type34-1.jpg', NULL),
(73, 34, 'type34-2.jpg', NULL),
(74, 35, 'type35-1.jpg', 2),
(75, 36, 'type36-1.jpg', 5),
(76, 36, 'type36-2.jpg', 5),
(77, 36, 'type36-3.jpg', 5),
(78, 36, 'type36-4.jpg', 5),
(79, 36, 'type36-5.jpg', 5),
(80, 36, 'type36-6.jpg', 5),
(81, 36, 'type36-7.jpg', 5),
(82, 36, 'type36-8.jpg', 5),
(83, 36, 'type36-9.jpg', 5),
(84, 36, 'type36-10.jpg', 5),
(85, 37, 'type37-1.jpg', 4),
(86, 37, 'type37-2.jpg', 4),
(87, 37, 'type37-3.jpg', 4),
(88, 37, 'type37-4.jpg', 4),
(89, 37, 'type37-5.jpg', 4),
(90, 37, 'type37-6.jpg', 4),
(91, 37, 'type37-7.jpg', 4),
(92, 37, 'type37-8.jpg', 4),
(93, 37, 'type37-9.jpg', 4),
(94, 37, 'type37-10.jpg', 4),
(95, 38, 'type38-1.jpg', 9),
(96, 38, 'type38-2.jpg', 9),
(97, 38, 'type38-3.jpg', 9),
(98, 38, 'type38-4.jpg', 9),
(99, 38, 'type38-5.jpg', 9),
(100, 38, 'type38-6.jpg', 9),
(101, 38, 'type38-7.jpg', 9),
(102, 38, 'type38-8.jpg', 9),
(103, 38, 'type38-9.jpg', 9),
(104, 38, 'type38-10.jpg', 9),
(105, 39, 'type39-1.jpg', 7),
(106, 39, 'type39-2.jpg', 7),
(107, 40, 'type40-1.jpg', NULL),
(108, 40, 'type40-2.jpg', NULL),
(109, 40, 'type40-3.jpg', NULL),
(110, 40, 'type40-4.jpg', NULL),
(111, 40, 'type40-5.jpg', NULL),
(112, 40, 'type40-6.jpg', NULL),
(113, 40, 'type40-7.jpg', NULL),
(114, 41, 'type41-1.jpg', 6),
(115, 41, 'type41-2.jpg', 6),
(116, 41, 'type41-3.jpg', 6),
(117, 41, 'type41-4.jpg', 6),
(118, 41, 'type41-5.jpg', 6),
(119, 41, 'type41-6.jpg', 6),
(120, 41, 'type41-7.jpg', 6),
(121, 41, 'type41-8.jpg', 6),
(122, 41, 'type41-9.jpg', 6),
(123, 41, 'type41-10.jpg', 6),
(124, 42, 'type42-1.jpg', 4),
(125, 42, 'type42-2.jpg', 4),
(126, 42, 'type42-3.jpg', 4),
(127, 42, 'type42-4.jpg', 4),
(128, 42, 'type42-5.jpg', 4),
(129, 42, 'type42-6.jpg', 4),
(130, 42, 'type42-7.jpg', 4),
(131, 42, 'type42-8.jpg', 4),
(132, 42, 'type42-9.jpg', 4),
(133, 43, 'type43-1.jpg', 6),
(134, 43, 'type43-2.jpg', 6),
(135, 43, 'type43-3.jpg', 6),
(136, 43, 'type43-4.jpg', 6),
(137, 43, 'type43-5.jpg', 6),
(138, 43, 'type43-6.jpg', 6),
(139, 43, 'type43-7.jpg', 6),
(140, 43, 'type43-8.jpg', 6),
(141, 43, 'type43-9.jpg', 6),
(142, 43, 'type43-10.jpg', 6),
(143, 44, 'type44-1.jpg', 6),
(144, 44, 'type44-2.jpg', 6),
(145, 44, 'type44-3.jpg', 6),
(146, 44, 'type44-4.jpg', 6),
(147, 44, 'type44-5.jpg', 6),
(148, 44, 'type44-6.jpg', 6),
(149, 44, 'type44-7.jpg', 6),
(150, 44, 'type44-8.jpg', 6),
(151, 44, 'type44-9.jpg', 6),
(152, 45, 'type45-1.jpg', 2),
(153, 45, 'type45-2.jpg', 2),
(154, 45, 'type45-3.jpg', 2),
(155, 45, 'type45-4.jpg', 2),
(156, 45, 'type45-5.jpg', 2),
(157, 45, 'type45-6.jpg', 2),
(158, 45, 'type45-7.jpg', 2),
(159, 45, 'type45-8.jpg', 2),
(160, 45, 'type45-9.jpg', 2),
(161, 46, 'type46-1.jpg', NULL),
(162, 46, 'type46-2.jpg', NULL),
(163, 46, 'type46-3.jpg', NULL),
(164, 46, 'type46-4.jpg', NULL),
(165, 46, 'type46-5.jpg', NULL),
(166, 46, 'type46-6.jpg', NULL),
(167, 46, 'type46-7.jpg', NULL),
(168, 46, 'type46-8.jpg', NULL),
(169, 46, 'type46-9.jpg', NULL),
(170, 47, 'type47-1.jpg', 10),
(171, 47, 'type47-2.jpg', 10),
(172, 47, 'type47-3.jpg', 10),
(173, 47, 'type47-4.jpg', 10),
(174, 47, 'type47-5.jpg', 10),
(175, 47, 'type47-6.jpg', 10),
(176, 47, 'type47-7.jpg', 10),
(177, 47, 'type47-8.jpg', 10),
(178, 47, 'type47-9.jpg', 10),
(179, 47, 'type47-10.jpg', 10),
(180, 48, 'type48-1.jpg', NULL),
(181, 48, 'type48-2.jpg', NULL),
(182, 49, 'type49-1.jpg', NULL),
(183, 49, 'type49-2.jpg', NULL),
(184, 49, 'type49-3.jpg', NULL),
(185, 49, 'type49-4.jpg', NULL),
(186, 49, 'type49-5.jpg', NULL),
(187, 49, 'type49-6.jpg', NULL),
(188, 49, 'type49-7.jpg', NULL),
(189, 50, 'type50-1.jpg', 10),
(190, 50, 'type50-2.jpg', 10),
(191, 51, 'type51-1.jpg', 1),
(192, 51, 'type51-2.jpg', 1),
(193, 51, 'type51-3.jpg', 1),
(194, 52, 'type52-1.jpg', 2),
(195, 52, 'type52-2.jpg', 2),
(196, 52, 'type52-3.jpg', 2),
(197, 52, 'type52-4.jpg', 2),
(198, 53, 'type53-1.jpg', 2),
(199, 53, 'type53-2.jpg', 2),
(200, 53, 'type53-3.jpg', 2),
(201, 53, 'type53-4.jpg', 2),
(202, 54, 'type54-1.jpg', 10),
(203, 54, 'type54-2.jpg', 10),
(204, 54, 'type54-3.jpg', 10),
(205, 54, 'type54-4.jpg', 10),
(206, 55, 'type55-1.jpg', 9),
(207, 55, 'type55-2.jpg', 9),
(208, 56, 'type56-1.jpg', 10),
(209, 56, 'type56-2.jpg', 10),
(210, 56, 'type56-3.jpg', 10),
(211, 57, 'type57-1.jpg', 5),
(212, 58, 'type58-1.jpg', 5),
(213, 59, 'type59-1.jpg', 6),
(214, 59, 'type59-2.jpg', 6),
(215, 60, 'type60-1.jpg', 6),
(216, 60, 'type60-2.jpg', 6),
(217, 61, 'type61-1.jpg', 7),
(218, 62, 'type62-1.jpg', 7),
(219, 62, 'type62-2.jpg', 7),
(220, 62, 'type62-3.jpg', 7),
(221, 63, 'type63-1.jpg', 8),
(222, 63, 'type63-2.jpg', 8),
(223, 64, 'type64-1.jpg', 8),
(224, 64, 'type64-2.jpg', 8),
(225, 65, 'type65-1.jpg', 9),
(226, 66, 'type65-2.jpg', NULL);

-- --------------------------------------------------------

--
-- 資料表結構 `feature_like`
--

CREATE TABLE `feature_like` (
  `id` int(10) UNSIGNED NOT NULL,
  `feature_id` int(10) UNSIGNED NOT NULL,
  `member_id` int(10) UNSIGNED NOT NULL
) ENGINE=InnoDB DEFAULT CHARSET=utf8mb4;

--
-- 傾印資料表的資料 `feature_like`
--

INSERT INTO `feature_like` (`id`, `feature_id`, `member_id`) VALUES
(7, 51, 1),
(8, 26, 5),
(9, 17, 3),
(10, 1, 2);

-- --------------------------------------------------------

--
-- 資料表結構 `feature_link`
--

CREATE TABLE `feature_link` (
  `id` int(10) UNSIGNED NOT NULL,
  `link` varchar(1000) CHARACTER SET utf8mb4 COLLATE utf8mb4_unicode_ci NOT NULL,
  `name` varchar(1000) CHARACTER SET utf8mb4 COLLATE utf8mb4_unicode_ci NOT NULL,
  `img` varchar(1000) CHARACTER SET utf8mb4 COLLATE utf8mb4_unicode_ci NOT NULL
) ENGINE=InnoDB DEFAULT CHARSET=utf8mb4;

--
-- 傾印資料表的資料 `feature_link`
--

INSERT INTO `feature_link` (`id`, `link`, `name`, `img`) VALUES
(1, 'https://www.instagram.com/lonyo63/', '謝戎宥- LON YO', 'link01.jpg'),
(2, 'https://www.instagram.com/dulahoop12/', '便當調色盤 | Della & Joey', 'link02.jpeg'),
(3, 'https://www.instagram.com/rachel_cookinglife/', '瑞丘※便當飲食日記※', 'link03.jpeg'),
(4, 'https://www.instagram.com/e.g.kitchen/', '大象發福廚房', 'link04.jpg');

-- --------------------------------------------------------

--
-- 資料表結構 `feature_list`
--

CREATE TABLE `feature_list` (
  `id` int(10) UNSIGNED NOT NULL,
  `type_id` int(10) UNSIGNED NOT NULL,
  `name` varchar(1000) CHARACTER SET utf8mb4 COLLATE utf8mb4_unicode_ci NOT NULL,
  `qty` varchar(2000) CHARACTER SET utf8mb4 COLLATE utf8mb4_unicode_ci NOT NULL,
  `link_id` int(10) UNSIGNED NOT NULL,
  `create_date` date NOT NULL,
  `valid` tinyint(3) UNSIGNED NOT NULL DEFAULT 1
) ENGINE=InnoDB DEFAULT CHARSET=utf8mb4;

--
-- 傾印資料表的資料 `feature_list`
--

INSERT INTO `feature_list` (`id`, `type_id`, `name`, `qty`, `link_id`, `create_date`, `valid`) VALUES
(1, 1, '番茄雞肉筆管麵', '1', 2, '2021-06-01', 1),
(2, 1, '巴薩米克醋鮭魚炒飯', '2', 2, '2021-06-02', 1),
(3, 1, '鮮蔬厚切雞肉三明治', '1', 1, '2021-06-03', 1),
(4, 1, '蒜香海鮮筆管麵', '1', 2, '2021-06-04', 1),
(5, 1, '香煎菲力牛排', '1', 3, '2021-06-05', 1),
(6, 1, '蔥鹽牛肉玉米拌飯', '2', 2, '2021-06-06', 1),
(7, 1, '高麗菜炒嫩雞片', '2', 2, '2021-06-07', 1),
(8, 1, '味噌雞丁蛋炒飯', '2', 2, '2021-06-08', 1),
(9, 1, '泡菜肉捲', '1', 2, '2021-06-09', 1),
(10, 1, '香煎午仔魚排便當', '1', 1, '2021-06-10', 1),
(11, 1, '檸檬鮭魚炒飯', '2', 2, '2021-06-11', 1),
(12, 1, '鮭魚鮮蝦溫沙拉', '1', 1, '2021-06-12', 1),
(13, 1, '松露蝦仁滑蛋飯', '2', 2, '2021-06-13', 1),
(14, 1, '焗烤蕃茄', '1', 2, '2021-06-15', 1),
(15, 1, '嫩烤雞胸', '1', 2, '2021-06-16', 1),
(16, 1, '松露野菇烤時蔬', '1', 2, '2021-06-17', 1),
(17, 1, '醋溜馬鈴薯', '2', 2, '2021-06-18', 1),
(18, 1, '蔥鹽高麗菜肉捲', '1', 2, '2021-08-03', 1),
(19, 2, '時蔬地瓜煎餅', '2', 2, '2021-06-02', 1),
(20, 2, '皮蛋蔬菜粥', '1', 2, '2021-06-21', 1),
(21, 2, '五目炊飯', '2', 2, '2021-06-22', 1),
(22, 2, '綜合野菇義大利麵', '2', 2, '2021-06-23', 1),
(23, 2, '豆皮涼麵', '1', 2, '2021-06-24', 1),
(24, 2, '黑胡椒新豬肉鑲豆腐', '2', 2, '2021-06-25', 1),
(25, 2, '新豬肉韓式拌飯', '2', 2, '2021-06-26', 1),
(26, 2, '番茄雞蛋麵疙瘩', '2', 2, '2021-06-27', 1),
(27, 2, '野菇時蔬鹹派', '2', 2, '2021-06-28', 1),
(28, 2, '三杯蒟蒻杏鮑菇', '2', 2, '2021-06-29', 1),
(29, 2, '豆乳燉菜', '2', 2, '2021-06-30', 1),
(30, 2, '剝皮辣椒味噌新豬肉', '2', 2, '2021-07-01', 1),
(31, 2, '起司菠菜蘑菇烘蛋', '2', 2, '2021-07-02', 1),
(32, 2, '麻婆豆腐', '2', 2, '2021-07-03', 1),
(33, 2, '香菇鑲新豬肉', '2', 2, '2021-07-04', 1),
(34, 2, '可樂餅', '2', 2, '2021-07-05', 1),
(35, 2, '素炸醬麵', '2', 2, '2021-08-04', 1),
(36, 3, '蒜香金沙蝦仁炒飯', '1', 4, '2021-07-07', 1),
(37, 3, '泡菜月見牛筋牛肉丼', '1', 4, '2021-07-08', 1),
(38, 3, '壽喜燒烏龍麵', '1', 4, '2021-07-09', 1),
(39, 3, '剝皮辣椒牛肉炒飯', '2', 2, '2021-07-10', 1),
(40, 3, '香菇瓜仔雞湯', '1', 4, '2021-07-11', 1),
(41, 3, '黃金照燒雞腿排', '1', 4, '2021-07-12', 1),
(42, 3, '電鍋日式咖哩雞', '6', 4, '2021-07-13', 1),
(43, 3, '沙茶羊肉炒麵', '2', 4, '2021-07-14', 1),
(44, 3, '番茄雞蛋麵', '2', 4, '2021-07-15', 1),
(45, 3, '三杯雞', '4', 4, '2021-07-16', 1),
(46, 3, '滑蛋蝦仁', '2', 4, '2021-07-17', 1),
(47, 3, '家常蔥燒雞', '2', 4, '2021-07-18', 1),
(48, 3, '老皮嫩肉', '2', 4, '2021-07-19', 1),
(49, 3, '薑絲大腸', '2', 4, '2021-07-20', 1),
(50, 3, '馬鈴薯燉肉', '1', 3, '2021-07-21', 1),
(51, 3, '蒜香蛤蜊炒烏龍', '1', 2, '2021-07-22', 1),
(52, 3, '蛋黃豆腐白醬蛤蜊雞肉燉飯', '2', 2, '2021-07-23', 1),
(53, 3, '金沙奶香鮮蝦燉飯', '1', 2, '2021-07-24', 1),
(54, 3, '豆漿雞湯拉麵', '2', 2, '2021-07-25', 1),
(55, 3, '特製海鮮拌飯', '3', 2, '2021-07-26', 1),
(56, 3, '嫩蛋海鮮燴飯', '2', 2, '2021-07-27', 1),
(57, 3, '鹽烤松板豬', '1', 2, '2021-07-28', 1),
(58, 3, '蒜味奶油金針菇', '1', 2, '2021-07-29', 1),
(59, 3, '乾燒蝦仁', '2', 2, '2021-07-30', 1),
(60, 3, '香煎檸檬雞', '2', 2, '2021-07-31', 1),
(61, 3, '絲瓜雞肉餅', '2', 2, '2021-08-01', 1),
(62, 3, '蒜炒鮪魚雞肉義大利麵', '2', 2, '2021-08-02', 1),
(63, 3, '鮮蝦雞肉排', '2', 2, '2021-06-19', 1),
(64, 3, '腐乳味噌豆瓣烤雞', '2', 2, '2021-07-06', 1),
(65, 3, '腐乳燉肉', '5', 2, '2021-08-05', 1);

-- --------------------------------------------------------

--
-- 資料表結構 `feature_prep`
--

CREATE TABLE `feature_prep` (
  `id` int(10) UNSIGNED NOT NULL,
  `feature_id` int(100) UNSIGNED NOT NULL,
  `prep` varchar(2000) CHARACTER SET utf8mb4 COLLATE utf8mb4_unicode_ci DEFAULT NULL,
  `unit` varchar(2000) CHARACTER SET utf8mb4 COLLATE utf8mb4_unicode_ci DEFAULT NULL
) ENGINE=InnoDB DEFAULT CHARSET=utf8mb4;

--
-- 傾印資料表的資料 `feature_prep`
--

INSERT INTO `feature_prep` (`id`, `feature_id`, `prep`, `unit`) VALUES
(1, 1, '雞里肌', '150g'),
(2, 1, '筆管麵', '100g'),
(3, 1, '牛番茄', '1顆'),
(4, 1, '小番茄', '7-8顆'),
(5, 1, '蒜頭', '15g'),
(6, 1, '洋蔥', '1/4顆'),
(7, 1, '玉米筍', '2-3根'),
(8, 1, '蘑菇', '6-7粒'),
(9, 1, '雞高湯', '250g'),
(10, 1, '月桂葉', '1-2片'),
(11, 1, '羅勒', '適量'),
(12, 1, '黑胡椒', '適量'),
(13, 1, '橄欖油', '適量'),
(14, 2, '白飯', '350g'),
(15, 2, '鮭魚', '200g'),
(16, 2, '蘑菇', '4-5朵'),
(17, 2, '鴻禧菇', '1/2包'),
(18, 2, '日本甜蔥', '1根'),
(19, 2, '洋蔥', '1/4顆'),
(20, 2, '玉米筍', '2-3根'),
(21, 2, '蒜頭', '20g'),
(22, 2, '巴薩米克醋', '2大匙'),
(23, 2, '香料鹽', '1.5小匙'),
(24, 2, '黑胡椒', '適量'),
(25, 2, '橄欖油', '適量'),
(26, 3, '雞腿肉', ''),
(27, 3, '吐司', ''),
(28, 3, '橄欖油', '適量'),
(29, 3, '奶油', ''),
(30, 3, '蛋', ''),
(31, 3, '豌豆苗', ''),
(32, 3, '蕃茄', ''),
(33, 3, '洋蔥', ''),
(34, 4, '蘆筍', '45g'),
(35, 4, '紅蘿蔔', '10g'),
(36, 4, '筆管麵', '100g'),
(37, 4, '高湯', '250g'),
(38, 4, '蝦子', '6隻'),
(39, 4, '透抽', '100g'),
(40, 4, '蒜頭', '25g'),
(41, 4, '鹽巴', '適量'),
(42, 4, '黑胡椒', '適量'),
(43, 5, '牛排', ''),
(44, 5, '鹽巴', '適量'),
(45, 5, '黑胡椒', '適量'),
(46, 5, '蛋', ''),
(47, 5, '無水奶油', ''),
(48, 5, '初榨橄欖油', '適量'),
(49, 5, '巴薩米克醋', '適量'),
(50, 5, '起士粉', ''),
(51, 5, '芥末子醬', ''),
(52, 5, '萵苣', ''),
(53, 6, '牛肉片', '120g'),
(54, 6, '玉米', '60g'),
(55, 6, '青蔥', '70g'),
(56, 6, '鹽巴', '1/2小匙'),
(57, 6, '黑胡椒', '適量'),
(58, 6, '白飯', '250g'),
(59, 6, '鹽巴', '1/4小匙'),
(60, 6, '黑胡椒', '適量'),
(61, 6, '米酒', '1/2大匙'),
(62, 6, '醬油', '1小匙'),
(63, 6, '太白粉', '1/4小匙'),
(64, 7, '高麗菜', '150g'),
(65, 7, '雞胸肉', '200g'),
(66, 7, '無水奶油', '1大匙'),
(67, 7, '蒜頭', '20g'),
(68, 7, '黑胡椒', '適量'),
(69, 7, '醬油', '適量'),
(70, 7, '鹽巴', '適量'),
(71, 7, '糖', '適量'),
(72, 8, '白飯', '200g'),
(73, 8, '雞胸肉', '150g'),
(74, 8, '雞蛋', '2顆'),
(75, 8, '蔥', '1根'),
(76, 8, '紅蘿蔔', '20g'),
(77, 8, '蒜頭', '15g'),
(78, 8, '香菇', '2朵'),
(79, 8, '蘆筍', '2根'),
(80, 8, '味噌', '1.5大匙'),
(81, 8, '日式醬油', '1大匙'),
(82, 8, '米酒', '1大匙'),
(83, 8, '鹽巴', '適量'),
(84, 8, '黑胡椒', '適量'),
(85, 9, '豬肉片', '150g'),
(86, 9, '泡菜', '50g'),
(87, 9, '鰹魚醬油', '1大匙'),
(88, 9, '橄欖油', '少許'),
(89, 10, '蛋', ''),
(90, 10, '午仔魚', ''),
(91, 10, '橄欖油', '適量'),
(92, 10, '木耳', ''),
(93, 10, '芹菜', ''),
(94, 10, '鹽巴', '適量'),
(95, 10, '菠菜', ''),
(96, 11, '鮭魚', '200g'),
(97, 11, '米飯', '350g'),
(98, 11, '雞蛋', '2顆'),
(99, 11, '蘑菇', '4顆'),
(100, 11, '紅蘿蔔', '30g'),
(101, 11, '青蔥', '1根'),
(102, 11, '玉米筍', '3根'),
(103, 11, '蒜頭', '4瓣'),
(104, 11, '無水奶油', '2大匙'),
(105, 11, '檸檬汁', '15g'),
(106, 11, '黑胡椒', '適量'),
(107, 11, '鹽巴', '1.5小匙'),
(108, 11, '蝦子', ''),
(109, 12, '鮭魚', ''),
(110, 12, '鹽巴', '適量'),
(111, 12, '橄欖油', '適量'),
(112, 12, '花椰菜', ''),
(113, 12, '玉米筍', ''),
(114, 12, '木耳', ''),
(115, 13, '蝦子', '約10隻'),
(116, 13, '雞蛋', '3顆'),
(117, 13, '蔥', '1根'),
(118, 13, '蒜頭', '2瓣'),
(119, 13, '開水', '80g'),
(120, 13, '松露醬', '1大匙'),
(121, 13, '蠔油', '1大匙'),
(122, 13, '白胡椒', '適量'),
(123, 13, '鹽巴', '1/8小匙'),
(124, 13, '白胡椒', '適量'),
(125, 13, '香油', '1/2小匙'),
(126, 13, '太白粉', '1/2小匙'),
(127, 13, '太白粉', '1/3大匙'),
(128, 13, '開水', '1/3大匙'),
(129, 14, '牛番茄', '1顆'),
(130, 14, '黑胡椒', '適量'),
(131, 14, '起司絲', '適量'),
(132, 15, '雞胸肉', '1付'),
(133, 15, '鹽巴', '1小匙'),
(134, 15, '黑胡椒', '適量'),
(135, 15, '洋蔥粉', '1大匙'),
(136, 16, '青花菜', '1/3顆'),
(137, 16, '蒜頭', '1瓣'),
(138, 16, '鴻禧菇', '1/2包'),
(139, 16, '玉米筍', '1/2盒'),
(140, 16, '黑胡椒', '適量'),
(141, 16, '鹽巴', '適量'),
(142, 16, '橄欖油', '1大匙'),
(143, 16, '巴薩米克醋', '適量'),
(144, 17, '巴薩米克醋', '1大匙'),
(145, 17, '馬鈴薯', '1顆'),
(146, 17, '蒜頭', '3瓣'),
(147, 17, '鹽巴', '1/2小匙'),
(148, 18, '梅花燒烤片', '200g'),
(149, 18, '青蔥', '40g'),
(150, 18, '薑', '10g'),
(151, 18, '高麗菜', '1/6顆'),
(152, 18, '米酒', '2大匙'),
(153, 18, '鹽巴', '1/2小匙'),
(154, 19, '地瓜', '150g'),
(155, 19, '紅蘿蔔', '50g'),
(156, 19, '高麗菜', '80g'),
(157, 19, '麵粉', '6大匙'),
(158, 19, '開水', '3大匙'),
(159, 19, '雞蛋', '1顆'),
(160, 19, '鹽巴', '1小匙'),
(161, 19, '黑胡椒', '適量'),
(162, 19, '巴薩米可醋', '1/2大匙'),
(163, 19, '醬油', '1大匙'),
(164, 19, '蜂蜜', '1大匙'),
(165, 19, '蒜泥', '1小匙'),
(166, 20, '高麗菜', '1/4顆'),
(167, 20, '紅蘿蔔', '半根'),
(168, 20, '皮蛋', '一顆'),
(169, 20, '鹹蛋', '一顆'),
(170, 20, '美姬菇', '去除根部切小'),
(171, 20, '玉米粒', '一些'),
(172, 20, '青蔥', '適量'),
(173, 20, '白米', '一碗'),
(174, 20, '雞蛋', '一顆'),
(175, 20, '白胡椒', '適量'),
(176, 20, '鹽巴', '適量'),
(177, 21, '生豆包', '130g'),
(178, 21, '金針菇', '一包'),
(179, 21, '紅蘿蔔', '85g'),
(180, 21, '木耳', '80g'),
(181, 21, '四季豆', '80g'),
(182, 21, '乾香菇', '三朵'),
(183, 21, '蒟蒻', '100g'),
(184, 21, '白米', '400g'),
(185, 21, '開水', '適量'),
(186, 21, '香菇水', '適量'),
(187, 21, '醬油', '適量'),
(188, 21, '鹽巴', '適量'),
(189, 22, '鴻禧菇', '1包'),
(190, 22, '乾香菇', '4朵'),
(191, 22, '蘑菇', '1盒'),
(192, 22, '洋蔥', '1/4顆'),
(193, 22, '蒜頭', '3-4瓣'),
(194, 22, '義大利麵', '約200g'),
(195, 22, '奶油', '20g'),
(196, 22, '醬油', '2大匙'),
(197, 22, '巴薩米克醋', '適量'),
(198, 23, '麵條', '麵條1份'),
(199, 23, '雞蛋', '1顆'),
(200, 23, '紅蘿蔔', '20g'),
(201, 23, '櫛瓜', '20g'),
(202, 23, '生豆包', '1塊'),
(203, 23, '杏鮑菇', '1根'),
(204, 23, '腰果醬', '2大匙'),
(205, 23, '醬油', '1大匙'),
(206, 23, '花椒油', '1大匙'),
(207, 23, '烏醋', '1大匙'),
(208, 23, '蒜泥', '1大匙'),
(209, 23, '糖', '1小匙'),
(210, 23, '開水', '1大匙'),
(211, 24, '板豆腐', '一盒'),
(212, 24, '新豬肉', '半包'),
(213, 24, '乾香菇', '菇兩朵'),
(214, 24, '洋蔥', '1/4顆'),
(215, 24, '薑', '3g'),
(216, 24, '蠔油', '1.5大匙'),
(217, 24, '黑胡椒', '黑胡椒'),
(218, 24, '奶油', '一小塊'),
(219, 25, '紅蘿蔔', '半根'),
(220, 25, '四季豆', '約5-6根'),
(221, 25, '鴻禧菇', '1包'),
(222, 25, '雞蛋', '2顆'),
(223, 25, '新豬肉', '半包'),
(224, 25, '洋蔥', '半顆'),
(225, 25, '蒜頭', '2瓣'),
(226, 25, '蒜泥', '約2瓣份量'),
(227, 25, '韓式辣醬', '2大匙'),
(228, 25, '味醂', '1大匙'),
(229, 25, '醬油', '1大匙'),
(230, 25, '米酒', '2大匙'),
(231, 25, '糖', '1小匙'),
(232, 26, '中筋麵粉', '250g'),
(233, 26, '鹽巴', '一小搓'),
(234, 26, '熱水', '約150g'),
(235, 26, '橄欖油', '少許'),
(236, 26, '醬油', '適量'),
(237, 26, '黑胡椒', '適量'),
(238, 26, '糖', '適量'),
(239, 26, '番茄', ''),
(240, 26, '鴻禧菇', '一顆'),
(241, 26, '四季豆', '一包'),
(242, 27, '洋蔥', '一顆'),
(243, 27, '美白菇', '半包'),
(244, 27, '紅蘿蔔', '半根'),
(245, 27, '新豬肉', '半包'),
(246, 27, '豆皮', '四塊'),
(247, 27, '蛋', '三顆'),
(248, 27, '牛奶', '50ml'),
(249, 27, '鮮奶油', '40ml'),
(250, 27, '酥皮', '四塊'),
(251, 28, '蒟蒻', '300g'),
(252, 28, '杏鮑菇', '120g'),
(253, 28, '薑', '6-8片'),
(254, 28, '蒜頭', '2瓣'),
(255, 28, '九層塔', '1把'),
(256, 28, '醬油', '2大匙'),
(257, 28, '素蠔油', '1大匙'),
(258, 28, '砂糖', '3小匙'),
(259, 28, '麻油', '2大匙'),
(260, 28, '米酒', '3大匙'),
(261, 29, '馬鈴薯', '約80g'),
(262, 29, '紅蘿蔔', '80g'),
(263, 29, '青花菜', '100g'),
(264, 29, '蘑菇', '5朵'),
(265, 29, '甜椒', '100g'),
(266, 29, '洋蔥', '1/2顆'),
(267, 29, '玉米筍', '3根'),
(268, 29, '南瓜', '100g'),
(269, 29, '開水(或高湯)', '300g'),
(270, 29, '豆乳', '500g'),
(271, 29, '黑胡椒', '適量'),
(272, 29, '鹽巴', '2小匙'),
(273, 30, '新豬肉', '一包'),
(274, 30, '杏鮑菇', '4根'),
(275, 30, '剝皮辣椒', '5-6根'),
(276, 30, '剝皮辣椒湯汁', '四大匙'),
(277, 30, '黑胡椒', '適量'),
(278, 30, '味噌', '一大匙'),
(279, 30, '醬油', '適量'),
(280, 31, '蘑菇', '約15顆'),
(281, 31, '甜菠菜', '一包'),
(282, 31, '雞蛋', '三顆'),
(283, 31, '起司絲', '適量'),
(284, 31, '黑胡椒', '適量'),
(285, 31, '鹽巴', '適量'),
(286, 32, '嫩豆腐', '一盒'),
(287, 32, '杏鮑菇', '四條'),
(288, 32, '金針菇', '一包'),
(289, 32, '花椒粒', '一大匙'),
(290, 32, '蔥', '一根'),
(291, 32, '蒜頭', '兩瓣'),
(292, 32, '薑', '一小塊'),
(293, 32, '豆瓣醬', '兩大匙'),
(294, 32, '醬油', '一大匙'),
(295, 32, '香油', '適量'),
(296, 33, '新豬肉', '半包'),
(297, 33, '香菇', '四顆'),
(298, 33, '高麗菜', '約4葉'),
(299, 33, '咖喱粉', '適量'),
(300, 33, '黑胡椒', '適量'),
(301, 33, '鹽巴', '適量'),
(302, 34, '洋蔥', '半顆'),
(303, 34, '玉米', '半根'),
(304, 34, '洋菇', '約20顆'),
(305, 34, '牛奶', '約100ml'),
(306, 34, '麵包粉', '適量'),
(307, 34, '麵粉', '適量'),
(308, 34, '雞蛋', '一顆'),
(309, 34, '黑胡椒', '適量'),
(310, 34, '鹽巴', '適量'),
(311, 35, '麵', '兩份'),
(312, 35, '小黃瓜', '一根'),
(313, 35, '雞蛋', '兩顆'),
(314, 35, '紅蘿蔔', '半根'),
(315, 35, '蔥', '一根'),
(316, 35, '洋蔥', '半顆'),
(317, 35, '蒜頭', '兩瓣'),
(318, 35, '薑', '一小塊'),
(319, 35, '大豆乾', '一塊'),
(320, 35, '杏鮑菇', '兩根'),
(321, 35, '豆瓣醬', '一大匙'),
(322, 35, '甜麵醬', '一大匙'),
(323, 35, '醬油', '適量'),
(324, 35, '白胡椒', '適量'),
(325, 35, '糖', '適量'),
(326, 36, '煮熟好的飯2碗', ''),
(327, 36, '蝦仁', '12隻(依家境增減)'),
(328, 36, '鹹鴨蛋蛋黃', '3顆'),
(329, 36, '雞蛋黃', '2顆'),
(330, 36, '蔥', '2支'),
(331, 36, '蒜頭', '6瓣'),
(332, 36, '米酒', '1/2大匙'),
(333, 36, '鹽', '1/4小匙'),
(334, 36, '鹽', '1/2小匙'),
(335, 36, '糖', '1/4小匙'),
(336, 37, '嫩肩里肌筋膜及牛肉', '750克'),
(337, 37, '薑片', '3片'),
(338, 37, '蔥', '3支'),
(339, 37, '醬油', '150cc'),
(340, 37, '味醂', '150cc'),
(341, 37, '米酒', '150cc'),
(342, 37, '水', '600cc'),
(343, 37, '糖、鰹魚粉', '1/2大匙'),
(344, 38, '冷凍讚岐烏龍麵', '1包'),
(345, 38, '大蔥', '1支'),
(346, 38, '火鍋牛肉片', '6-8片'),
(347, 38, '金針菇', '1/2包'),
(348, 38, '板豆腐', '1/2盒'),
(349, 38, '香菇', '3朵'),
(350, 38, '水', '300cc'),
(351, 38, '醬油', '3大匙'),
(352, 38, '米酒', '3大匙'),
(353, 38, '味醂', '1.5大匙'),
(354, 38, '鰹魚粉', '1/4小匙'),
(355, 39, '紅蘿蔔', '1/2根'),
(356, 39, '洋蔥', '1/4顆'),
(357, 39, '高麗菜', '100g'),
(358, 39, '雞蛋', '2顆'),
(359, 39, '玉米筍', '4根'),
(360, 39, '青蔥', '15g'),
(361, 39, '牛肉', '160g'),
(362, 39, '白飯', '350g'),
(363, 39, '蒜頭', '150g'),
(364, 39, '剝皮辣椒', '50g(5-6根)'),
(365, 39, '醬油', '適量'),
(366, 39, '米酒', '1小匙'),
(367, 39, '白胡椒', '適量'),
(368, 40, '大茂黑瓜', '1罐（190克）'),
(369, 40, '仿土雞腿', '1支（600克）'),
(370, 40, '乾香菇', '6-8朵'),
(371, 40, '薑片', '2片'),
(372, 40, '米酒', '50cc'),
(373, 40, '水', '650cc'),
(374, 40, '鹽', '1/4小匙'),
(375, 41, '白飯', '一碗'),
(376, 41, '去骨雞腿排', '1片'),
(377, 41, '花椰菜', ''),
(378, 41, '黃金泡菜', '40克'),
(379, 41, '醬油', '1.5大匙'),
(380, 41, '味醂', '1.5大匙'),
(381, 41, '米酒', '1.5大匙'),
(382, 42, '佛蒙特咖哩塊', '1盒'),
(383, 42, '全聯去骨雞腿排', '1盒'),
(384, 42, '洋蔥', '1顆'),
(385, 42, '馬鈴薯', '2顆'),
(386, 42, '雪白菇', '1包'),
(387, 43, '油麵', '300克'),
(388, 43, '羊肉火鍋肉片', '180克'),
(389, 43, '空心菜', '1大把'),
(390, 43, '水', '150cc'),
(391, 43, '蒜頭', '5瓣'),
(392, 43, '小辣椒', '1根'),
(393, 43, '沙茶醬', '1.5大匙'),
(394, 43, '醬油膏', '1.5大匙'),
(395, 43, '米酒', '1大匙'),
(396, 43, '烏醋', '1小匙'),
(397, 43, '白胡椒粉', '1/4小匙'),
(398, 43, '香油', '1/4小匙'),
(399, 43, '鹽', '1/4小匙'),
(400, 43, '糖', '1/4小匙'),
(401, 43, '醬油', '1大匙'),
(402, 43, '米酒', '1大匙'),
(403, 43, '糖', '1/4小匙'),
(404, 43, '白胡椒粉', '1/4小匙'),
(405, 43, '玉米粉', '1小匙(可省)'),
(406, 44, '牛番茄', '2顆'),
(407, 44, '蛋', '3顆'),
(408, 44, '蔥', '2根'),
(409, 44, '蒜頭', '2顆'),
(410, 44, '醬油', '1大匙'),
(411, 44, '鹽', '1/4小匙'),
(412, 44, '白胡椒粉', '1/8小匙'),
(413, 44, '糖', '1/4小匙'),
(414, 44, '香油', '1/2小匙'),
(415, 45, '去骨仿土雞雞腿排', '1支（600克）'),
(416, 45, '老薑片', '10片'),
(417, 45, '蒜頭', '6顆'),
(418, 45, '辣椒', '3根'),
(419, 45, '九層塔', '適量'),
(420, 45, '醬油', '2大匙'),
(421, 45, '米酒', '1大匙'),
(422, 45, '糖', '1/2大匙'),
(423, 45, '胡麻油', '2大匙'),
(424, 45, '醬油膏or蠔油', '2大匙'),
(425, 45, '米酒', '3大匙'),
(426, 45, '冰糖', '1小匙'),
(427, 46, '蝦仁', '15隻'),
(428, 46, '蛋', '5顆'),
(429, 46, '蔥', '2根'),
(430, 46, '蒜頭', '2瓣'),
(431, 46, '醬油', '1/2大匙'),
(432, 46, '米酒', '1大匙'),
(433, 46, '鹽', '1/2小匙'),
(434, 46, '玉米粉', '1/2小匙'),
(435, 47, '去骨雞腿排', '400克'),
(436, 47, '蔥', '6根'),
(437, 47, '蒜頭', '2瓣'),
(438, 47, '薑片', '2片'),
(439, 47, '小辣椒', '1/2根'),
(440, 47, '米酒', '1大匙'),
(441, 47, '水', '1大匙'),
(442, 48, '芙蓉豆腐', '1盒'),
(443, 48, '四川紅油', '4大匙'),
(444, 48, '醬油', '2大匙'),
(445, 48, '烏醋', '1大匙'),
(446, 48, '糖', '0.5大匙'),
(447, 49, '大腸', '適量'),
(448, 49, '薑絲', ''),
(449, 49, '蔥', '2根'),
(450, 49, '薑', '5片'),
(451, 49, '蒜頭', '4顆'),
(452, 49, '米酒', '1米杯'),
(453, 49, '白醋', '1米杯'),
(454, 49, '花椒粒', '1大匙'),
(455, 49, '米豆醬', '3大匙'),
(456, 49, '白醋', '4大匙'),
(457, 49, '米酒', '1小匙'),
(458, 49, '糖', '1大匙'),
(459, 50, '馬鈴薯', '2顆'),
(460, 50, '紅蘿蔔', '半條'),
(461, 50, '杏鮑菇', '適量'),
(462, 50, '牛五花肉片', '1盒'),
(463, 50, '洋蔥', '半顆'),
(464, 50, '白胡椒粉', '適量'),
(465, 50, '醬油', '2大匙'),
(466, 50, '味霖', '1大匙'),
(467, 50, '鰹魚露', '2大匙'),
(468, 50, '米酒', '1大匙'),
(469, 50, '開水', '300ml'),
(470, 51, '蛤蜊', '300g'),
(471, 51, '烏龍麵', '1份'),
(472, 51, '米酒', '2大匙'),
(473, 51, '辣椒', '1/2根'),
(474, 51, '九層塔', '1把'),
(475, 51, '蒜頭', '25g'),
(476, 51, '水', '80g'),
(477, 52, '蛤蜊', '200g'),
(478, 52, '雞胸肉', '150g'),
(479, 52, '白飯', '300g'),
(480, 52, '嫩豆腐', '1/2盒'),
(481, 52, '蛋黃', '3顆'),
(482, 52, '雞高湯', '300g'),
(483, 52, '鰹魚醬油', '1大匙'),
(484, 52, '鹽巴', '適量'),
(485, 52, '鴻禧菇', '1/2包'),
(486, 53, '煉奶', '30g'),
(487, 53, '鹹蛋黃', '2顆'),
(488, 53, '紅蘿蔔', '20g'),
(489, 53, '玉米筍', '2根'),
(490, 53, '黑蠔菇', '1/2包'),
(491, 53, '洋蔥', '1/4顆'),
(492, 53, '青花菜', '適量'),
(493, 53, '白飯', '150g'),
(494, 53, '雞高湯', '150g'),
(495, 53, '鹽巴', '1/2小匙'),
(496, 54, '洋蔥', '100g'),
(497, 54, '紅蔥頭', '20g'),
(498, 54, '無糖豆漿', '150g'),
(499, 54, '原禾軒老母雞上湯', '500g'),
(500, 54, '開水', '100g'),
(501, 54, '雞腿', '400g'),
(502, 54, '青蔥', '1根'),
(503, 54, '細拉麵', '雙人份'),
(504, 54, '味噌', '1大匙'),
(505, 54, '日式醬油', '1大匙'),
(506, 54, '高麗菜', '適量'),
(507, 54, '玉米筍', '3-4根'),
(508, 54, '海苔', '數片'),
(509, 54, '糖心蛋', '2顆'),
(510, 54, '白芝麻', '適量'),
(511, 55, '蛤蜊', '500g'),
(512, 55, '米酒', '50g'),
(513, 55, '水', '200g'),
(514, 55, '白米', '300g'),
(515, 55, '吻仔魚', '60g'),
(516, 55, '紅蔥頭', '30g'),
(517, 55, '蒜頭', '15g'),
(518, 55, '薑', '約5g'),
(519, 55, '雞蛋', '2顆'),
(520, 55, '透抽', '1隻'),
(521, 55, '鴻禧菇', '1包'),
(522, 55, '毛豆', '適量'),
(523, 56, '蝦子', '4隻'),
(524, 56, '透抽', '150g'),
(525, 56, '蛤蠣', '150g'),
(526, 56, '鴻禧菇', '1包'),
(527, 56, '薑', '10g'),
(528, 56, '蒜頭', '10g'),
(529, 56, '青花菜', '適量'),
(530, 56, '紅蘿蔔', '適量'),
(531, 56, '洋蔥', '1/4顆'),
(532, 56, '青蔥', '1根'),
(533, 56, '雞高湯', '500g'),
(534, 56, '醬油膏', '1大匙'),
(535, 56, '醬油', '1大匙'),
(536, 56, '砂糖', '2小匙'),
(537, 56, '白胡椒', '適量'),
(538, 56, '太白粉', '適量'),
(539, 56, '雞蛋', '6顆'),
(540, 57, '松阪豬肉', '250g(1片）'),
(541, 57, '香料鹽', '約1小匙'),
(542, 57, '黑胡椒', '適量'),
(543, 57, '米酒', '1大匙'),
(544, 58, '金針菇', '約1/2包'),
(545, 58, '黑胡椒', '適量'),
(546, 58, '鹽巴', '適量'),
(547, 58, '蒜頭', '2瓣'),
(548, 58, '無水奶油', '1/2大匙'),
(549, 59, '薑', '3片'),
(550, 59, '蒜頭', '2瓣'),
(551, 59, '青蔥', '1根'),
(552, 59, '蝦子', '8隻(Costco)'),
(553, 59, '香油', '少許(optional)'),
(554, 59, '鹽巴', '適量'),
(555, 59, '糖', '適量'),
(556, 59, '白胡椒', '適量'),
(557, 59, '豆瓣醬', '0.5大匙'),
(558, 59, '糖', '1.5小匙'),
(559, 59, '醬油', '0.5大匙'),
(560, 59, '米酒', '1大匙'),
(561, 59, '番茄醬', '1大匙'),
(562, 59, '鹽巴', '適量'),
(563, 59, '開水', '3大匙'),
(564, 60, '雞里肌', '300g'),
(565, 60, '醬油', '1大匙'),
(566, 60, '米酒', '1大匙'),
(567, 60, '鹽', '適量'),
(568, 60, '糖', '1小匙'),
(569, 60, '黑胡椒', '適量'),
(570, 60, '檸檬汁', '約10ml'),
(571, 60, '蒜泥', '約3辦份量'),
(572, 61, '絲瓜', '1/2條'),
(573, 61, '雞里肌', '300g'),
(574, 61, '鹽巴', '1小匙'),
(575, 61, '白胡椒', '適量'),
(576, 61, '紅蔥頭', '2瓣'),
(577, 62, '蘑菇', '5朵'),
(578, 62, '玉米筍', '4根'),
(579, 62, '小番茄', '15顆'),
(580, 62, '洋蔥', '1/4顆'),
(581, 62, '雞胸', '300g'),
(582, 62, '鮪魚', '1罐'),
(583, 62, '蒜頭', '35g'),
(584, 62, '義大利麵', '250g'),
(585, 62, '開水', '700g'),
(586, 62, '九層塔', '適量'),
(587, 62, '香料鹽', '適量'),
(588, 62, '黑胡椒', '適量'),
(589, 63, '雞里肌', '300g'),
(590, 63, '蝦子', '150g'),
(591, 63, '高麗菜', '100g'),
(592, 63, '洋蔥', '1/4顆'),
(593, 63, '鹽巴', '1/2小匙'),
(594, 63, '糖', '1/2小匙'),
(595, 63, '麻油', '1小匙'),
(596, 63, '白胡椒', '適量'),
(597, 64, '雞腿', '400g'),
(598, 64, '味噌', '1/2大匙'),
(599, 64, '豆瓣醬', '1/2大匙'),
(600, 64, '豆腐乳', '10g'),
(601, 64, '米酒', '2大匙'),
(602, 64, '糖', '1小匙'),
(603, 64, '黑胡椒', '適量'),
(604, 65, '梅花豬肉塊', '400g'),
(605, 65, '豬軟骨', '400g'),
(606, 65, '青蔥', '2根'),
(607, 65, '薑', '5-6片'),
(608, 65, '八角', '2顆'),
(609, 65, '豆腐乳', '5塊'),
(610, 65, '米酒', '約100g'),
(611, 65, '醬油', '約20g');

-- --------------------------------------------------------

--
-- 資料表結構 `feature_save`
--

CREATE TABLE `feature_save` (
  `id` int(10) UNSIGNED NOT NULL,
  `feature_id` int(10) UNSIGNED NOT NULL,
  `member_id` int(10) UNSIGNED NOT NULL
) ENGINE=InnoDB DEFAULT CHARSET=utf8mb4;

--
-- 傾印資料表的資料 `feature_save`
--

INSERT INTO `feature_save` (`id`, `feature_id`, `member_id`) VALUES
(1, 8, 5),
(2, 51, 2),
(3, 51, 5),
(4, 51, 1),
(5, 8, 1),
(6, 8, 2),
(7, 51, 3),
(12, 2, 1),
(13, 8, 3),
(14, 10, 1),
(15, 51, 4),
(16, 2, 1),
(17, 2, 3),
(18, 10, 2),
(19, 10, 3),
(20, 47, 1),
(21, 37, 5),
(22, 37, 4),
(23, 47, 3);

-- --------------------------------------------------------

--
-- 資料表結構 `feature_step`
--

CREATE TABLE `feature_step` (
  `id` int(10) UNSIGNED NOT NULL,
  `feature_id` int(10) UNSIGNED NOT NULL,
  `step` varchar(5000) CHARACTER SET utf8mb4 COLLATE utf8mb4_unicode_ci NOT NULL
) ENGINE=InnoDB DEFAULT CHARSET=utf8mb4;

--
-- 傾印資料表的資料 `feature_step`
--

INSERT INTO `feature_step` (`id`, `feature_id`, `step`) VALUES
(1, 1, '洋蔥切絲；蒜頭切末；牛番茄切小丁；小番茄切小丁；蘑菇切片；玉米筍切斜片；雞里肌切小薄片，加入1/3小匙香料鹽攪拌均勻，之後加入些許橄欖油拌勻，靜置10分鐘。'),
(2, 1, '熱鍋，加入橄欖油，放入雞里肌片快速拌炒至表面反白，取出備用。'),
(3, 1, '放入蒜末炒香，接著加入洋蔥絲炒至洋蔥絲呈現半透明，依序再放入蘑菇片炒軟、玉米筍稍作拌炒。 '),
(4, 1, '加入番茄丁持續翻炒至番茄糊化，接著加入雞高湯、筆管麵， '),
(5, 1, '加入約1小匙鹽巴調味，放入月桂葉、羅勒，加蓋按照包裝上時間悶煮至筆管麵熟透。'),
(6, 1, '開蓋，加入雞里肌片翻炒至雞肉熟透，再以適量黑胡椒提味，嘗一下味道，酌量加入鹽巴調整鹹度即可。'),
(7, 2, '洋蔥切末，蒜頭切末，玉米筍切斜片，蘑菇切片，鴻禧菇去除根部後切小段，雞蛋打散，日本甜蔥切成蔥花，鮭魚切塊。 '),
(8, 2, '鍋中加入一大匙橄欖油，放入鮭魚煎到雙面金黃，取出以叉子壓散備用(不需要全熟，之後還要拌炒)。'),
(9, 2, '放入洋蔥炒軟，接著放入一半蒜末爆香。 '),
(10, 2, '加入蘑菇片炒至表面金黃，接著放入鴻禧菇炒軟，撈起炒料備用。 '),
(11, 2, '鍋中再補入一大匙橄欖油，放入蔥白的部分炒香，接著到入蛋液炒至半熟。'),
(12, 2, '放入白飯，以輕壓的方式炒散，直到白飯粒粒分明。 '),
(13, 2, '放回剛剛的炒料拌勻，接著加入壓散的鮭魚拌勻。 '),
(14, 2, '加入1.5小匙香料鹽，從鍋邊下兩大匙巴薩米克醋，將炒飯拌勻。'),
(15, 2, '起鍋前放入剩下的生蒜、蔥綠、黑胡椒炒勻即可。'),
(16, 3, '雞腿排雙面撒上些許胡椒鹽，再按摩肉一下，放置10~15分鐘。 '),
(17, 3, '等待期間，鍋子開火，吐司下鍋煎至雙面微焦，起鍋 '),
(18, 3, '鍋內下一匙油熱鍋，放入雞腿排蓋上鍋蓋，悶煎，雙面煎至微焦。 '),
(19, 3, '中小火一面煎約5分鐘，建議依照肉大小調整，煎煮時間。 '),
(20, 3, '用筷子插肉，測試有無血水溢出，如果沒有，起鍋，備料。'),
(21, 3, '鍋子擦拭乾淨，切入半顆奶油，熱鍋後，2~3顆蛋攪拌均勻下鍋炒至自己喜歡的綿密感，起鍋。 '),
(22, 3, '包裝紙做底，鋪上保鮮膜，食材再逐一疊層 '),
(23, 3, '吐司，豌豆苗，蕃茄，洋蔥，雞腿排，炒蛋，吐司。'),
(24, 3, '再把吐司覆起來，用手稍微壓緊，包袱好，切開，完成。'),
(25, 4, '蘆筍去除硬梗後切斜段；紅蘿蔔切絲；蒜頭切片；海鮮處理中好之後以紙巾壓乾水分，加入一小撮鹽巴就黑胡椒醃漬10分鐘。'),
(26, 4, '熱鍋，加入橄欖油，放入蝦子和透抽煎至雙面金黃，取出備用。'),
(27, 4, '補入一些橄欖油，放入蒜片煸香。 '),
(28, 4, '接著放入義大利麵拌勻，加入雞高湯以及1/2小匙鹽巴。 '),
(29, 4, '加蓋按照包裝時間悶煮，期間可以攪拌一下，或是晃動鍋子避免沾黏。'),
(30, 4, '時間剩下3分鐘時放入蘆筍，拌勻後繼續加蓋煮至義大利麵熟透。 '),
(31, 4, '開蓋，放入海鮮翻炒熟透即可起鍋。'),
(32, 5, '牛排打開真空包裝後，擦乾血水。'),
(33, 5, '雙面灑上鹽巴、黑胡椒。'),
(34, 5, '熱鍋加一點油，先煎一顆蛋，蛋熟後取出。'),
(35, 5, '鍋子夠熱後準備放入牛排（放入前在擦乾一次血水）。'),
(36, 5, '雙面各煎1分鐘，之後在雙面各30秒，中間加入一塊無水奶油，總共煎三分鐘。'),
(37, 5, '取出靜置，記得煎多久靜置多久，之後切片擺盤。'),
(38, 5, '蛋跟牛排在灑一點鹽巴、黑胡椒。'),
(39, 5, '生菜淋上初榨橄欖油+巴薩米克醋，最後灑上一點點起士粉，牛排可以搭配芥末子醬，就這樣完成。'),
(40, 6, '青蔥先斜切之後切末；玉米罐頭瀝乾水分備用；牛肉切小，加入醬油、米酒、鹽巴拌勻，之後加入些太白粉，醃漬10分鐘。'),
(41, 6, '鍋中加入些許油，加入蔥花拌炒出香味，炒到蔥花軟化。'),
(42, 6, '接著放入牛肉片拌炒，拌炒至牛肉表面反白。'),
(43, 6, '放入玉米粒拌炒熟透 (若使用罐頭請瀝乾水份，稍作拌炒即可) 。'),
(44, 6, '將炒料倒入於熱過的白飯上，加入1/2小匙鹽巴及適量黑胡椒調味，所有所材料攪拌均勻。'),
(45, 6, '鋪上煎好的太陽蛋即可一起享用。'),
(46, 7, '高麗菜切小塊；雞胸肉逆紋切小片，加入1/2小匙鹽巴、適量白胡椒拌勻，接著加入些許橄欖油拌勻靜置20分鐘；蒜頭切末。'),
(47, 7, '熱鍋，放入一半無水奶油融化，加入雞胸肉片快速煎炒至表面反白，取出備用。'),
(48, 7, '放入蒜末炒香，炒到蒜末表面微呈金黃。'),
(49, 7, '放入高麗菜拌炒至微軟，加入剛剛的雞胸肉片、約50ml水，翻拌到雞胸肉熟透。'),
(50, 7, '加入剩下一半無水奶油，加入醬油、黑胡椒拌勻，再補入適量鹽巴及糖調味拌勻即可。'),
(51, 8, '紅蘿蔔切末；雞蛋打散；香菇切末；蘆筍切小斜段；蒜頭切末；蔥白與蔥綠分別切花。'),
(52, 8, '雞胸肉切小丁，加入約1/3小匙鹽巴與適量黑胡椒抓醃，靜置備用。'),
(53, 8, '混合味噌、日式醬油、米酒備用。'),
(54, 8, '熱鍋，加入些許橄欖油，放入雞丁快速拌炒至表面反白，取出備用。'),
(55, 8, '加入一半蒜末爆香，接著放入香菇末炒香，接著放入紅蘿蔔末炒軟，放入蘆筍稍作拌炒。'),
(56, 8, '把上述炒料撥到鍋子一邊，補入一些油，放入蔥白炒香，接著倒入蛋液炒至雞蛋表面金黃，之後將炒料全部炒勻。'),
(57, 8, '加入白飯，炒至飯粒乾爽、粒粒分明。'),
(58, 8, '放回雞丁拌炒熟透，接著倒入味噌醬炒勻，嚐一下味道，不夠鹹的話再自行酌量加入鹽巴。'),
(59, 8, '最後加入蔥綠、剩下的蒜末、黑胡椒，翻炒均勻即可。'),
(60, 9, '將泡菜擰乾備用。'),
(61, 9, '肉片一片一片疊好，每一片都與交疊在前一片1/3處。'),
(62, 9, '將擰乾的泡菜置於牛肉片上，雙手慢慢往前捲緊。'),
(63, 9, '平底鍋開中小火，底部加入適量橄欖油抹勻，肉卷開口朝下放入鍋中。'),
(64, 9, '等到封口處定型、呈現金黃色之後，翻面將肉捲每一面都煎至金黃。'),
(65, 9, '淋上鰹魚醬油，讓醬汁滾煮收汁，肉卷上色即可。'),
(66, 10, '蛋攪拌均勻，熱油鍋，下蛋，開始凝固後，用筷子從旁邊慢慢捲餅皮，也可用夾子輔助，蛋捲好，起鍋，切塊，備料'),
(67, 10, '魚肚去除尾鰭，用清水清洗乾淨，水份擦乾，肉面上些許鹽，放置10～15分鐘。'),
(68, 10, '鍋內下一小匙油，熱鍋，魚排下鍋雙面煎至微焦肉煎熟後，起鍋，備料。'),
(69, 10, '鍋內下一匙油，木耳，芹菜，下鍋，稍微拌炒後，加入些許水，鹽巴，拌炒均勻，起鍋備料。'),
(70, 10, '油鍋熱後，蒜頭爆香，加入菠菜，些許鹽巴，中大火快炒，菠菜變至深綠色後，起鍋備料'),
(71, 10, '最後所有料理一並擺盤，完成'),
(72, 11, '洋蔥切末，蒜頭切末，青蔥切花，蘑菇切小丁，紅蘿蔔切末，玉米筍切小丁，鮭魚切丁。'),
(73, 11, '鮭魚丁放入鍋中煎至雙面金黃，取出備用。'),
(74, 11, '鍋中放入1大匙無水奶油，加入洋蔥炒軟，加入一半蒜末炒香。'),
(75, 11, '接著放入蘑菇炒至表面微金黃，放入紅蘿蔔及玉米筍拌炒至熟，將炒料先取出備用。'),
(76, 11, '鍋中補入一大匙無水奶油，加入一半青蔥花爆香，接著倒入蛋液炒至半。'),
(77, 11, '放入白飯炒散，之後將剛剛的炒料放回翻拌均勻。'),
(78, 11, '放回剛剛煎好的鮭魚翻拌至熟。'),
(79, 11, '以適量鹽巴、檸檬汁及黑胡椒調味，起鍋前加入剩下的生蒜及蔥花即可。'),
(80, 12, '蝦子去除外殼，沙線，鮭魚切成塊狀，撒些鹽巴，放置10~15分鐘。'),
(81, 12, '下一匙油，油鍋熱後，鮭魚，蝦仁，放入鍋內，開中小火，食材煎熟，起鍋，備料'),
(82, 12, '花椰菜，玉米筍，蔬菜稍微過熱水，花椰菜變深綠色後，起鍋瀝乾水份。'),
(83, 12, '鍋子擦拭乾淨，下些許油熱鍋，木耳，下鍋，稍微乾煎一下'),
(84, 12, '加回花椰菜，玉米筍，拌炒約2~3分鐘。'),
(85, 12, '最後加入鮭魚，蝦仁，些許鹽巴，拌炒均勻，起鍋，完成。'),
(86, 13, '青蔥分別切花；蒜頭切末；雞蛋加入松露醬打散備用；混合1/3大匙太白粉及1/3匙水成芡水備用。'),
(87, 13, '蝦子去殼、去除腸泥，洗淨之後用面紙壓乾水分，加入蝦醃料醃漬，靜置10分鐘備用。'),
(88, 13, '鍋中加入些許松露油，放入蝦子炒至九分熟，取出備用。'),
(89, 13, '同鍋不洗，加入蒜末及蔥白炒香，接著加入開水滾煮。'),
(90, 13, '加入蠔油及白胡椒調味，這個地方可以試一下味道，如果要當燴飯或是蓋飯的話味道可以重一點，搭配白飯才會剛好。'),
(91, 13, '加入太白粉水拌勻勾芡。'),
(92, 13, '淋入松露蛋液，等待表面稍微凝固之後用鏟子輕輕撥動。'),
(93, 13, '等待蛋液都凝固之後，倒出淋在白飯上即可。'),
(94, 14, '牛番茄切片，鋪在烤盤上，牛番茄表面撒上黑胡椒，再灑上起司絲。'),
(95, 14, '氣炸烤箱溫度設定200度12分鐘，時間到取出呈盤即可。'),
(96, 15, '雞胸肉加入1小匙鹽巴、紅椒粉、洋蔥粉（也可以多加蒜粉）塗抹均勻，之後靜置隔夜備用。'),
(97, 15, '雞胸肉取出放上不沾烤盤。'),
(98, 15, '烤箱預熱200度5分鐘。'),
(99, 15, '雞胸肉盤置於上層，溫度200度3分鐘，之後160度8分鐘。'),
(100, 15, '雞胸肉取出，靜置約5分鐘，切片享用即可。'),
(101, 16, '青花菜切小洗淨，去除硬梗；玉米筍切斜段；鴻禧菇去除根部。'),
(102, 16, '將蔬菜平鋪於烤盤，加入適量鹽巴、黑胡椒及橄欖油攪拌均勻備用，放兩顆雞蛋一起烤。'),
(103, 16, '烤箱預熱200度5分鐘，蔬菜盤置於下層，溫度200度3分鐘，之後160度5分鐘。'),
(104, 16, '雞蛋取出泡冷水，去殼；蔬菜取出加入巴薩米克醋（紅標陳年醋）。'),
(105, 17, '蒜頭切末，馬鈴薯切絲。'),
(106, 17, '鍋中放入兩大匙油，放入馬鈴薯斯拌炒至油均勻包裹馬鈴薯絲表面。'),
(107, 17, '加入適量水悶煮至水分大致收乾，約2分鐘。'),
(108, 17, '開蓋放入一半蒜末拌勻。'),
(109, 17, '熄火，接著放入一大匙巴薩米克醋和剩下的蒜末，以適量鹽巴調味即可。'),
(110, 18, '青蔥切花、薑磨成泥、高麗菜切絲。'),
(111, 18, '豬肉燒烤片用刀背拍鬆斷筋。'),
(112, 18, '以豬肉片捲起高麗菜絲，包緊。'),
(113, 18, '鍋裡噴一些油，將肉片開口處朝下鋪入鍋中，並且淋入2大匙米酒，加鍋蓋中小火悶煎至表面反白。'),
(114, 18, '開蓋翻面繼續煎至熟透。'),
(115, 18, '將鍋子裡的湯汁倒出備用。'),
(116, 18, '鍋子放入一大匙雞油，放入蔥花和薑泥小火慢慢煸香，之後加入剛剛的湯汁，以1/2小匙鹽巴調味(可以自行增減鹽巴份量)。'),
(117, 18, '將蔥鹽醬淋在肉捲上即可。'),
(118, 19, '地瓜、紅蘿蔔及高麗菜切絲。'),
(119, 19, '混合麵粉、開水、雞蛋，攪拌均勻之後加入黑胡椒及鹽巴調味，接著將切好的蔬菜絲放入拌勻。'),
(120, 19, '醬料材料混合備用。'),
(121, 19, '將麵糊以湯勺盛起，以湯匙輔助，讓麵糊滑入鍋中，中小火煎到雙面金黃後取出。'),
(122, 19, '搭配醬料一起食用即可。'),
(123, 20, '紅蘿蔔加入鍋中炒軟，放入菇類及玉米粒拌炒。'),
(124, 20, '放入鹹蛋丁及皮蛋丁接續拌炒至香味飄出。'),
(125, 20, '放入高麗菜拌炒至微軟。'),
(126, 20, '加入冷凍白米，加入適量水。'),
(127, 20, '煮滾後，關蓋轉中小火繼續燉煮，要記得偶爾開蓋攪拌一下。'),
(128, 20, '煮到米粒爆開後，加入適量白胡椒及鹽巴調味。'),
(129, 20, '加入打散的蛋液，最後拌勻即可。'),
(130, 21, '金針菇去除根部切段，紅蘿蔔、木耳切絲，乾香菇泡開後擰乾切絲，四季豆切斜片，白米洗乾淨。'),
(131, 21, '生豆包放入鍋中，煎至雙面金黃，取出切細條備用。'),
(132, 21, '香菇水加入2大匙醬油，加水至400g(總共的水量為400g的意思)。'),
(133, 21, '鍋中放入白米，加入剛剛調好的水分。'),
(134, 21, '依序鋪上乾香菇、紅蘿蔔絲、蒟蒻、金針菇、生豆包及四季豆。'),
(135, 21, '煮滾後轉小火，加蓋悶至米粒熟透。'),
(136, 21, '開蓋翻拌，加入1小匙鹽巴調味拌勻。'),
(137, 22, '洋蔥切絲、蘑菇切片，乾香菇泡乾擰乾後切片、蒜頭切末。'),
(138, 22, '滾水加入適量鹽巴及橄欖油，放入義大利麵滾煮，比包裝上時間早一分鐘取出。'),
(139, 22, '鍋中放入蒜末爆香。'),
(140, 22, '加入洋蔥炒軟。'),
(141, 22, '放入乾香菇炒香。'),
(142, 22, '加入鴻禧菇、蘑菇乾煸，慢慢炒到出水，在慢慢炒到水分收乾。'),
(143, 22, '加入奶油拌炒融化。'),
(144, 22, '加入兩匙醬油拌勻，加入適量麵水。'),
(145, 22, '放回煮好的義大利麵拌炒均勻。'),
(146, 22, '起鍋前以適量鹽巴、黑胡椒、巴薩米克醋拌炒調味即可。'),
(147, 23, '紅蘿蔔切絲；櫛瓜切絲；蛋液打散；豆包剝成粗絲狀；杏鮑菇加入約1/8小匙鹽巴抓勻，靜置15分鐘之後擰乾水份。'),
(148, 23, '麵條放入滾水中煮熟，撈出瀝乾之後淋入一點花椒油拌勻備用。'),
(149, 23, '混合醬汁材料成涼麵醬汁備用。'),
(150, 23, '熱鍋，鍋底抹入一些油，倒入蛋液煎成蛋皮，取出放涼後切成蛋絲。'),
(151, 23, '放入紅蘿蔔絲及櫛瓜絲，鍋子加入一點水燒熱，加鍋蓋稍微悶1分鐘，取出備用。'),
(152, 23, '放入豆皮及杏鮑菇煎到表面金黃，取出備用。'),
(153, 23, '開始組裝，麵條鋪底，放上紅蘿蔔絲、櫛瓜絲、豆皮、杏鮑菇及蛋絲，最後淋上醬汁，灑上些許芝麻裝飾即可。'),
(154, 24, '乾香菇泡開備用，泡軟後切成香菇小丁。'),
(155, 24, '薑磨成泥備用，洋蔥切成末。'),
(156, 24, '板豆腐切成六等分，中間挖出一個鑲肉餡的空間。'),
(157, 24, '新豬肉加入乾香菇、薑泥、適量黑胡椒及0.5大匙蠔油拌勻。'),
(158, 24, '將調味好的新豬肉餡鑲入豆腐裡。'),
(159, 24, '肉餡那面朝下，煎成金黃後翻面，六面都煎成金黃的樣子，取出備用。'),
(160, 24, '放入洋蔥拌炒軟，加入黑胡椒稍微拌炒。'),
(161, 24, '加入泡香菇的水，再補些開水，滾煮至洋蔥軟化。'),
(162, 24, '加入一大匙蠔油，放入豆腐，加蓋悶煮。'),
(163, 24, '以湯匙淋些醬汁在豆腐上，翻面讓每面都沾裹醬汁。'),
(164, 24, '起鍋前加入一小塊奶油即可。'),
(165, 25, '紅蘿蔔切絲、四季豆切斜片、鴻禧菇去除根部剝散。'),
(166, 25, '混合醬料備用。'),
(167, 25, '蔬菜煮熟(可以用微波/水煮或是炒的方式)，加入適量鹽巴、黑胡椒及香油拌勻。'),
(168, 25, '開始製作辣肉醬的部分，洋蔥切末，蒜頭切末，新豬肉完全退冰。'),
(169, 25, '洋蔥放入鍋中炒軟，加入蒜末炒香。'),
(170, 25, '放入新豬肉炒散。'),
(171, 25, '加入剛剛調好的醬汁炒成辣肉醬。'),
(172, 25, '最後煎一顆太陽蛋，組裝成盤即可。'),
(173, 26, '250g麵粉加入一小搓鹽巴拌勻。'),
(174, 26, '慢慢加入熱水約150g(每款麵粉吸水性不太一樣，所以要慢慢加，以可以成團為原則)。'),
(175, 26, '加入一點橄欖油，慢慢搓揉成團。'),
(176, 26, '搓呈長條狀，放入冷水中浸泡30分鐘備用。'),
(177, 26, '滾水加入些許橄欖油，麵團以手捏成麵疙瘩形狀，放入滾煮。'),
(178, 26, '撈起瀝乾，可以拌一點橄欖油比較不會沾黏。'),
(179, 26, '熱油，加入雞蛋慢慢拌炒，用鍋鏟推，不要炒成蛋花哦！'),
(180, 26, '雞蛋取出備用，加入番茄丁炒軟。'),
(181, 26, '加入鴻禧菇、四季豆接續拌炒。'),
(182, 26, '放入燙好的麵疙瘩。'),
(183, 26, '以適量糖、醬油、黑胡椒及水調味。'),
(184, 26, '收汁加入雞蛋，拌勻即可起鍋。'),
(185, 27, '洋蔥切小丁，美白菇切除根部後撥散，紅蘿蔔切小丁，新豬肉完全退冰。'),
(186, 27, '鍋中放些無水奶油，放入洋蔥丁及紅蘿蔔丁拌炒至軟。'),
(187, 27, '放入美白菇炒香，加入豆皮炒軟。'),
(188, 27, '放入新豬肉炒勻。'),
(189, 27, '以適量黑胡椒、鹽巴調味。'),
(190, 27, '餡料起鍋備用。'),
(191, 27, '雞蛋打散，加入牛奶及鮮奶油。'),
(192, 27, '酥皮鋪入模中，壓平，放入剛剛炒好的餡料。'),
(193, 27, '倒入蛋液，以200度烤20-25分鐘即可。'),
(194, 28, '薑切片，蒜頭切末，蒟蒻用湯匙或叉子挖成小塊狀，杏鮑菇切滾刀塊。'),
(195, 28, '混合麻油、醬油、蠔油、砂糖、米酒備用。'),
(196, 28, '蒟蒻放入滾水中燙五分鐘，撈起沖洗乾淨後瀝乾備用。'),
(197, 28, '鍋中加入適量油，放入薑片拌炒致呈現蜷曲狀。'),
(198, 28, '加入蒜末炒香。'),
(199, 28, '放入杏鮑菇炒至表面金黃，接著放入燙好的蒟蒻拌炒。'),
(200, 28, '倒入醬汁，加蓋悶煮到醬汁收到一半，開蓋繼續拌炒收汁。'),
(201, 28, '汁差不多收乾之後，加入九層塔快速拌勻即可。'),
(202, 29, '洋蔥切小塊；紅蘿蔔切小滾刀；甜椒切小角形；玉米筍切滾刀；南瓜切小塊；馬鈴薯去皮切小塊；蘑菇切片；青花菜切小洗淨後去除硬梗。'),
(203, 29, '放入洋蔥及蘑菇片炒香，炒至表面微焦香。'),
(204, 29, '接著放入馬鈴薯塊及南瓜塊拌炒。'),
(205, 29, '放入甜椒、紅蘿蔔、玉米筍稍作拌炒。'),
(206, 29, '加入開水(或是高湯)煮滾後轉小火，加蓋子燉煮20分鐘。'),
(207, 29, '開蓋後加入豆奶，煮至為滾，加入青花菜煮熟。'),
(208, 29, '以黑胡椒及鹽巴調味，將所有材料拌勻即可。'),
(209, 30, '杏鮑菇切成小丁狀，剝皮辣椒切碎。'),
(210, 30, '杏鮑菇放入鍋中，炒至呈現微金黃。'),
(211, 30, '放入新豬肉炒散。'),
(212, 30, '加入剝皮辣椒、剝皮辣椒湯汁、黑胡椒、味醂、味噌和醬油調味。'),
(213, 30, '拌炒均勻收汁即可。'),
(214, 31, '蘑菇切片，甜菠菜切小段，雞蛋打散。'),
(215, 31, '蘑菇放入鍋中乾炒至出水，慢慢炒乾。'),
(216, 31, '補入一些油，放入甜菠菜拌炒至軟，取出倒入蛋液中。'),
(217, 31, '加入黑胡椒、鹽巴、起司絲拌勻。'),
(218, 31, '蛋液倒入鍋中，小火加蓋慢慢烘至表面凝固。'),
(219, 31, '翻面繼續烘至表面金黃即可。'),
(220, 32, '嫩豆腐切小塊，先放進加入醬油的滾水中滾煮，再準備其他材料，蔥切花。'),
(221, 32, '蒜頭、薑切末，杏鮑菇切末，金針菇去除根部後切末。'),
(222, 32, '花椒粒冷油入鍋，慢慢煸到香味飄出，將花椒油瀝出備用。'),
(223, 32, '加入適量花椒油，放入蒜末及薑末爆香。'),
(224, 32, '加入杏鮑菇炒至表面略呈金黃。'),
(225, 32, '加入豆瓣醬拌炒，之後加入開水滾煮。'),
(226, 32, '放入剛剛的豆腐，過篩的花椒粒也用篩子盛著一併滾煮。'),
(227, 32, '加入白胡椒、鹽巴調味。'),
(228, 32, '放入金針菇滾煮至收汁。'),
(229, 32, '起鍋前加入一點花椒油、香油及蔥花即可。'),
(230, 33, '香菇去除香菇蒂，切花備用，切下來的碎香菇和香菇蒂一起切成末。'),
(231, 33, '加入半包新豬肉、切碎的高麗菜、咖喱粉、黑胡椒及鹽巴拌勻。'),
(232, 33, '香菇撒點太白粉，鑲入新豬肉泥。'),
(233, 33, '肉泥面朝下先煎香，再翻面將香菇煎熟即可。'),
(234, 34, '蘑菇及洋蔥切末，去下玉米粒，馬鈴薯蒸熟（或微波熟）。'),
(235, 34, '馬鈴薯趁熱加入牛奶壓成泥狀。'),
(236, 34, '馬鈴薯泥加入黑胡椒及鹽巴調味拌勻。'),
(237, 34, '洋菇放入鍋中炒至出水，這時候繼續炒至收乾。'),
(238, 34, '補一點奶油或橄欖油，加入洋蔥及玉米粒拌炒。'),
(239, 34, '等待洋蔥炒至焦糖化，起鍋備用。'),
(240, 34, '炒料加進馬鈴薯泥裡面拌勻，以適量黑胡椒及一匙鹽巴調味。'),
(241, 34, '將馬鈴薯泥平分成六等份，各自捏成餅狀。'),
(242, 34, '依序沾裹麵粉、蛋液及麵包粉。'),
(243, 34, '如果煎炸至金黃即可。'),
(244, 35, '爆香薑末，豆乾放入鍋中炒至四面金黃。'),
(245, 35, '放入杏鮑菇炒熟。'),
(246, 35, '加入蒜末、洋蔥，炒至洋蔥透明軟化。'),
(247, 35, '加入豆瓣醬、甜甜麵醬拌炒。'),
(248, 35, '加入適量水煨煮，之後以醬油、糖、白胡椒調味。'),
(249, 35, '炒至收汁即可起鍋。'),
(250, 35, '組裝，麵條加入炒好的炸醬，放上小黃瓜、紅蘿蔔及蛋絲即可。'),
(251, 36, '鹹蛋黃切碎、蔥切蔥花、蒜頭切末、雞蛋黃打散加入白飯中抓勻、蝦仁去腸泥以蝦仁醃料抓醃5分鐘備用。'),
(252, 36, '鍋內下4大匙油，放入蝦頭與蝦殼中火煸5分鐘(可用鍋鏟擠壓蝦頭幫助蝦膏流出)，煸至由呈現紅色取出蝦頭與蝦殼，放入蝦仁大火煎熟取出備用。'),
(253, 36, '放入鹹蛋黃炒至起泡，下蒜末爆香後放入飯，大火將飯炒鬆炒上色，最後放蝦仁、蔥花及調味料，再次拌炒均勻即完成。'),
(254, 37, '將牛肉筋膜修掉、蔥切蔥段、薑切小片備用。'),
(255, 37, '起一鍋滾水放入筋膜，汆燙1-2分鐘取出洗淨，連同蔥、薑及調味料，放入電鍋內鍋，外鍋8杯水（1次2杯，跳起再倒入2杯共4次）。'),
(256, 37, '承上，取出蔥段與薑片，放涼冷藏一晚，隔天重新加熱即可食用！'),
(257, 38, '大蔥斜切、金針菇去根部洗淨、香菇刻花、板豆腐切塊、烏龍麵不退冰、醬汁預先調好備用。'),
(258, 38, '鍋內1大匙油，放入板豆腐中大火雙面各煎2-3分鐘至金黃備用；鍋內下1大匙油，將大蔥段炒香，加入調味料及水煮滾，接著再下金針菇、板豆腐、香菇及冷凍烏龍麵中大火滾煮。'),
(259, 38, '滾煮2-3分鐘後下牛肉片，續煮10-15秒至熟即完成！'),
(260, 39, '紅蘿蔔切小丁，玉米筍切小丁，洋蔥切末，蒜頭切末，高麗菜切小丁，青蔥切花，剝皮辣椒切末，雞蛋打散。'),
(261, 39, '牛肉切小丁，加入一小匙醬油、一小匙米酒、一小匙剛剛打好的蛋液、適量白胡椒拌勻抓醃，靜置10分鐘。'),
(262, 39, '牛肉放入鍋中炒至半熟，取出備用。'),
(263, 39, '放入洋蔥末炒軟，接著放入一半蒜末炒香。'),
(264, 39, '放入玉米筍、紅蘿蔔稍作拌炒，接著放入剝皮辣椒炒勻。'),
(265, 39, '加入高麗菜拌炒至稍微軟化，撈起炒料備用。'),
(266, 39, '青蔥放入鍋中炒香，接著放入蛋液炒至半熟。'),
(267, 39, '加入白飯，以輕輕壓鬆的方式炒散，炒至白飯粒粒分明。'),
(268, 39, '放入剛剛的炒料炒勻，以適量白胡椒、一大匙醬油調味，最後起鍋前加入生蒜及剩下的蔥花即可。'),
(269, 40, '薑切片、乾香菇泡水1小時還原、雞肉冷水入鍋開大火煮至微滾，倒掉汆燙的水將雞肉洗淨，另起一鍋放入雞肉、脆瓜（含醬汁）、薑片、米酒及水放入電子鍋備用。'),
(270, 40, '選擇燉湯模式跑完行程，起鍋後加入1/4小匙鹽即完成。'),
(271, 41, '去骨雞腿排將較厚處切開(幫助平均受熱)，並去除腳骨及多餘雞皮(成品好看)後，接著用1小匙鹽及1大匙米酒醃30分鐘備用。'),
(272, 41, '擦乾雞皮(幫助上色)，鍋內不放油放入雞腿排及剛剛取下的雞皮，以「小火」煎至表皮金黃，接著將雞腿排翻面並倒入調味料，「中火」煮3分鐘至醬汁濃稠，再來翻面讓醬汁均勻沾附在雞肉，取出切條即完成！'),
(273, 42, '去骨雞腿排去皮切3公分塊、洋蔥、馬鈴薯切大塊，雪白菇去掉根部剝散備用。'),
(274, 42, '將雞肉以外的食材放入內鍋，接著加水淹過食材，外鍋2杯水蒸煮30-40分鐘。'),
(275, 42, '接著內鍋放雞肉，外鍋再半杯水蒸煮10分鐘，開蓋調成保溫下咖哩塊，全部溶解且湯汁濃稠即完成。'),
(276, 43, '蒜頭切末、辣椒切段、調味料調好、羊肉以上述醃料抓醃10分鐘、起一鍋滾水放入油麵，水再次滾起且油麵開始膨脹後取出備用。'),
(277, 43, '鍋內下油將羊肉炒至7分熟取出，利用鍋內剩餘的油爆香蒜頭與辣椒，接著加入150cc的水，將油麵、調味料放入並攪拌均勻，煮約2-3分鐘麵條吸收醬汁後，放入空心菜拌炒至斷生，最後放回羊肉再次拌炒均勻即完成。'),
(278, 44, '番茄帶皮切小丁、3顆蛋打散、蔥切蔥花、蒜頭切末、起一鍋滾水煮麵備用。'),
(279, 44, '鍋內1大匙油把油燒熱下蛋液，等蛋液周圍都凝固再翻炒，炒熟後取出備用。'),
(280, 44, '鍋內下1大匙油燒熱後下番茄丁，加入1/2小匙鹽巴「中大火」炒3分鐘，直至番茄軟化後加入蒜末、1大匙醬油、1/2小匙白胡椒粉、香油與糖拌炒，接著加入250cc清水與蛋碎，「中火」煮3-4分鐘，直至蛋碎吸飽湯汁膨脹即完\n成！'),
(281, 44, '最後與麵組裝撒上蔥花即完成！'),
(282, 45, '鍋內下2大匙胡麻油1大匙食用油，以中小火煸香薑片，薑片開始變色後，放蒜頭繼續煸至薑片捲曲、蒜頭呈現金黃色即可。'),
(283, 45, '同一鍋轉中火加入醃好的雞腿肉、辣椒段、1小匙冰糖及2大匙醬油膏（蠔油亦可）翻炒，雞肉上色後加入50cc米酒，蓋上鍋蓋中火燜煮4-5分鐘。'),
(284, 45, '4-5分鐘後開蓋，轉中大火收到醬汁濃稠，關火下九層塔熱拌即完成！'),
(285, 46, '蛋打散、蔥切蔥花、蒜頭切末、蝦仁開背去腸泥，以蝦仁醃料醃10分鐘備用。'),
(286, 46, '鍋內下1大匙油，爆香蒜末後下蝦仁炒至全熟備用。'),
(287, 46, '蛋液加入作法2、醬油及蔥花攪拌均勻，鍋內下2大匙油把油燒熱，倒入蛋液至產生裙邊後關火，用平行堆疊的方式，將蛋炒至7分熟即完成！'),
(288, 47, '雞腿排切3x3cm塊醃10分鐘、薑切片、蒜頭對半切粒、辣椒斜切圈、蔥5根切長段、蔥1根切蔥花備用。'),
(289, 47, '鍋內下1.5大匙油，冷油放入蔥段及薑片，中火煸至蔥白焦黃（約5分鐘），接著放入蒜頭及辣椒爆香，再來放入雞肉炒至雞皮微微上色。'),
(290, 47, '承上，加入調味料、米酒及水，中火燒製5分鐘，燒至底部醬汁濃稠，取出蔥段撒上蔥花即完成！'),
(291, 48, '芙蓉豆腐1開4切成正方形，共可取8塊。'),
(292, 48, '將油溫燒至190-200度之間，豆腐放在漏勺上，一次下2-4塊炸20秒取出瀝油，8塊都炸好即完成！'),
(293, 49, '大腸買回家以麵粉清洗大腸正反面以去除腸油跟髒汙。'),
(294, 49, '大腸不要先切，起一鍋冷水將大腸放入，裡面放入米酒、薑片、蔥段、蒜頭、花椒粒、白醋，煮到滾後約5分鐘取出泡冷水，冷卻後切成段備用。'),
(295, 49, '熱鍋冷油爆香薑絲，薑絲炒透後放入3大匙米豆醬、1大匙糖、1小匙米酒，接著放入辣椒段跟大腸繼續炒，炒約1分鐘倒入4大匙醋精，收汁到自己喜歡的程度即完成！'),
(296, 50, '所以材料洗好切好備妥後，記得馬鈴薯不要切小塊，盡量方正跟大塊才不會煮到化掉。'),
(297, 50, '少許油熱鍋，洋蔥、紅蘿蔔下鍋拌炒，炒出香味後，加入牛五花肉片，拌炒至肉片7-8分熟，將肉片撈起來備用（也可以選用豬肉，選用較有油脂的梅花肉或五花肉才不會太乾柴哦）'),
(298, 50, '接著加入杏鮑菇、馬鈴薯塊，加水300ml淹過食材即可，先加入味霖一大匙（可讓馬鈴薯不會溶這麼快），轉大火煮滾後轉小火熬煮15分鐘左右'),
(299, 50, '至馬鈴薯煮爛湯頭變得稍微濃稠後，馬鈴薯可以輕鬆穿過，接著加入肉片，薄鹽醬油2大匙、鰹魚露一大匙、米酒2大匙，再煮滾一次後燉5分鐘，最後嚐嚐味道，不夠鹹再加一點鹽巴或醬油，還要記得加白胡椒粉覺得味道蠻搭的，記得要煮偏鹹一點，拌飯味道才不太淡！'),
(300, 51, '蒜頭切片；辣椒切圈；蛤蜊吐沙；九層塔洗淨備用。'),
(301, 51, '加入些許橄欖油，放入蒜片炒到表面微呈金黃，之後放入辣椒圈稍作拌炒。'),
(302, 51, '加入水及米酒煮滾，之後放入蛤蜊煮至打開，蛤蜊打開後取出備用。'),
(303, 51, '放入烏龍麵，加蓋煮軟。'),
(304, 51, '之後放回蛤蜊拌炒收汁，最後加入九層塔稍作拌炒即可。'),
(305, 52, '鴻禧菇去除根部剝散；洋蔥切末；雞胸肉逆紋切片，加入約1小匙香料鹽拌勻，之後加入些許橄欖油拌勻，靜置20分鐘；蛋黃加入豆腐中打成泥狀。'),
(306, 52, '鍋燒熱，加入些許冷橄欖油，放入雞胸肉快速拌炒至表面反白，取出備用。'),
(307, 52, '放入洋蔥末炒軟，接著放入鴻禧菇拌炒至香味飄出。'),
(308, 52, '加入雞高湯滾煮，放入蛤蜊滾煮倒蛤蜊打開，取出去殼備用。'),
(309, 52, '放入白飯拌煮收汁，直到醬汁收到差不多之後，加入剛剛的雞胸肉拌勻煮炒熟。'),
(310, 52, '熄火並且離火，倒入剛剛的豆腐蛋黃泥快速攪拌至濃稠，加入一匙煎魚醬油拌勻，放入剛剛剝下的蛤蜊肉拌勻。'),
(311, 52, '最後以適量鹽巴、調整味道即可。'),
(312, 53, '洋蔥切末；紅蘿蔔切末； 黑蠔菇去除根部後剝散；玉米筍切小斜片；鹹蛋黃壓成泥狀備用；蝦子用紙巾壓乾備用。'),
(313, 53, '蝦子放入鍋中，煎至雙面轉紅取出備用。'),
(314, 53, '鍋中加入些許無水奶油，放入鹹蛋黃炒至起泡，倒出與煉奶拌勻備用。'),
(315, 53, '鍋中補入些許橄欖油，放入洋蔥末炒軟，放入玉米筍、紅蘿蔔及黑蠔菇拌炒。'),
(316, 53, '加入雞高湯滾煮，接著加入白飯拌煮收汁。'),
(317, 53, '放入剛剛煎好的蝦子煮熟，及調好的金沙醬拌勻收汁。'),
(318, 53, '最後以適量鹽巴調整鹹度即可。'),
(319, 54, '洋蔥切絲，紅蔥頭切片，青蔥切花備用。配料的部分高麗菜切絲，玉米筍切對半，以微波蒸煮的方式微波一分鐘備用。'),
(320, 54, '雞腿以適量鹽巴及黑胡椒醃漬，放入鍋中，以重物壓著煎到皮呈現金黃，翻面煎熟，取出切塊備用。'),
(321, 54, '不洗鍋，放入蔥白和紅蔥頭，炒至紅蔥頭表面微呈金黃。'),
(322, 54, '接著放入洋蔥絲炒軟。'),
(323, 54, '洋蔥絲軟化後，加入雞高湯及開水煮滾，加入一大匙日式醬油及一大匙調味，接著倒入無糖豆漿拌勻，微滾後瀝出，再將瀝乾淨的高湯放入鍋中。'),
(324, 54, '拉麵放入滾水中燙熟，之後加入豆奶高湯中。'),
(325, 54, '起鍋，碗中放入拉麵，鋪上配菜，放入糖心蛋、高麗菜、海苔絲，撒上蔥花，淋入高湯即可。'),
(326, 55, '紅蔥頭切片，蒜頭切末，薑切絲(也可以切末)，雞蛋打散備用。'),
(327, 55, '蛤蠣放入鍋中，加入50g米酒和200g水，蛤蠣煮開後先取出放入容器中加蓋靜置，蛤蜊湯汁過濾之後，放涼備用，並補水至300g。'),
(328, 55, '白米洗淨，加入剛剛的蛤蠣高湯煮滾，轉小火悶煮約15分鐘，開蓋拌勻後繼續悶著備用。'),
(329, 55, '吻仔魚放入鍋中炒香，接著加入蛋液拌炒至雞蛋表面略呈金黃，取出備用。'),
(330, 55, '加入一大匙雞油，放入紅蔥頭、蒜末及薑絲爆香，炒至紅蔥頭及蒜末表面呈金黃。'),
(331, 55, '放入紅蘿蔔、鴻禧菇炒軟，接著放入毛豆拌炒熟透，之後把剛剛的吻仔魚蛋放回。'),
(332, 55, '加入透抽拌炒均勻至所有食材熟透。'),
(333, 55, '將炒料加進白飯中拌勻即可。'),
(334, 56, '洋蔥切末，薑與蒜頭切末，紅蘿蔔切成小斜片，青花菜洗淨切成好入口的大小，鴻禧菇去除根部剝散，青蔥切花。'),
(335, 56, '蝦子開背去除腸泥，透抽處理乾淨之後切圈。'),
(336, 56, '鍋中加入一匙雞油，放入薑末及蒜末炒香。'),
(337, 56, '放入洋蔥炒軟，之後放入炒蘿蔔片及鴻禧菇炒香。'),
(338, 56, '加入雞高湯滾煮，加入兩大匙醬油、一大匙醬油膏、兩小匙糖及適量白胡椒調味，並放入青花菜滾煮。'),
(339, 56, '待蔬菜軟化之後放入蛤蠣煮開，接著放入其他海鮮料煮熟。'),
(340, 56, '加入太白粉水稍作勾芡，撒上蔥花即呈燴汁。'),
(341, 56, '雞蛋打散煎成蛋包或蛋捲狀，組合享用燴飯即可。'),
(342, 57, '松阪豬肉以叉子在表面上戳洞，越密越好。'),
(343, 57, '松阪豬肉加入香料鹽、黑胡椒及米酒充分抓勻，靜置備用，至少醃漬1小時。'),
(344, 57, '取醃好的松阪豬，氣炸烤箱溫度設定200度12分鐘，時間到取出呈盤即可。'),
(345, 58, '金針菇加入鹽巴、黑胡椒及蒜末拌勻，上面放上無水奶油，放入鋁箔紙中包好。'),
(346, 58, '氣炸烤箱溫度設定200度12分鐘，時間到取出呈盤即可。'),
(347, 59, '蒜頭切末、薑切末、青蔥切花，將蔥白與蔥綠分開。'),
(348, 59, '蝦子去殼，洗淨擦乾，去除腸泥、開背，加入適量鹽巴、白胡椒、少許香油及糖抓醃，靜置15分鐘。'),
(349, 59, '混合醬汁，備用。'),
(350, 59, '蝦子放入鍋中煎熟，取出備用。'),
(351, 59, '爆香蒜末、薑末，蔥白。'),
(352, 59, '加入調勻的醬汁拌煮。'),
(353, 59, '放入剛剛煎好的蝦子拌炒收汁。'),
(354, 59, '起鍋加入些許蔥花即可。'),
(355, 60, '所有醃料混合均勻。'),
(356, 60, '雞里肌去除筋膜，放入醃料中醃漬20分鐘'),
(357, 60, '鍋稍熱，放入雞里肌後轉小火，慢煎4分鐘左右翻面，用鍋鏟壓一下幫助上色。'),
(358, 60, '翻面後加鍋蓋稍微悶一下，雞肉熟透即可起鍋。'),
(359, 61, '絲瓜去除絲瓜囊後切成小丁狀，紅蔥頭切末，雞里肌打程絞肉備用。'),
(360, 61, '取一大碗，放入雞絞肉，加入紅蔥頭末和絲瓜小丁拌勻，順時鐘攪拌至雞肉出現黏性。'),
(361, 61, '加入一小匙鹽巴和適量白胡椒，繼續攪拌均勻。'),
(362, 61, '雙手抹油，將肉餡捏成餅狀。'),
(363, 61, '放肉餅放入鍋中，中小火煎至金黃，翻面煎至熟透即可。'),
(364, 62, '雞胸切片，加入1.5匙香料鹽拌勻備用。'),
(365, 62, '蘑菇切片，洋蔥切絲，玉米筍切片，小番茄切對半，蒜頭切末。'),
(366, 62, '鍋中加入兩大匙橄欖油，放入蒜末炒至金黃。'),
(367, 62, '加入洋蔥絲炒軟，接著放入蘑菇炒至金黃。'),
(368, 62, '放入玉米筍稍作拌炒，接著放入鮪魚罐頭拌炒均勻。'),
(369, 62, '加入開水煮滾，接著放入義大利麵，按照包裝時間悶煮，提前一分鐘開蓋。'),
(370, 62, '放入雞肉拌煮熟透，義大利麵也收汁。'),
(371, 62, '起鍋前加入適量鹽巴、黑胡椒及九層塔即可。'),
(372, 63, '高麗菜切末，加入1/2小匙鹽巴抓勻，靜置備用。'),
(373, 63, '雞里肌去除筋膜，打成肉泥，蝦子打成蝦泥，洋蔥切成細末備用。'),
(374, 63, '取一大碗，加入雞肉泥、蝦泥、洋蔥末、高麗菜擠乾水分加入，加入0.5小匙砂糖、1小匙麻油、適量白胡椒。'),
(375, 63, '順時鐘攪拌，讓所有食材均勻混合。'),
(376, 63, '持續繳拌至肉泥出現筋性，將肉餡平分成六等份。'),
(377, 63, '雙手抹油，將肉泥捏成肉排狀。'),
(378, 63, '將肉排放入鍋中，中小火加蓋悶煎至肉排的蝦子表面稍微轉紅，翻面繼續悶煎至熟。'),
(379, 63, '取出即可享用。'),
(380, 64, '將味噌、豆瓣醬、豆腐乳、米酒、砂糖及黑胡椒混合均勻。'),
(381, 64, '將調好的醬汁蹈入雞腿排中，用手按摩，均勻塗抹的雞腿排上。'),
(382, 64, '雞腿排靜置至少一小時入味(醃漬隔夜更佳)。'),
(383, 64, '將醃好的雞腿排放進鍋中，中小火將雞皮煎至金黃後，翻面續煎至熟即可。'),
(384, 65, '青蔥切大段，薑切片，梅花肉切大塊。'),
(385, 65, '碗中加入5塊腐乳、3大匙米酒及2大匙醬油拌勻備用。'),
(386, 65, '肉塊及軟骨放入鍋中煎至四面金黃。'),
(387, 65, '接著放入八角、蔥段及薑片炒香。'),
(388, 65, '加入調好的腐乳醬汁拌勻。'),
(389, 65, '加入100g米酒、20g醬油，並且加入水沒過食材。'),
(390, 65, '煮滾之後撈除浮沫，表面加蓋一層烘焙紙。'),
(391, 65, '加蓋轉最小火，燉煮3小時即可。');

-- --------------------------------------------------------

--
-- 資料表結構 `feature_view`
--

CREATE TABLE `feature_view` (
  `id` int(10) UNSIGNED NOT NULL,
  `feature_id` int(10) UNSIGNED NOT NULL,
  `member_id` int(10) UNSIGNED NOT NULL
) ENGINE=InnoDB DEFAULT CHARSET=utf8mb4;

--
-- 傾印資料表的資料 `feature_view`
--

INSERT INTO `feature_view` (`id`, `feature_id`, `member_id`) VALUES
(1, 1, 5),
(2, 2, 4),
(3, 53, 2),
(4, 56, 1);

-- --------------------------------------------------------

--
-- 資料表結構 `feature_week`
--

CREATE TABLE `feature_week` (
  `id` int(11) NOT NULL,
  `first_date` date NOT NULL
) ENGINE=InnoDB DEFAULT CHARSET=utf8mb4;

--
-- 傾印資料表的資料 `feature_week`
--

INSERT INTO `feature_week` (`id`, `first_date`) VALUES
(1, '2021-07-19'),
(2, '2021-07-26'),
(3, '2021-08-02'),
(4, '2021-08-09'),
(5, '2021-08-16'),
(6, '2021-08-23'),
(7, '2021-08-30'),
(8, '2021-09-06'),
(9, '2021-09-13'),
(10, '2021-09-20');

-- --------------------------------------------------------

--
-- 資料表結構 `feature_weeklist`
--

CREATE TABLE `feature_weeklist` (
  `id` int(10) UNSIGNED NOT NULL,
  `week_id` int(10) UNSIGNED NOT NULL,
  `feature_id` int(10) UNSIGNED NOT NULL,
  `order_date` int(10) UNSIGNED NOT NULL
) ENGINE=InnoDB DEFAULT CHARSET=utf8mb4;

--
-- 傾印資料表的資料 `feature_weeklist`
--

INSERT INTO `feature_weeklist` (`id`, `week_id`, `feature_id`, `order_date`) VALUES
(1, 1, 51, 1),
(2, 1, 10, 2),
(3, 1, 6, 3),
(4, 1, 13, 4),
(5, 1, 22, 5),
(6, 3, 4, 1),
(7, 2, 52, 1),
(8, 2, 1, 2),
(9, 2, 53, 3),
(10, 2, 35, 4),
(11, 2, 45, 5),
(12, 3, 8, 2),
(13, 3, 21, 3),
(14, 3, 20, 4),
(15, 3, 26, 5),
(16, 4, 9, 1),
(17, 4, 12, 2),
(18, 4, 42, 3),
(19, 4, 27, 4),
(20, 4, 37, 5),
(21, 5, 14, 1),
(22, 5, 57, 1),
(23, 5, 58, 1),
(24, 5, 15, 2),
(25, 5, 16, 2),
(26, 5, 36, 3),
(27, 5, 29, 4),
(28, 5, 3, 5),
(29, 6, 59, 1),
(30, 6, 60, 2),
(31, 6, 41, 3),
(32, 6, 43, 4),
(33, 6, 44, 5),
(34, 7, 17, 1),
(35, 7, 61, 1),
(36, 7, 62, 2),
(37, 7, 39, 3),
(38, 7, 2, 4),
(39, 7, 25, 5),
(40, 8, 11, 1),
(41, 8, 63, 2),
(42, 8, 64, 3),
(43, 8, 7, 4),
(44, 8, 31, 5),
(45, 9, 65, 1),
(46, 9, 18, 2),
(47, 9, 55, 3),
(48, 9, 38, 4),
(49, 9, 19, 5),
(50, 10, 56, 1),
(51, 10, 50, 2),
(52, 10, 54, 3),
(53, 10, 47, 4),
(54, 10, 23, 5);

-- --------------------------------------------------------

--
-- 資料表結構 `feature_weekprep`
--

CREATE TABLE `feature_weekprep` (
  `id` int(10) UNSIGNED NOT NULL,
  `week_id` int(10) UNSIGNED NOT NULL,
  `prep` varchar(2000) CHARACTER SET utf8mb4 COLLATE utf8mb4_unicode_ci NOT NULL,
  `unit` varchar(2000) CHARACTER SET utf8mb4 COLLATE utf8mb4_unicode_ci NOT NULL
) ENGINE=InnoDB DEFAULT CHARSET=utf8mb4;

--
-- 傾印資料表的資料 `feature_weekprep`
--

INSERT INTO `feature_weekprep` (`id`, `week_id`, `prep`, `unit`) VALUES
(1, 1, '蛤蜊', '300g'),
(2, 1, '烏龍麵', '1份'),
(3, 1, '米酒', '2.5大匙'),
(4, 1, '辣椒', '1/2根'),
(5, 1, '九層塔', '1把'),
(6, 1, '蒜頭', '8瓣'),
(7, 1, '水', '165g'),
(8, 1, '雞蛋', '5顆'),
(9, 1, '午仔魚', '1條'),
(10, 1, '橄欖油', '適量'),
(11, 1, '木耳', '適量'),
(12, 1, '芹菜', '適量'),
(13, 1, '鹽巴', '適量'),
(14, 1, '菠菜', '適量'),
(15, 1, '牛肉片', '120g'),
(16, 1, '玉米', '60g'),
(17, 1, '青蔥', '70g'),
(18, 1, '黑胡椒', '適量'),
(19, 1, '白飯', '250g'),
(20, 1, '醬油', '適量'),
(21, 1, '太白粉', '適量'),
(22, 1, '蝦子', '約10隻'),
(23, 1, '蔥', '1根'),
(24, 1, '松露醬', '1大匙'),
(25, 1, '蠔油', '1大匙'),
(26, 1, '白胡椒', '適量'),
(27, 1, '香油', '1/2小匙'),
(28, 1, '鴻禧菇', '1包'),
(29, 1, '乾香菇', '4朵'),
(30, 1, '蘑菇', '1盒'),
(31, 1, '洋蔥', '1/4顆'),
(32, 1, '義大利麵', '約200g'),
(33, 1, '奶油', '20g'),
(34, 1, '巴薩米克醋', '適量'),
(35, 2, '蛤蜊', '200g'),
(36, 2, '雞胸肉', '150g'),
(37, 2, '白飯', '450g'),
(38, 2, '嫩豆腐', '1/2盒'),
(39, 2, '蛋黃', '3顆'),
(40, 2, '雞高湯', '700g'),
(41, 2, '鰹魚醬油', '1大匙'),
(42, 2, '鹽巴', '適量'),
(43, 2, '鴻禧菇', '1/2包'),
(44, 2, '雞里肌', '150g'),
(45, 2, '筆管麵', '100g'),
(46, 2, '牛番茄', '1顆'),
(47, 2, '小番茄', '7-8顆'),
(48, 2, '蒜頭', '9瓣'),
(49, 2, '洋蔥', '1顆'),
(50, 2, '玉米筍', '6根'),
(51, 2, '蘑菇', '6-7粒'),
(52, 2, '月桂葉', '1-2片'),
(53, 2, '羅勒', '適量'),
(54, 2, '黑胡椒', '適量'),
(55, 2, '橄欖油', '適量'),
(56, 2, '煉奶', '30g'),
(57, 2, '鹹蛋黃', '2顆'),
(58, 2, '黑蠔菇', '1/2包'),
(59, 2, '青花菜', '適量'),
(60, 2, '麵', '兩份'),
(61, 2, '小黃瓜', '一根'),
(62, 2, '雞蛋', '兩顆'),
(63, 2, '紅蘿蔔', '半根'),
(64, 2, '蔥ㅤㅤㅤㅤㅤㅤㅤㅤㅤ', '一根'),
(65, 2, '大豆乾', '一塊'),
(66, 2, '杏鮑菇ㅤㅤㅤㅤㅤㅤㅤㅤㅤ', '兩根'),
(67, 2, '豆瓣醬', '一大匙'),
(68, 2, '甜麵醬', '一大匙'),
(69, 2, '醬油', '適量'),
(70, 2, '白胡椒', '適量'),
(71, 2, '糖', '適量'),
(72, 2, '去骨仿土雞雞腿排', '1支（600克）'),
(73, 2, '老薑片', '15片'),
(74, 2, '辣椒', '3根'),
(75, 2, '九層塔', '適量'),
(76, 2, '米酒', '適量'),
(77, 2, '胡麻油', '2大匙'),
(78, 2, '醬油膏or蠔油', '2大匙'),
(79, 2, '冰糖', '1小匙'),
(80, 3, '筆管麵', '100g'),
(81, 3, '高湯', '250g'),
(82, 3, '蝦子', '6隻'),
(83, 3, '透抽', '100g'),
(84, 3, '蒜頭', '25g'),
(85, 3, '鹽巴', '適量'),
(86, 3, '黑胡椒', '適量'),
(87, 3, '白飯', '200g'),
(88, 3, '雞胸肉', '150g'),
(89, 3, '雞蛋', '3顆'),
(90, 3, '蔥', '1根'),
(91, 3, '蒜頭', '15g'),
(92, 3, '香菇', '2朵'),
(93, 3, '蘆筍', '3根'),
(94, 3, '味噌', '1.5大匙'),
(95, 3, '日式醬油', '1大匙'),
(96, 3, '米酒', '1大匙'),
(97, 3, '生豆包', '130g'),
(98, 3, '金針菇', '一包'),
(99, 3, '木耳', '80g'),
(100, 3, '乾香菇', '三朵'),
(101, 3, '蒟蒻', '100g'),
(102, 3, '白米', '800g'),
(103, 3, '開水', '適量'),
(104, 3, '香菇水', '適量'),
(105, 3, '醬油', '適量'),
(106, 3, '高麗菜', '1/4顆'),
(107, 3, '紅蘿蔔', '1根'),
(108, 3, '皮蛋', '一顆'),
(109, 3, '鹹蛋', '一顆'),
(110, 3, '美姬菇', '去除根部切小'),
(111, 3, '玉米粒', '一些'),
(112, 3, '青蔥', '適量'),
(113, 3, '白胡椒', '適量'),
(114, 3, '中筋麵粉', '250g'),
(115, 3, '熱水', '約150g'),
(116, 3, '橄欖油', '少許'),
(117, 3, '糖', '適量'),
(118, 3, '番茄', '2顆'),
(119, 3, '鴻禧菇', '一顆'),
(120, 3, '四季豆', '一包'),
(121, 4, '豬肉片', '150g'),
(122, 4, '泡菜', '50g'),
(123, 4, '鰹魚醬油', '1大匙'),
(124, 4, '橄欖油', '少許'),
(125, 4, '鹽巴', '適量'),
(126, 4, '橄欖油', '適量'),
(127, 4, '花椰菜', ''),
(128, 4, '玉米筍', '一包'),
(129, 4, '木耳', '適量'),
(130, 4, '佛蒙特咖哩塊', '1盒'),
(131, 4, '全聯去骨雞腿排', '1盒'),
(132, 4, '洋蔥', '3顆'),
(133, 4, '馬鈴薯', '2顆'),
(134, 4, '雪白菇', '1包'),
(135, 4, '美白菇', '半包'),
(136, 4, '紅蘿蔔', '半根'),
(137, 4, '新豬肉', '半包'),
(138, 4, '豆皮', '四塊'),
(139, 4, '蛋', '三顆'),
(140, 4, '牛奶', '50ml'),
(141, 4, '鮮奶油', '40ml'),
(142, 4, '酥皮', '四塊'),
(143, 4, '嫩肩里肌筋膜及牛肉', '750克'),
(144, 4, '薑片', '3片'),
(145, 4, '蔥', '3支'),
(146, 4, '醬油', '150cc'),
(147, 4, '味醂', '150cc'),
(148, 4, '米酒', '150cc'),
(149, 4, '水', '600cc'),
(150, 4, '糖、鰹魚粉', '1/2大匙'),
(151, 5, '松阪豬肉', '250g(1片）'),
(152, 5, '香料鹽', '約1小匙'),
(153, 5, '黑胡椒', '適量'),
(154, 5, '米酒', '適量'),
(155, 5, '金針菇', '約1/2包'),
(156, 5, '鹽巴', '適量'),
(157, 5, '蒜頭', '9瓣'),
(158, 5, '無水奶油', '1/2大匙'),
(159, 5, '牛番茄', '1顆'),
(160, 5, '起司絲', '適量'),
(161, 5, '雞胸肉', '1付'),
(162, 5, '洋蔥粉', '1大匙'),
(163, 5, '青花菜', '半顆'),
(164, 5, '鴻禧菇', '1/2包'),
(165, 5, '玉米筍', '1盒'),
(166, 5, '巴薩米克醋', '適量'),
(167, 5, '煮熟好的飯2碗', ''),
(168, 5, '蝦仁', '12隻'),
(169, 5, '鹹鴨蛋蛋黃', '3顆'),
(170, 5, '雞蛋黃', '2顆'),
(171, 5, '蔥', '2支'),
(172, 5, '糖', '1/4小匙'),
(173, 5, '馬鈴薯', '約80g'),
(174, 5, '紅蘿蔔', '80g'),
(175, 5, '蘑菇', '5朵'),
(176, 5, '甜椒', '100g'),
(177, 5, '南瓜', '100g'),
(178, 5, '開水(或高湯)', '300g'),
(179, 5, '豆乳', '500g'),
(180, 5, '雞腿肉', '300g'),
(181, 5, '吐司', '適量'),
(182, 5, '橄欖油', '適量'),
(183, 5, '奶油', '適量'),
(184, 5, '蛋', '2顆'),
(185, 5, '豌豆苗', '適量'),
(186, 5, '蕃茄', '2顆'),
(187, 5, '洋蔥', '2顆'),
(188, 6, '薑', '3片'),
(189, 6, '蒜頭', '9瓣'),
(190, 6, '青蔥', '3根'),
(191, 6, '蝦子', '8隻(Costco)'),
(192, 6, '香油', '適量'),
(193, 6, '鹽巴', '適量'),
(194, 6, '糖', '適量'),
(195, 6, '白胡椒', '適量'),
(196, 6, '豆瓣醬', '0.5大匙'),
(197, 6, '醬油', '適量'),
(198, 6, '米酒', '適量'),
(199, 6, '番茄醬', '1大匙'),
(200, 6, '雞里肌', '300g'),
(201, 6, '黑胡椒', '適量'),
(202, 6, '檸檬汁', '約10ml'),
(203, 6, '蒜泥', '約3辦份量'),
(204, 6, '白飯', '一碗'),
(205, 6, '去骨雞腿排', '1片'),
(206, 6, '花椰菜', '半顆'),
(207, 6, '黃金泡菜', '40克'),
(208, 6, '味醂', '1.5大匙'),
(209, 6, '油麵', '300克'),
(210, 6, '羊肉火鍋肉片', '180克'),
(211, 6, '空心菜', '1大把'),
(212, 6, '水', '200cc'),
(213, 6, '小辣椒', '1根'),
(214, 6, '沙茶醬', '1.5大匙'),
(215, 6, '醬油膏', '1.5大匙'),
(216, 6, '烏醋', '1小匙'),
(217, 6, '玉米粉', '1小匙(可省)'),
(218, 6, '牛番茄', '2顆'),
(219, 6, '蛋', '3顆'),
(220, 7, '高麗菜', '100g'),
(221, 7, '雞蛋', '4顆'),
(222, 7, '玉米筍', '1盒'),
(223, 7, '青蔥', '15g'),
(224, 7, '牛肉', '160g'),
(225, 7, '白飯', '700g'),
(226, 7, '蒜頭', '8瓣'),
(227, 7, '剝皮辣椒', '50g(5-6根)'),
(228, 7, '醬油', '適量'),
(229, 7, '米酒', '適量'),
(230, 7, '白胡椒', '適量'),
(231, 7, '紅蘿蔔', '1根'),
(232, 7, '四季豆', '約5-6根'),
(233, 7, '鴻禧菇', '1包'),
(234, 7, '新豬肉', '半包'),
(235, 7, '洋蔥', '1顆'),
(236, 7, '蒜泥', '約2瓣份量'),
(237, 7, '韓式辣醬', '2大匙'),
(238, 7, '味醂', '1大匙'),
(239, 7, '糖', '1小匙'),
(240, 7, '巴薩米克醋', '適量'),
(241, 7, '馬鈴薯', '1顆'),
(242, 7, '鹽巴', '1/2小匙'),
(243, 7, '鮭魚', '200g'),
(244, 7, '蘑菇', '10朵'),
(245, 7, '日本甜蔥', '1根'),
(246, 7, '黑胡椒', '適量'),
(247, 7, '橄欖油', '適量'),
(248, 7, '絲瓜', '1/2條'),
(249, 7, '雞里肌', '300g'),
(250, 7, '紅蔥頭', '2瓣'),
(251, 7, '小番茄', '15顆'),
(252, 7, '雞胸', '300g'),
(253, 7, '鮪魚', '1罐'),
(254, 7, '義大利麵', '250g'),
(255, 7, '開水', '700g'),
(256, 7, '九層塔', '適量'),
(257, 7, '香料鹽', '適量'),
(258, 8, '雞里肌', '300g'),
(259, 8, '蝦子', '400g'),
(260, 8, '高麗菜', '250g'),
(261, 8, '洋蔥', '1/4顆'),
(262, 8, '鹽巴', '適量'),
(263, 8, '糖', '適量'),
(264, 8, '麻油', '適量'),
(265, 8, '白胡椒', '適量'),
(266, 8, '雞腿', '400g'),
(267, 8, '味噌', '1/2大匙'),
(268, 8, '豆瓣醬', '1/2大匙'),
(269, 8, '豆腐乳', '10g'),
(270, 8, '米酒', '2大匙'),
(271, 8, '黑胡椒', '適量'),
(272, 8, '蘑菇', '20顆'),
(273, 8, '甜菠菜', '一包'),
(274, 8, '雞蛋', '5顆'),
(275, 8, '起司絲', '適量'),
(276, 8, '鮭魚', '200g'),
(277, 8, '米飯', '350g'),
(278, 8, '紅蘿蔔', '30g'),
(279, 8, '青蔥', '1根'),
(280, 8, '玉米筍', '3根'),
(281, 8, '蒜頭', '6瓣'),
(282, 8, '無水奶油', '3大匙'),
(283, 8, '檸檬汁', '15g'),
(284, 8, '雞胸肉', '200g'),
(285, 8, '醬油', '適量'),
(286, 9, '梅花燒烤片', '200g'),
(287, 9, '高麗菜', '半顆'),
(288, 9, '米酒', '適量'),
(289, 9, '地瓜', '150g'),
(290, 9, '紅蘿蔔', '50g'),
(291, 9, '麵粉', '6大匙'),
(292, 9, '雞蛋', '3顆'),
(293, 9, '鹽巴', '適量'),
(294, 9, '黑胡椒', '適量'),
(295, 9, '巴薩米可醋', '1/2大匙'),
(296, 9, '醬油', '適量'),
(297, 9, '蜂蜜', '1大匙'),
(298, 9, '蒜泥', '1小匙'),
(299, 9, '冷凍讚岐烏龍麵', '1包'),
(300, 9, '大蔥', '1支'),
(301, 9, '火鍋牛肉片', '6-8片'),
(302, 9, '金針菇', '1/2包'),
(303, 9, '板豆腐', '1/2盒'),
(304, 9, '香菇', '3朵'),
(305, 9, '水', '500cc'),
(306, 9, '味醂', '1.5大匙'),
(307, 9, '鰹魚粉', '1/4小匙'),
(308, 9, '蛤蜊', '500g'),
(309, 9, '白米', '300g'),
(310, 9, '吻仔魚', '60g'),
(311, 9, '紅蔥頭', '30g'),
(312, 9, '蒜頭', '15g'),
(313, 9, '透抽', '1隻'),
(314, 9, '鴻禧菇', '1包'),
(315, 9, '毛豆', '適量'),
(316, 9, '梅花豬肉塊', '400g'),
(317, 9, '豬軟骨', '400g'),
(318, 9, '青蔥', '5根'),
(319, 9, '薑', '15片'),
(320, 9, '八角', '2顆'),
(321, 9, '豆腐乳', '5塊'),
(322, 10, '蝦子', '4隻'),
(323, 10, '透抽', '150g'),
(324, 10, '蛤蠣', '150g'),
(325, 10, '鴻禧菇', '1包'),
(326, 10, '薑', '5片'),
(327, 10, '青花菜', '適量'),
(328, 10, '青蔥', '8根'),
(329, 10, '雞高湯', '500g'),
(330, 10, '醬油膏', '1大匙'),
(331, 10, '醬油', '適量'),
(332, 10, '砂糖', '2小匙'),
(333, 10, '白胡椒', '適量'),
(334, 10, '太白粉', '適量'),
(335, 10, '雞蛋', '7顆'),
(336, 10, '紅蔥頭', '20g'),
(337, 10, '無糖豆漿', '150g'),
(338, 10, '原禾軒老母雞上湯', '500g'),
(339, 10, '開水', '500g'),
(340, 10, '雞腿', '400g'),
(341, 10, '細拉麵', '雙人份'),
(342, 10, '味噌', '1大匙'),
(343, 10, '日式醬油', '1大匙'),
(344, 10, '高麗菜', '適量'),
(345, 10, '玉米筍', '3-4根'),
(346, 10, '海苔', '數片'),
(347, 10, '糖心蛋', '2顆'),
(348, 10, '白芝麻', '適量'),
(349, 10, '馬鈴薯', '2顆'),
(350, 10, '紅蘿蔔', '半條'),
(351, 10, '杏鮑菇', '1根'),
(352, 10, '牛五花肉片', '1盒'),
(353, 10, '洋蔥', '1顆'),
(354, 10, '味霖', '1大匙'),
(355, 10, '鰹魚露', '2大匙'),
(356, 10, '米酒', '適量'),
(357, 10, '去骨雞腿排', '400克'),
(358, 10, '蒜頭', '4瓣'),
(359, 10, '小辣椒', '1/2根'),
(360, 10, '麵條', '麵條1份'),
(361, 10, '櫛瓜', '20g'),
(362, 10, '生豆包', '1塊'),
(363, 10, '腰果醬', '2大匙'),
(364, 10, '花椒油', '1大匙'),
(365, 10, '烏醋', '1大匙'),
(366, 10, '蒜泥', '1大匙');

--
-- 已傾印資料表的索引
--

--
-- 資料表索引 `feature_img`
--
ALTER TABLE `feature_img`
  ADD PRIMARY KEY (`id`);

--
-- 資料表索引 `feature_like`
--
ALTER TABLE `feature_like`
  ADD PRIMARY KEY (`id`);

--
-- 資料表索引 `feature_link`
--
ALTER TABLE `feature_link`
  ADD PRIMARY KEY (`id`);

--
-- 資料表索引 `feature_list`
--
ALTER TABLE `feature_list`
  ADD PRIMARY KEY (`id`);

--
-- 資料表索引 `feature_prep`
--
ALTER TABLE `feature_prep`
  ADD PRIMARY KEY (`id`);

--
-- 資料表索引 `feature_save`
--
ALTER TABLE `feature_save`
  ADD PRIMARY KEY (`id`);

--
-- 資料表索引 `feature_step`
--
ALTER TABLE `feature_step`
  ADD PRIMARY KEY (`id`);

--
-- 資料表索引 `feature_view`
--
ALTER TABLE `feature_view`
  ADD PRIMARY KEY (`id`);

--
-- 資料表索引 `feature_week`
--
ALTER TABLE `feature_week`
  ADD PRIMARY KEY (`id`);

--
-- 資料表索引 `feature_weeklist`
--
ALTER TABLE `feature_weeklist`
  ADD PRIMARY KEY (`id`);

--
-- 資料表索引 `feature_weekprep`
--
ALTER TABLE `feature_weekprep`
  ADD PRIMARY KEY (`id`);

--
-- 在傾印的資料表使用自動遞增(AUTO_INCREMENT)
--

--
-- 使用資料表自動遞增(AUTO_INCREMENT) `feature_img`
--
ALTER TABLE `feature_img`
  MODIFY `id` int(10) UNSIGNED NOT NULL AUTO_INCREMENT, AUTO_INCREMENT=227;

--
-- 使用資料表自動遞增(AUTO_INCREMENT) `feature_like`
--
ALTER TABLE `feature_like`
  MODIFY `id` int(10) UNSIGNED NOT NULL AUTO_INCREMENT, AUTO_INCREMENT=11;

--
-- 使用資料表自動遞增(AUTO_INCREMENT) `feature_link`
--
ALTER TABLE `feature_link`
  MODIFY `id` int(10) UNSIGNED NOT NULL AUTO_INCREMENT, AUTO_INCREMENT=5;

--
-- 使用資料表自動遞增(AUTO_INCREMENT) `feature_list`
--
ALTER TABLE `feature_list`
  MODIFY `id` int(10) UNSIGNED NOT NULL AUTO_INCREMENT, AUTO_INCREMENT=66;

--
-- 使用資料表自動遞增(AUTO_INCREMENT) `feature_prep`
--
ALTER TABLE `feature_prep`
  MODIFY `id` int(10) UNSIGNED NOT NULL AUTO_INCREMENT, AUTO_INCREMENT=612;

--
-- 使用資料表自動遞增(AUTO_INCREMENT) `feature_save`
--
ALTER TABLE `feature_save`
  MODIFY `id` int(10) UNSIGNED NOT NULL AUTO_INCREMENT, AUTO_INCREMENT=24;

--
-- 使用資料表自動遞增(AUTO_INCREMENT) `feature_step`
--
ALTER TABLE `feature_step`
  MODIFY `id` int(10) UNSIGNED NOT NULL AUTO_INCREMENT, AUTO_INCREMENT=392;

--
-- 使用資料表自動遞增(AUTO_INCREMENT) `feature_view`
--
ALTER TABLE `feature_view`
  MODIFY `id` int(10) UNSIGNED NOT NULL AUTO_INCREMENT, AUTO_INCREMENT=5;

--
-- 使用資料表自動遞增(AUTO_INCREMENT) `feature_week`
--
ALTER TABLE `feature_week`
  MODIFY `id` int(11) NOT NULL AUTO_INCREMENT, AUTO_INCREMENT=61;

--
-- 使用資料表自動遞增(AUTO_INCREMENT) `feature_weeklist`
--
ALTER TABLE `feature_weeklist`
  MODIFY `id` int(10) UNSIGNED NOT NULL AUTO_INCREMENT, AUTO_INCREMENT=55;

--
-- 使用資料表自動遞增(AUTO_INCREMENT) `feature_weekprep`
--
ALTER TABLE `feature_weekprep`
  MODIFY `id` int(10) UNSIGNED NOT NULL AUTO_INCREMENT, AUTO_INCREMENT=367;
COMMIT;

/*!40101 SET CHARACTER_SET_CLIENT=@OLD_CHARACTER_SET_CLIENT */;
/*!40101 SET CHARACTER_SET_RESULTS=@OLD_CHARACTER_SET_RESULTS */;
/*!40101 SET COLLATION_CONNECTION=@OLD_COLLATION_CONNECTION */;
